ruc_norm,razon_social,ciiu_norm,actividad,segmento,foco_alto_valor,provincia,cant_empleados,activo_total,patrimonio,pasivo_total,ventas_netas,utilidad_operativa,utilidad_neta,anio
3215,NIRSA S.A.,G4630,"G4630.33 - VENTA AL POR MAYOR DE PESCADO, CRUSTÁCEOS, MOLUSCOS Y PRODUCTOS DE LA PESCA.",comercio_mayorista,FALSE,GUAYAS,7056,511293948.67,144757836.15,366536112.52,553504744.91,29706353.69,21307724.46,2024
128168,DINADEC S.A.,G4630,"G4630.95 - VENTA AL POR MAYOR DE BEBIDAS ALCOHÓLICAS, INCLUSO EL ENVASADO DE VINO A GRANEL SIN TRANSFORMACIÓN.",comercio_mayorista,FALSE,GUAYAS,1200,421490859.07,69739055.08,351751803.99,1096000383.66,0,37749884.15,2024
9134,REYBANPAC REY BANANO DEL PACIFICO C.L.,A0122,A0122.01 - CULTIVO DE BANANOS Y PLÁTANOS.,cultivo_fruticola,FALSE,GUAYAS,6117,417028570.46,315494464.12,101534106.33999997,297974689.27,17786001.82,13488526.57,2024
166413,BEBIDAS ARCACONTINENTAL ECUADOR ARCADOR S.A.,G4630,"G4630.94 - VENTA AL POR MAYOR DE BEBIDAS NO ALCOHÓLICAS (JUGOS, GASEOSAS, AGUA MINERAL, ETCÉTERA).",comercio_mayorista,FALSE,PICHINCHA,1231,202551678.89,125075962.65,77475716.23999998,260100991.01,0,15317671.83,2024
48145,CORPORACION SUPERIOR CORSUPERIOR S.A.,G4630,G4630.93 - VENTA AL POR MAYOR DE PRODUCTOS DE PANADERÍA Y REPOSTERÍA.,comercio_mayorista,FALSE,PICHINCHA,1536,179082016.87,99139104.91,79942911.96000001,200150169.37,0,23583849.93,2024
872,MODERNA ALIMENTOS S.A.,G4630,"G4630.95 - VENTA AL POR MAYOR DE BEBIDAS ALCOHÓLICAS, INCLUSO EL ENVASADO DE VINO A GRANEL SIN TRANSFORMACIÓN.",comercio_mayorista,FALSE,PICHINCHA,790,126202409.64,55045281.91,71157127.73,182762143.92,12280233.31,8304059.18,2024
71761,SEMVRA-VECONSA S.A.,C1030,"C1030.12 - CONSERVACIÓN DE FRUTAS, PULPA DE FRUTAS, LEGUMBRES Y HORTALIZAS MEDIANTE EL CONGELADO, SECADO, DESHIDRATADO, INMERSIÓN EN ACEITE O VINAGRE, ENLATADO, ETCÉTERA.",procesamiento,FALSE,GUAYAS,924,110538746.57,26659474.9,83879271.66999999,73990712.71,512974.07,401281.75,2024
716718,ECUADOR KAKAO PROCESSING PROECUAKAO S.A.,C1073,"C1073.11 - ELABORACIÓN DE CACAO, MANTECA, GRASA Y ACEITE DE CACAO.",procesamiento,FALSE,GUAYAS,208,108935737.55,14613604.42,94322133.13,219972680.18,-15178470.09,-12126973.12,2024
7293,PALMERAS DEL ECUADOR SA,A0125,"A0125.04 - CULTIVOS DE NUECES COMESTIBLES: ALMENDRAS, ANACARDOS, CASTAÑAS, AVELLANAS, PISTACHOS, NUECES DE NOGAL Y OTRAS NUECES.",cultivo_fruticola,FALSE,PICHINCHA,1662,104727369.91,74853975,29873394.909999996,65177434.87,12998544.9,6006048.85,2024
120585,UNIVERSAL SWEET INDUSTRIES S.A.,C1030,"C1030.14 - FABRICACIÓN DE PRODUCTOS ALIMENTICIOS A PARTIR DE (UN SOLO COMPONENTE) FRUTAS, LEGUMBRES Y HORTALIZAS; INCLUSO SNACKS DE PLÁTANO (CHIFLES), YUCA, FRUTAS, ETCÉTERA, EXCEPTO PAPA.",procesamiento,FALSE,GUAYAS,398,103777539.03,33622847.01,70154692.02000001,58383035.44,62548.88,-732566.03,2024
4886,COMPANIA AGRICOLA LA JULIA S. A. ( CALAJUSA ),A0122,A0122.01 - CULTIVO DE BANANOS Y PLÁTANOS.,cultivo_fruticola,FALSE,GUAYAS,1974,101149790.94,6267510.44,94882280.5,31375130.16,0,-2266123.04,2024
95597,ENERGY & PALMA ENERGYPALMA S.A.,A0126,A0126.01 - CULTIVO DE PALMAS DE ACEITE (PALMA AFRICANA).,cultivo_fruticola,FALSE,MANABI,1505,98069276.15,51258720.22,46810555.93000001,48555912.16,1266320.51,657245.31,2024
105773,EXPORTQUILSA & PRODUCTORES ASOCIADOS S.A.,G4630,"G4630.33 - VENTA AL POR MAYOR DE PESCADO, CRUSTÁCEOS, MOLUSCOS Y PRODUCTOS DE LA PESCA.",comercio_mayorista,FALSE,GUAYAS,2009,97624906.15,21187519.42,76437386.73,218452047.3,3576282.78,3077249.78,2024
156811,MEGA SANTAMARIA S.A.,G4630,"G4630.95 - VENTA AL POR MAYOR DE BEBIDAS ALCOHÓLICAS, INCLUSO EL ENVASADO DE VINO A GRANEL SIN TRANSFORMACIÓN.",comercio_mayorista,FALSE,PICHINCHA,1450,94382669.67,52097025.04,42285644.63,237964565.18,4367660.84,2823643.67,2024
3311,UNION DE BANANEROS ECUATORIANOS SA UBESA,G4630,G4630.11 - VENTA AL POR MAYOR DE BANANO Y PLÁTANO.,comercio_mayorista,FALSE,GUAYAS,77,92957924.99,44047715.31,48910209.67999999,514066137.2,17024730.7,12928347.98,2024
183115,CARGILL DEL ECUADOR CARGILLECUADOR CIA.LTDA.,G4630,"G4630.14 - VENTA AL POR MAYOR DE CAFÉ, CACAO, TE Y ESPECIAS.",comercio_mayorista,FALSE,GUAYAS,69,87947366,3658220,84289146,215581550,-5016274,-4606798,2024
147900,RUFORCORP S.A.,G4620,G4620.12 - VENTA AL POR MAYOR DE FRUTOS Y SEMILLAS OLEAGINOSAS.,comercio_mayorista,FALSE,LOS RIOS,1323,83671987.9,18240004.43,65431983.470000006,22034936.83,85651.72,-165973.16,2024
102796,AJECUADOR S.A.,G4630,"G4630.94 - VENTA AL POR MAYOR DE BEBIDAS NO ALCOHÓLICAS (JUGOS, GASEOSAS, AGUA MINERAL, ETCÉTERA).",comercio_mayorista,FALSE,GUAYAS,995,79479459.59,27254126.86,52225332.730000004,176763594.69,11414134.55,8627189.81,2024
133367,HAUTES S.A.,G4630,"G4630.33 - VENTA AL POR MAYOR DE PESCADO, CRUSTÁCEOS, MOLUSCOS Y PRODUCTOS DE LA PESCA.",comercio_mayorista,FALSE,GUAYAS,4,79323080.67,65944560.4,13378520.270000003,1865312.22,0,-192219.67,2024
43044,DISTRIBUIDORA IMPORTADORA DIPOR S.A.,G4630,G4630.99 - VENTA AL POR MAYOR DE OTROS PRODUCTOS COMESTIBLES (ENLATADOS Y CONSERVAS).,comercio_mayorista,FALSE,GUAYAS,2329,79291475.29,11706211.31,67585263.98,310180657.27,-3796508.1,-3239107.05,2024
46427,PROVEFRUT S.A.,C1030,"C1030.12 - CONSERVACIÓN DE FRUTAS, PULPA DE FRUTAS, LEGUMBRES Y HORTALIZAS MEDIANTE EL CONGELADO, SECADO, DESHIDRATADO, INMERSIÓN EN ACEITE O VINAGRE, ENLATADO, ETCÉTERA.",procesamiento,FALSE,COTOPAXI,947,78920587.46,57848857.92,21071729.53999999,114346523.31,7847504.89,6441719.12,2024
101314,ORODELTI S.A.,A0122,A0122.01 - CULTIVO DE BANANOS Y PLÁTANOS.,cultivo_fruticola,FALSE,GUAYAS,3165,76905379.41,32684044.25,44221335.16,98607771.1,6322392.91,5310031.98,2024
1849,FERRERO DEL ECUADOR S.A.,C1073,"C1073.21 - ELABORACIÓN DE PRODUCTOS DE CONFITERÍA: CARAMELOS, TURRÓN, GRAGEAS Y PASTILLAS DE CONFITERÍA, GOMA DE MASCAR (CHICLES), CONFITES BLANDOS, CONFITERÍA A BASE DE CHOCOLATE Y CHOCOLATE BLANCO, ETCÉTERA.",procesamiento,FALSE,PICHINCHA,326,73970295.22,55237363.32,18732931.9,72194338.39,9885418.82,6293880.55,2024
147750,ACQUASPLENDOR S.A.,G4630,"G4630.94 - VENTA AL POR MAYOR DE BEBIDAS NO ALCOHÓLICAS (JUGOS, GASEOSAS, AGUA MINERAL, ETCÉTERA).",comercio_mayorista,FALSE,PICHINCHA,159,67707187,-15307051,83014238,10888190,0,-3698467,2024
145255,SABROSTAR FRUIT COMPANY S.A.,G4630,G4630.11 - VENTA AL POR MAYOR DE BANANO Y PLÁTANO.,comercio_mayorista,FALSE,GUAYAS,128,67512376.73,8572728.43,58939648.300000004,79934654.23,2211194.86,1234368.14,2024
12489,PEPSICO ALIMENTOS ECUADOR CIA. LTDA.,G4630,G4630.99 - VENTA AL POR MAYOR DE OTROS PRODUCTOS COMESTIBLES (ENLATADOS Y CONSERVAS).,comercio_mayorista,FALSE,PICHINCHA,475,65836661.35,44331015.51,21505645.840000004,70203480.8,6774562.47,4144574.05,2024
148781,AGROINDUSTRIAS ARRIBA DEL ECUADOR AGROARRIBA S.A.,G4630,"G4630.14 - VENTA AL POR MAYOR DE CAFÉ, CACAO, TE Y ESPECIAS.",comercio_mayorista,FALSE,GUAYAS,84,59929665,14165813,45763852,335689733,16532552,12874236,2024
67697,SODERAL SOCIEDAD DE DESTILACION DE ALCOHOLES S.A.,G4630,"G4630.95 - VENTA AL POR MAYOR DE BEBIDAS ALCOHÓLICAS, INCLUSO EL ENVASADO DE VINO A GRANEL SIN TRANSFORMACIÓN.",comercio_mayorista,FALSE,GUAYAS,96,59239518.63,29586874.34,29652644.290000003,36204263.33,2094636.71,1430923.97,2024
82137,FRUSHI S.A.,A0122,A0122.02 - CULTIVO DE MANGOS.,cultivo_fruticola,FALSE,GUAYAS,4,58074013.5,21805467.35,36268546.15,850860.49,0,605130.61,2024
131752,BARRY CALLEBAUT ECUADOR S. A.,G4630,"G4630.14 - VENTA AL POR MAYOR DE CAFÉ, CACAO, TE Y ESPECIAS.",comercio_mayorista,FALSE,GUAYAS,172,58026706.04,23103994.22,34922711.82,555289378.21,1330958.33,1294702.42,2024
1833,PALMERAS DE LOS ANDES SA,A0126,A0126.01 - CULTIVO DE PALMAS DE ACEITE (PALMA AFRICANA).,cultivo_fruticola,FALSE,PICHINCHA,843,55110948.16,35763560.68,19347387.479999997,33400719.16,451562.79,177326.39,2024
62743,ECO-KAKAO S.A.,G4630,"G4630.14 - VENTA AL POR MAYOR DE CAFÉ, CACAO, TE Y ESPECIAS.",comercio_mayorista,FALSE,GUAYAS,84,51231009.23,12212393.57,39018615.66,346178956.84,11954467.67,9210032.43,2024
310750,FLORAFOOD ECUADOR CIA.LTDA.,G4630,G4630.93 - VENTA AL POR MAYOR DE PRODUCTOS DE PANADERÍA Y REPOSTERÍA.,comercio_mayorista,FALSE,GUAYAS,26,50252572,32744002,17508570,23679865,-1436465,-1853391,2024
752801,PALMERAS DE LOS ANDES QUININDÉ PDQ S.A.,A0126,A0126.01 - CULTIVO DE PALMAS DE ACEITE (PALMA AFRICANA).,cultivo_fruticola,FALSE,PICHINCHA,334,50205452.38,14874130.24,35331322.14,9197614.04,-2173004.02,-1048895.98,2024
9631,INDUSTRIAL BANANERA ALAMOS SA,A0122,A0122.02 - CULTIVO DE MANGOS.,cultivo_fruticola,FALSE,GUAYAS,750,48874090.62,5625943.19,43248147.43,21648499.8,0,-952472.94,2024
25473,PRODUCTORES BANANEROS Y EXPORTADORES PROBANAEXPOR C LTDA,G4630,G4630.11 - VENTA AL POR MAYOR DE BANANO Y PLÁTANO.,comercio_mayorista,FALSE,EL ORO,31,47794946.45,26145360.65,21649585.800000004,15882085.05,761985.85,495205.95,2024
29487,EXP. E IMP. MANOBAL C. LTDA.,A0122,A0122.01 - CULTIVO DE BANANOS Y PLÁTANOS.,cultivo_fruticola,FALSE,LOS RIOS,696,45845411.77,14644004.97,31201406.800000004,47987296.37,1130236.21,533525.25,2024
9031,ECUAJUGOS SA,C1030,"C1030.15 - ELABORACIÓN DE JUGOS (ZUMOS), NÉCTARES, CONCENTRADOS DE FRUTA FRESCA Y HORTALIZAS.",procesamiento,FALSE,PICHINCHA,288,44579696,8534425,36045271,73672020,1923626,926103,2024
63,CONFITECA C.A.,C1073,"C1073.21 - ELABORACIÓN DE PRODUCTOS DE CONFITERÍA: CARAMELOS, TURRÓN, GRAGEAS Y PASTILLAS DE CONFITERÍA, GOMA DE MASCAR (CHICLES), CONFITES BLANDOS, CONFITERÍA A BASE DE CHOCOLATE Y CHOCOLATE BLANCO, ETCÉTERA.",procesamiento,FALSE,PICHINCHA,468,43623558.52,25442214.73,18181343.790000003,49335554.78,4285560.52,3003270.32,2024
121435,FRUTADELI S.A.,G4630,G4630.11 - VENTA AL POR MAYOR DE BANANO Y PLÁTANO.,comercio_mayorista,FALSE,GUAYAS,67,41794817.67,3369596.37,38425221.300000004,174083966.29,1515318.68,227062.29,2024
162766,ASERTIA COMERCIAL S.A.,G4630,"G4630.12 - VENTA AL POR MAYOR DE FRUTAS, LEGUMBRES Y HORTALIZAS.",comercio_mayorista,FALSE,PICHINCHA,351,41342349.49,9837781.87,31504567.620000005,87922233.31,0,144911.93,2024
90332,SOCIEDAD INDUSTRIAL GANADERA ELORDEÑO S.A.,G4630,"G4630.21 - VENTA AL POR MAYOR DE PRODUCTOS LÁCTEOS, INCLUIDO HELADOS, BOLOS, ETCÉTERA.",comercio_mayorista,FALSE,PICHINCHA,85,38589058.33,11804194.11,26784864.22,46798961.34,533794.33,243306.42,2024
700993,SUMIFRU ECUADOR S.A.,A0122,A0122.01 - CULTIVO DE BANANOS Y PLÁTANOS.,cultivo_fruticola,FALSE,GUAYAS,417,37584783.88,1556627.36,36028156.52,36170980.48,0,-4214926.53,2024
38212,DIANA-FOOD ECUADOR S.A.,C1030,"C1030.16 - ELABORACIÓN DE COMPOTAS, MERMELADAS Y JALEAS, PURÉS Y OTRAS CONFITURAS DE FRUTAS O FRUTOS SECOS.",procesamiento,FALSE,EL ORO,325,35202494.5,3502356.75,31700137.75,238910.42,0,-1921317.62,2024
47680,I.A.E. INDUSTRIA AGRICOLA EXPORTADORA INAEXPO C.A.,G4630,G4630.99 - VENTA AL POR MAYOR DE OTROS PRODUCTOS COMESTIBLES (ENLATADOS Y CONSERVAS).,comercio_mayorista,FALSE,PICHINCHA,527,34915885.51,25953314.4,8962571.11,41856984.03,3206724.71,2284442.14,2024
134884,REPUBLICNEG S.A.S.,A0122,A0122.01 - CULTIVO DE BANANOS Y PLÁTANOS.,cultivo_fruticola,FALSE,GUAYAS,887,33965853.13,11000483.86,22965369.270000003,29304209.68,1840581.42,1359744.01,2024
49122,ECOFROZ S.A.,C1030,"C1030.11 - ELABORACIÓN DE ALIMENTOS COMPUESTOS (MEZCLA) PRINCIPALMENTE DE FRUTAS LEGUMBRES U HORTALIZAS, EXCEPTO PLATOS PREPARADOS EN FORMA CONGELADA O ENLATADA LISTOS PARA CONSUMIR.",procesamiento,FALSE,PICHINCHA,1073,33185454.78,19618477.07,13566977.71,48693792.23,375129.72,274742.56,2024
170746,CULTIVO Y EXPORTACION ACUICOLA CEAEXPORT S.A.,G4630,G4630.32 - VENTA AL POR MAYOR DE CAMARÓN Y LANGOSTINOS.,comercio_mayorista,FALSE,GUAYAS,504,32012965.48,6207382.76,25805582.72,117252048.57,943067.55,675755.41,2024
712518,AGRICOLA JARAMILLO JARAGRI S.A.,A0122,A0122.01 - CULTIVO DE BANANOS Y PLÁTANOS.,cultivo_fruticola,FALSE,LOS RIOS,187,31371817.91,1861109.98,29510707.93,9650365.22,586594.11,495804.93,2024
2295,EMPACADORA CRUSTAMAR S.A. ''EMPACRUSA'',G4630,G4630.32 - VENTA AL POR MAYOR DE CAMARÓN Y LANGOSTINOS.,comercio_mayorista,FALSE,GUAYAS,394,31159956.4,2698279.01,28461677.39,56129728.44,-289811.22,-731551.43,2024
68964,BANANA LIGHT (BANALIGHT) C.A.,C1030,"C1030.16 - ELABORACIÓN DE COMPOTAS, MERMELADAS Y JALEAS, PURÉS Y OTRAS CONFITURAS DE FRUTAS O FRUTOS SECOS.",procesamiento,FALSE,GUAYAS,292,30674364.85,20415103.37,10259261.48,20668174.05,1480676.25,1079047.27,2024
3861,COMPANIA AGRICOLA GANADERA SA,G4630,G4630.11 - VENTA AL POR MAYOR DE BANANO Y PLÁTANO.,comercio_mayorista,FALSE,GUAYAS,95,30390089.55,8370830.23,22019259.32,11711478.19,0,-405073.57,2024
9417,BANANERA LAS MERCEDES SA,A0122,A0122.01 - CULTIVO DE BANANOS Y PLÁTANOS.,cultivo_fruticola,FALSE,GUAYAS,588,29646242.78,2478196.77,27168046.01,14123963.01,0,-1031920.12,2024
160309,FORESTAL FORESVERGEL S.A.S.,G4620,G4620.15 - VENTA AL POR MAYOR DE FLORES Y PLANTAS.,comercio_mayorista,FALSE,PICHINCHA,2,29135051.72,28026983.21,1108068.509999998,2711123.21,-287024.47,-465762.25,2024
5768,INDUSTRIAL Y AGRICOLA CAÑAS C.A.,A0122,A0122.01 - CULTIVO DE BANANOS Y PLÁTANOS.,cultivo_fruticola,FALSE,GUAYAS,591,28913991.03,24120618.8,4793372.23,19448510.62,773297.96,609180.96,2024
63801,MIDAJA S. A.,A0122,A0122.01 - CULTIVO DE BANANOS Y PLÁTANOS.,cultivo_fruticola,FALSE,GUAYAS,371,28725635.87,10712902.07,18012733.8,14902881.82,1988712.84,1644056.41,2024
113104,AGZULASA CIA. LTDA.,A0122,A0122.01 - CULTIVO DE BANANOS Y PLÁTANOS.,cultivo_fruticola,FALSE,GUAYAS,634,27873773.03,3784234.47,24089538.560000002,122074364.12,2296846.34,1117667.78,2024
70440,QUIMANSERVI S.A.,G4630,G4630.32 - VENTA AL POR MAYOR DE CAMARÓN Y LANGOSTINOS.,comercio_mayorista,FALSE,GUAYAS,3,27314226.23,27283571.05,30655.179999999702,75042.49,-60942.78,-60942.78,2024
122653,TROPICALFRUIT EXPORT S.A.,G4630,G4630.11 - VENTA AL POR MAYOR DE BANANO Y PLÁTANO.,comercio_mayorista,FALSE,GUAYAS,5,27105254.76,7666567.35,19438687.410000004,91293459.4,1813388.38,1041948.67,2024
31332,"GENEROS ECUATORIANOS, ECUAGENERA CIA. LTDA.",G4620,G4620.15 - VENTA AL POR MAYOR DE FLORES Y PLANTAS.,comercio_mayorista,FALSE,AZUAY,187,26845910.76,22866915.84,3978994.920000002,7999935.1,0,2298650.23,2024
725323,REGINABANANERA S.A.,A0122,A0122.01 - CULTIVO DE BANANOS Y PLÁTANOS.,cultivo_fruticola,FALSE,GUAYAS,379,26820852.16,1233257.78,25587594.38,10399654.12,0,-2149103.04,2024
164853,CONORQUE CIA. LTDA.,G4630,"G4630.14 - VENTA AL POR MAYOR DE CAFÉ, CACAO, TE Y ESPECIAS.",comercio_mayorista,FALSE,AZUAY,292,26389656.06,5518601.14,20871054.919999998,74838391.89,795402.03,940988.91,2024
66912,CHIQUITA BANANA ECUADOR CBBRANDS S.A.,A0122,A0122.01 - CULTIVO DE BANANOS Y PLÁTANOS.,cultivo_fruticola,FALSE,GUAYAS,224,25981400.03,23795804.72,2185595.3100000024,9917507.85,-629100.97,-810142.45,2024
153454,TERRAFERTIL S.A.,G4630,G4630.11 - VENTA AL POR MAYOR DE BANANO Y PLÁTANO.,comercio_mayorista,FALSE,PICHINCHA,263,25967148.53,16656684.2,9310464.330000002,32560135.96,0,753869.11,2024
4863,COMPANIA AGRICOLA LOMA LARGA SOCIEDAD ANONIMA,A0122,A0122.01 - CULTIVO DE BANANOS Y PLÁTANOS.,cultivo_fruticola,FALSE,GUAYAS,632,25650522.78,3471039.97,22179482.810000002,12164266.24,0,-171243.24,2024
22,AGENCIAS Y REPRESENTACIONES CORDOVEZ SA,G4630,"G4630.95 - VENTA AL POR MAYOR DE BEBIDAS ALCOHÓLICAS, INCLUSO EL ENVASADO DE VINO A GRANEL SIN TRANSFORMACIÓN.",comercio_mayorista,FALSE,PICHINCHA,4,25627194.42,9896961.96,15730232.46,17702994.38,517179.86,316925.9,2024
6164,CORPORACION ECUATORIANA DE LICORES Y ALIMENTOS SA CELYASA,G4630,"G4630.95 - VENTA AL POR MAYOR DE BEBIDAS ALCOHÓLICAS, INCLUSO EL ENVASADO DE VINO A GRANEL SIN TRANSFORMACIÓN.",comercio_mayorista,FALSE,AZUAY,264,25338677.36,513521.07,24825156.29,42474223.04,282726.91,164396.96,2024
202156,SIDNEY EXPORT S. A.,A0122,A0122.01 - CULTIVO DE BANANOS Y PLÁTANOS.,cultivo_fruticola,FALSE,GUAYAS,42,24937243.16,144.52,24937098.64,2162891.86,-18377.93,-54240.78,2024
31325,JACOME & ORTIZ DE COMERCIO CIA. LTDA.,G4630,G4630.23 - VENTA AL POR MAYOR DE ACEITES Y GRASAS COMESTIBLES DE ORIGEN ANIMAL O VEGETAL.,comercio_mayorista,FALSE,AZUAY,34,24928100.47,5240756.71,19687343.759999998,5836504.99,352774.21,352774.21,2024
182350,FRUGALP AGRICOLA EXPORTADORA G-P CIA.LTDA.,A0122,A0122.04 - CULTIVO DE PIÑAS.,cultivo_fruticola,FALSE,SANTO DOMINGO DE LOS TSACHILAS,584,24873372.5,17516706.12,7356666.379999999,24516650.46,3386250.5,2923174.71,2024
706714,MARS LA CHOLA (MLCH) C.L.,A0127,A0127.02 - CULTIVO DE CACAO.,cultivo_fruticola,FALSE,GUAYAS,194,24839744.12,22080759,2758985.120000001,8011441.52,-3022007,-3022007,2024
99821,BRESSON S.A.,A0122,A0122.02 - CULTIVO DE MANGOS.,cultivo_fruticola,FALSE,GUAYAS,383,24714761.43,3572482.35,21142279.08,14356054.6,0,-11413.68,2024
82613,ZANPOTI S.A.,A0122,A0122.01 - CULTIVO DE BANANOS Y PLÁTANOS.,cultivo_fruticola,FALSE,GUAYAS,806,24066925.49,18492483.44,5574442.049999997,18261232.16,443097.5,198672.9,2024
56981,QUICORNAC S.A.,C1030,"C1030.15 - ELABORACIÓN DE JUGOS (ZUMOS), NÉCTARES, CONCENTRADOS DE FRUTA FRESCA Y HORTALIZAS.",procesamiento,FALSE,GUAYAS,228,23748016.4,19926550.42,3821465.9799999967,26572912.93,229412.2,195138.04,2024
60000,"SANCAMILO S.A., COMERCIALIZADORA DE GRANOS",G4620,G4620.11 - VENTA AL POR MAYOR DE CEREALES (GRANOS) Y SEMILLAS.,comercio_mayorista,FALSE,GUAYAS,106,23502957.77,1416037.22,22086920.55,61894665.36,255090,141486.53,2024
59990,FRIGOLANDIA S.A.,G4630,"G4630.33 - VENTA AL POR MAYOR DE PESCADO, CRUSTÁCEOS, MOLUSCOS Y PRODUCTOS DE LA PESCA.",comercio_mayorista,FALSE,GUAYAS,344,22808906.95,14834979.87,7973927.08,125586726.79,4315720.08,3318628.52,2024
97067,TECNIAGREX S.A.,G4630,G4630.11 - VENTA AL POR MAYOR DE BANANO Y PLÁTANO.,comercio_mayorista,FALSE,EL ORO,342,22552904.65,10793116.26,11759788.389999999,34548047.47,919338.96,660400.17,2024
86184,PALMAR DE LOS ESTEROS EMA S.A. PALESEMA,A0126,A0126.01 - CULTIVO DE PALMAS DE ACEITE (PALMA AFRICANA).,cultivo_fruticola,FALSE,ESMERALDAS,715,22051440.31,18677328.17,3374112.139999997,16198731.07,1999540.77,1459423.4,2024
715351,DEROSE S.A.,A0122,A0122.01 - CULTIVO DE BANANOS Y PLÁTANOS.,cultivo_fruticola,FALSE,GUAYAS,4,21748714.56,6490258.88,15258455.68,15069313.74,0,-3377449.22,2024
715925,AGROSIGAL S.A.,A0122,A0122.01 - CULTIVO DE BANANOS Y PLÁTANOS.,cultivo_fruticola,FALSE,GUAYAS,129,21583016.74,2025630.54,19557386.2,8777199.01,1666128.99,1666128.99,2024
128315,PONGARBEL S.A.,A0122,A0122.01 - CULTIVO DE BANANOS Y PLÁTANOS.,cultivo_fruticola,FALSE,LOS RIOS,5,21242026.64,6351289.84,14890736.8,46494530.53,509529.66,202814.05,2024
135544,DIXIMANT S.A.,A0122,A0122.01 - CULTIVO DE BANANOS Y PLÁTANOS.,cultivo_fruticola,FALSE,GUAYAS,333,21053018.2,9270072.98,11782945.219999999,12865268.35,244424.66,115308.32,2024
112021,ARQUEOL S.A.,A0122,A0122.01 - CULTIVO DE BANANOS Y PLÁTANOS.,cultivo_fruticola,FALSE,GUAYAS,370,20458562.16,11596568.92,8861993.24,13632193.73,0,219536.25,2024
64789,DELIBANANA S. A.,G4630,G4630.11 - VENTA AL POR MAYOR DE BANANO Y PLÁTANO.,comercio_mayorista,FALSE,EL ORO,170,20428557.76,3933900.22,16494657.540000001,4440432.32,1023735.34,965547.74,2024
62062,ADMECUADOR CIA. LTDA.,G4630,"G4630.14 - VENTA AL POR MAYOR DE CAFÉ, CACAO, TE Y ESPECIAS.",comercio_mayorista,FALSE,GUAYAS,5,20358323.42,2236184.12,18122139.3,40107581.35,683675.35,495769.34,2024
744404,PROFAND ECUADOR S.A.S.,G4630,G4630.32 - VENTA AL POR MAYOR DE CAMARÓN Y LANGOSTINOS.,comercio_mayorista,FALSE,GUAYAS,2,20311357.42,1403667.92,18907689.5,43866.85,0,-6255078.14,2024
165288,BANAROYAL S.A.,G4630,"G4630.12 - VENTA AL POR MAYOR DE FRUTAS, LEGUMBRES Y HORTALIZAS.",comercio_mayorista,FALSE,GUAYAS,478,20187482.46,18654941.74,1532540.7200000025,10231706.5,261983.62,148156.17,2024
102441,MEGABANANA S.A.,A0122,A0122.01 - CULTIVO DE BANANOS Y PLÁTANOS.,cultivo_fruticola,FALSE,GUAYAS,602,20053553.03,15522117.74,4531435.290000001,14575802.6,369277.88,200873.09,2024
43850,AGRIMONT SA,A0122,A0122.01 - CULTIVO DE BANANOS Y PLÁTANOS.,cultivo_fruticola,FALSE,GUAYAS,169,19798917.95,570845.79,19228072.16,4384196.39,0,-238511.41,2024
38771,COMPAÑIA SUPERMAG S.A.,G4630,G4630.99 - VENTA AL POR MAYOR DE OTROS PRODUCTOS COMESTIBLES (ENLATADOS Y CONSERVAS).,comercio_mayorista,FALSE,EL ORO,70,19688859.2,3986884.97,15701974.229999999,4916340.91,987688.26,802566.49,2024
156295,VINOS Y ESPIRITUOSOS VINESA S.A.,G4630,"G4630.95 - VENTA AL POR MAYOR DE BEBIDAS ALCOHÓLICAS, INCLUSO EL ENVASADO DE VINO A GRANEL SIN TRANSFORMACIÓN.",comercio_mayorista,FALSE,PICHINCHA,96,19334802.34,5756848.08,13577954.26,22750714.5,-399537.66,-446366.59,2024
107224,SEMVRA-ECUADOR S.A.,G4630,"G4630.94 - VENTA AL POR MAYOR DE BEBIDAS NO ALCOHÓLICAS (JUGOS, GASEOSAS, AGUA MINERAL, ETCÉTERA).",comercio_mayorista,FALSE,GUAYAS,88,19280087.81,338533.29,18941554.52,30062488.94,-8411.77,-19469.09,2024
59388,EXPORTACIONES DUREXPORTA S.A.,A0122,A0122.02 - CULTIVO DE MANGOS.,cultivo_fruticola,FALSE,GUAYAS,759,19262071.9,1393810.19,17868261.709999997,39520740.73,506042.97,281814.13,2024
72725,BASESURCORP S.A.,G4630,"G4630.12 - VENTA AL POR MAYOR DE FRUTAS, LEGUMBRES Y HORTALIZAS.",comercio_mayorista,FALSE,GUAYAS,71,19167153.18,2363729.76,16803423.42,34113618.73,-2212320.44,-1754080.84,2024
4944,COMPANIA AGRICOLA RIO VENTANAS S.A. CARIVESA,G4630,G4630.11 - VENTA AL POR MAYOR DE BANANO Y PLÁTANO.,comercio_mayorista,FALSE,GUAYAS,175,19163355.41,470733.25,18692622.16,11293983.01,0,-598385.82,2024
21632,PRODUCTOS ALIMENTICIOS Y LICORES CIA. LTDA. PROALCO,G4630,G4630.99 - VENTA AL POR MAYOR DE OTROS PRODUCTOS COMESTIBLES (ENLATADOS Y CONSERVAS).,comercio_mayorista,FALSE,GUAYAS,109,18912481.33,9097468.48,9815012.849999998,39936867.44,2009590.31,1476680.19,2024
88094,DELCAMPO S.A.S.,G4630,"G4630.21 - VENTA AL POR MAYOR DE PRODUCTOS LÁCTEOS, INCLUIDO HELADOS, BOLOS, ETCÉTERA.",comercio_mayorista,FALSE,PICHINCHA,282,18820919.88,4713807.51,14107112.37,36064918.26,271566.81,175160.38,2024
35416,ZURIDIST CIA. LTDA.,G4620,G4620.19 - VENTA AL POR MAYOR DE OTRAS MATERIAS PRIMAS AGROPECUARIAS.,comercio_mayorista,FALSE,MANABI,240,18408107.56,4823941.7,13584165.86,29559637.75,246083,134103.5,2024
7693,ESVERGLO S.A.,A0122,"A0122.09 - OTROS CULTIVOS DE FRUTAS TROPICALES Y SUBTROPICALES: PAPAYAS, BABACOS, CHAMBUROS, AGUACATES, HIGOS, ARAZÁ, GUAYABAS, GUANÁBANA, GUABA, CHIRIMOYA, NARANJILLAS, ZAPOTES, BOROJÓ, TAMARINDO, GRANADILLAS, DÁTILES, ETCÉTERA.",cultivo_fruticola,TRUE,PICHINCHA,9,18300404.67,3161555.91,15138848.760000002,289554.87,382.57,3443.13,2024
126054,TUCHOK S.A.,A0122,A0122.01 - CULTIVO DE BANANOS Y PLÁTANOS.,cultivo_fruticola,FALSE,GUAYAS,4,18228028.11,3501479.71,14726548.399999999,98991079.51,2533859.83,1252870.69,2024
38707,GINAFRUIT S.A.,A0122,"A0122.09 - OTROS CULTIVOS DE FRUTAS TROPICALES Y SUBTROPICALES: PAPAYAS, BABACOS, CHAMBUROS, AGUACATES, HIGOS, ARAZÁ, GUAYABAS, GUANÁBANA, GUABA, CHIRIMOYA, NARANJILLAS, ZAPOTES, BOROJÓ, TAMARINDO, GRANADILLAS, DÁTILES, ETCÉTERA.",cultivo_fruticola,TRUE,EL ORO,38,17912983.12,589342.63,17323640.490000002,33823630.75,75917.69,75917.69,2024
19870,PROCESADORA DEL RIO SA PRORIOSA,G4630,G4630.32 - VENTA AL POR MAYOR DE CAMARÓN Y LANGOSTINOS.,comercio_mayorista,FALSE,GUAYAS,289,17837244.97,4188655.5,13648589.469999999,55759063.77,125521.06,9249.94,2024
150232,ALIMENTOS YUPI S.A.,C1030,C1030.23 - ELABORACIÓN DE PAPAS FRITAS Y SNACKS DE PAPAS.,procesamiento,FALSE,GUAYAS,386,17705762.25,7479555.54,10226206.71,38178665.67,2709099.99,1870130.44,2024
19180,DISTRIBUIDORA DISPACIF SA,G4630,"G4630.95 - VENTA AL POR MAYOR DE BEBIDAS ALCOHÓLICAS, INCLUSO EL ENVASADO DE VINO A GRANEL SIN TRANSFORMACIÓN.",comercio_mayorista,FALSE,GUAYAS,134,17693285.17,1480653.84,16212631.330000002,25339898.71,89560.2,12877.72,2024
114764,HAFREIT S.A.,A0122,A0122.01 - CULTIVO DE BANANOS Y PLÁTANOS.,cultivo_fruticola,FALSE,GUAYAS,258,17505654.7,7799398.51,9706256.19,10470641.66,324915.49,210640.12,2024
94706,TROPIPALMA S.A,A0126,A0126.01 - CULTIVO DE PALMAS DE ACEITE (PALMA AFRICANA).,cultivo_fruticola,FALSE,PICHINCHA,96,17459444.45,1932399.72,15527044.729999999,6773510.61,131251.72,22783.51,2024
48837,CORPORACION DISTRIBUIDORA DE ALIMENTOS CORDIALSA S.A.S.,C1030,"C1030.11 - ELABORACIÓN DE ALIMENTOS COMPUESTOS (MEZCLA) PRINCIPALMENTE DE FRUTAS LEGUMBRES U HORTALIZAS, EXCEPTO PLATOS PREPARADOS EN FORMA CONGELADA O ENLATADA LISTOS PARA CONSUMIR.",procesamiento,FALSE,PICHINCHA,199,17294554,4451185,12843369,48466806.01,-75053.36,-187113,2024
156402,SERVICIOS PROVEMUNDO S.A.,A0126,A0126.01 - CULTIVO DE PALMAS DE ACEITE (PALMA AFRICANA).,cultivo_fruticola,FALSE,PICHINCHA,200,17091812,12475660,4616152,4392845,800757,579438,2024
111585,FRUTERA DON MARCOS FRUDONMAR S.A.,G4620,G4620.12 - VENTA AL POR MAYOR DE FRUTOS Y SEMILLAS OLEAGINOSAS.,comercio_mayorista,FALSE,GUAYAS,14,17057084.78,4314605.32,12742479.46,8231667.4,0,9680.28,2024
40000,INDUSTRIAS BORJA INBORJA SA,C1030,"C1030.14 - FABRICACIÓN DE PRODUCTOS ALIMENTICIOS A PARTIR DE (UN SOLO COMPONENTE) FRUTAS, LEGUMBRES Y HORTALIZAS; INCLUSO SNACKS DE PLÁTANO (CHIFLES), YUCA, FRUTAS, ETCÉTERA, EXCEPTO PAPA.",procesamiento,FALSE,EL ORO,266,17013748.02,8833678.33,8180069.6899999995,15241409.53,0,30293.37,2024
29962,LUDERSON S.A.,G4630,"G4630.12 - VENTA AL POR MAYOR DE FRUTAS, LEGUMBRES Y HORTALIZAS.",comercio_mayorista,FALSE,LOS RIOS,125,16442573.76,5436376.85,11006196.91,54681105.15,919580.37,919580.37,2024
108091,QUEVEXPORT S.A.,G4620,G4620.11 - VENTA AL POR MAYOR DE CEREALES (GRANOS) Y SEMILLAS.,comercio_mayorista,FALSE,LOS RIOS,41,16234214.15,2150340.47,14083873.68,23285752.21,0,126603.79,2024
102761,PIÑAS RICAS DEL ECUADOR S.A. PIRECUASA,A0122,A0122.02 - CULTIVO DE MANGOS.,cultivo_fruticola,FALSE,GUAYAS,41,15447442.1,1889726.59,13557715.51,40110542.42,8794.56,8794.56,2024
81740,GUSTAFF S.A.,C1073,C1073.12 - ELABORACIÓN DE CHOCOLATE Y PRODUCTOS DE CHOCOLATE.,procesamiento,FALSE,GUAYAS,97,15346808.34,4376216.81,10970591.530000001,13332280.99,747012.04,535289.23,2024
18526,DIBEAL COMPAÑIA LIMITADA,G4630,G4630.99 - VENTA AL POR MAYOR DE OTROS PRODUCTOS COMESTIBLES (ENLATADOS Y CONSERVAS).,comercio_mayorista,FALSE,PICHINCHA,149,15334839.55,2903569.08,12431270.47,23649278.29,248166.09,132935.96,2024
127304,BANEXCEL S.A.,A0122,A0122.01 - CULTIVO DE BANANOS Y PLÁTANOS.,cultivo_fruticola,FALSE,GUAYAS,4,15140014.49,8680168.11,6459846.380000001,12068384.14,253942.94,142174.59,2024
117938,TRANSLATIN S.A.,G4630,"G4630.12 - VENTA AL POR MAYOR DE FRUTAS, LEGUMBRES Y HORTALIZAS.",comercio_mayorista,FALSE,GUAYAS,10,14832436.77,1587054.16,13245382.61,14807394.79,254730.4,192104.17,2024
131168,TEOCAC S.A.,A0122,A0122.01 - CULTIVO DE BANANOS Y PLÁTANOS.,cultivo_fruticola,FALSE,GUAYAS,168,14771284.67,5599218.43,9172066.24,6305020.4,155005.36,83397.36,2024
30365,AGROSAD PRODUCTOS AGROPECUARIOS C LTDA,G4620,G4620.11 - VENTA AL POR MAYOR DE CEREALES (GRANOS) Y SEMILLAS.,comercio_mayorista,FALSE,AZUAY,138,14734121.7,5787985.98,8946135.719999999,15939058.03,151799.83,115040.33,2024
305970,AGROEXPORTADORA BURNEO OCAMPO BURNEOEXPORT S.A.,G4630,"G4630.14 - VENTA AL POR MAYOR DE CAFÉ, CACAO, TE Y ESPECIAS.",comercio_mayorista,FALSE,SANTO DOMINGO DE LOS TSACHILAS,4,14658591.91,3414830.04,11243761.870000001,12144467.25,1169271.64,912031.88,2024
717741,AGRIPALMEC S.A.,A0126,A0126.01 - CULTIVO DE PALMAS DE ACEITE (PALMA AFRICANA).,cultivo_fruticola,FALSE,GUAYAS,70,14609375.98,10627043.09,3982332.8900000006,5732029.67,2347623.55,2258333.21,2024
145189,REPUBLICA DEL CACAO CACAOREPUBLIC CIA. LTDA.,C1073,C1073.12 - ELABORACIÓN DE CHOCOLATE Y PRODUCTOS DE CHOCOLATE.,procesamiento,FALSE,PICHINCHA,61,14561464.73,9974198.86,4587265.870000001,12418602.23,1256270.11,831466.56,2024
705172,DONATELLA ECUADOR DONATECUA S.A.,A0122,A0122.01 - CULTIVO DE BANANOS Y PLÁTANOS.,cultivo_fruticola,FALSE,GUAYAS,71,14488587.38,1055038.74,13433548.64,99232493.7,0,491970.33,2024
311803,PACIFIC SEAFOOD PACIFICSEAFOOD S.A.,G4630,"G4630.33 - VENTA AL POR MAYOR DE PESCADO, CRUSTÁCEOS, MOLUSCOS Y PRODUCTOS DE LA PESCA.",comercio_mayorista,FALSE,GUAYAS,152,14269363.08,3288299.2,10981063.879999999,45397172.59,1032360.54,1214541.81,2024
133764,COLEMUN S.A.,G4630,"G4630.95 - VENTA AL POR MAYOR DE BEBIDAS ALCOHÓLICAS, INCLUSO EL ENVASADO DE VINO A GRANEL SIN TRANSFORMACIÓN.",comercio_mayorista,FALSE,GUAYAS,112,14223784.53,1349886.88,12873897.649999999,15030981.69,373790.94,497688.91,2024
100959,DR. AGRO S.A. DORAGRO,G4630,G4630.99 - VENTA AL POR MAYOR DE OTROS PRODUCTOS COMESTIBLES (ENLATADOS Y CONSERVAS).,comercio_mayorista,FALSE,LOS RIOS,4,14217839.05,2906616.47,11311222.58,14394270.85,410589.41,303591.63,2024
4935,OBSA ORO BANANA S.A.,G4630,G4630.11 - VENTA AL POR MAYOR DE BANANO Y PLÁTANO.,comercio_mayorista,FALSE,EL ORO,26,14108301.07,1322354.15,12785946.92,359116.46,159585.4,85069.67,2024
3350,INDUSTRIAS LACTEAS SA INDULAC,G4630,"G4630.21 - VENTA AL POR MAYOR DE PRODUCTOS LÁCTEOS, INCLUIDO HELADOS, BOLOS, ETCÉTERA.",comercio_mayorista,FALSE,GUAYAS,153,13867872.56,8977423.55,4890449.01,16667564.47,135780,6702.43,2024
165910,AROMATIC COCOA EXPORT S.A. AROMAEXCO,G4630,"G4630.14 - VENTA AL POR MAYOR DE CAFÉ, CACAO, TE Y ESPECIAS.",comercio_mayorista,FALSE,LOS RIOS,19,13827699.83,1548902.99,12278796.84,88528852.23,244834.26,173143.32,2024
149433,CORPORACION PAÑORA S.A. CORPAÑORA,G4630,"G4630.12 - VENTA AL POR MAYOR DE FRUTAS, LEGUMBRES Y HORTALIZAS.",comercio_mayorista,FALSE,GUAYAS,122,13672506.41,1215086.64,12457419.77,33498429.19,381413.4,313298.84,2024
134199,TIMECORPOC S.A.,G4630,G4630.91 - VENTA AL POR MAYOR DE ARROZ.,comercio_mayorista,FALSE,GUAYAS,37,13557756,3115224,10442532,13195539.51,490700.2,311592,2024
20084,ECUATORIANA DE NEGOCIOS ECUNE S.A.,G4630,"G4630.12 - VENTA AL POR MAYOR DE FRUTAS, LEGUMBRES Y HORTALIZAS.",comercio_mayorista,FALSE,GUAYAS,5,13529297,5381900,8147397,16249043,-784978,-784978,2024
89850,PALPAILON S.A,A0126,A0126.01 - CULTIVO DE PALMAS DE ACEITE (PALMA AFRICANA).,cultivo_fruticola,FALSE,PICHINCHA,208,13492521.74,8268475.43,5224046.3100000005,7930116.59,996445.14,866850.2,2024
86504,NOVA ALIMENTOS ALIMENNOVASA S.A.,G4630,G4630.93 - VENTA AL POR MAYOR DE PRODUCTOS DE PANADERÍA Y REPOSTERÍA.,comercio_mayorista,FALSE,COTOPAXI,293,13397092.27,11024382.47,2372709.799999999,12897979.72,0,1537063.78,2024
39459,EXPORTADORA DE PRODUCTOS DEL OCEANO OCEANPRODUCT CIA. LTDA.,G4630,G4630.32 - VENTA AL POR MAYOR DE CAMARÓN Y LANGOSTINOS.,comercio_mayorista,FALSE,GUAYAS,274,13394733.24,3537840.73,9856892.51,32654384.97,0,94283.73,2024
1678,SAN FRANCISCO SOCIEDAD ANONIMA EN PREDIO RUSTICO,A0122,"A0122.09 - OTROS CULTIVOS DE FRUTAS TROPICALES Y SUBTROPICALES: PAPAYAS, BABACOS, CHAMBUROS, AGUACATES, HIGOS, ARAZÁ, GUAYABAS, GUANÁBANA, GUABA, CHIRIMOYA, NARANJILLAS, ZAPOTES, BOROJÓ, TAMARINDO, GRANADILLAS, DÁTILES, ETCÉTERA.",cultivo_fruticola,TRUE,SANTO DOMINGO DE LOS TSACHILAS,129,13259886.11,11323741.57,1936144.539999999,6239616.75,0,318835.61,2024
153751,AGROINDUSTRIAL EL EDEN AGROEDEN CIA. LTDA.,A0122,A0122.04 - CULTIVO DE PIÑAS.,cultivo_fruticola,FALSE,PICHINCHA,310,13158003.38,8572172.75,4585830.630000001,1244269.07,1547192.37,1188797.52,2024
153999,DISTRIBUIDORA COLOMBINA DEL ECUADOR S.A.,G4630,"G4630.92 - VENTA AL POR MAYOR DE AZÚCAR, CHOCOLATE Y PRODUCTOS DE CONFITERÍA.",comercio_mayorista,FALSE,PICHINCHA,85,13060898.46,795379.49,12265518.97,36600204.22,0,492083.83,2024
97352,LANGOSTINOS DEL PACIFICO LANPAC CIA. LTDA,G4630,G4630.32 - VENTA AL POR MAYOR DE CAMARÓN Y LANGOSTINOS.,comercio_mayorista,FALSE,GUAYAS,341,13057949.61,4011651.61,9046298,14330095.74,1345960.4,1005671.26,2024
165196,AGROBERRUZ S.A.,A0122,A0122.01 - CULTIVO DE BANANOS Y PLÁTANOS.,cultivo_fruticola,FALSE,GUAYAS,416,13049597.04,8104164.22,4945432.819999999,15418492.41,2366966.58,2089536.9,2024
103473,EXU S.A.,G4630,"G4630.33 - VENTA AL POR MAYOR DE PESCADO, CRUSTÁCEOS, MOLUSCOS Y PRODUCTOS DE LA PESCA.",comercio_mayorista,FALSE,SANTA ELENA,126,13018904.31,4634416.4,8384487.91,26472064.39,1098969.19,778119.61,2024
137796,CLUZON S.A.,A0122,A0122.01 - CULTIVO DE BANANOS Y PLÁTANOS.,cultivo_fruticola,FALSE,GUAYAS,357,12947435.73,746208.37,12201227.360000001,10363888.34,2368.01,2368.01,2024
135408,XUZSATAG S.A.,G4630,"G4630.12 - VENTA AL POR MAYOR DE FRUTAS, LEGUMBRES Y HORTALIZAS.",comercio_mayorista,FALSE,GUAYAS,4,12739455.62,7178428.6,5561027.02,317148.48,189018.51,189018.51,2024
312671,NATURAL SEAFOOD NATUSEAFOOD C.LTDA.,G4630,G4630.32 - VENTA AL POR MAYOR DE CAMARÓN Y LANGOSTINOS.,comercio_mayorista,FALSE,GUAYAS,77,12729363.39,2244287.63,10485075.760000002,62307608.28,212876.46,212876.46,2024
53963,ROSAS DEL COTOPAXI ROCOPAX CIA. LTDA.,G4620,G4620.21 - VENTA AL POR MAYOR DE ANIMALES VIVOS.,comercio_mayorista,FALSE,PICHINCHA,307,12664066.66,2557012.66,10107054,6848855.69,0,153895.02,2024
713708,AGROCOMERCIO GILER Y ASOCIADOS AGROEXPORGILER S.A.,G4630,"G4630.14 - VENTA AL POR MAYOR DE CAFÉ, CACAO, TE Y ESPECIAS.",comercio_mayorista,FALSE,SANTO DOMINGO DE LOS TSACHILAS,4,12631857.91,668283.51,11963574.4,13526842.82,149837.73,54100.79,2024
117755,DELIFRUIT S.A.,A0122,A0122.01 - CULTIVO DE BANANOS Y PLÁTANOS.,cultivo_fruticola,FALSE,GUAYAS,367,12416847.91,2648907.44,9767940.47,12000063.57,0,124975.2,2024
150672,FLORICULTURA JOSARFLOR S.A,G4620,G4620.15 - VENTA AL POR MAYOR DE FLORES Y PLANTAS.,comercio_mayorista,FALSE,PICHINCHA,361,12400391.1,8840143.87,3560247.2300000004,9876846.21,1098344.32,770128.24,2024
134435,COMPAÑIA BANANERA Y AFINES COBANAFIN S.A.,A0122,A0122.01 - CULTIVO DE BANANOS Y PLÁTANOS.,cultivo_fruticola,FALSE,LOS RIOS,360,12284817.58,2178582.82,10106234.76,12268974.85,468770.28,351576.05,2024
112841,SOPRISA S.A.,G4630,G4630.11 - VENTA AL POR MAYOR DE BANANO Y PLÁTANO.,comercio_mayorista,FALSE,GUAYAS,15,12164070.21,804555.37,11359514.840000002,11297523.22,7530.04,-103902.58,2024
171903,ASPENPHARMA S.A.,G4630,G4630.99 - VENTA AL POR MAYOR DE OTROS PRODUCTOS COMESTIBLES (ENLATADOS Y CONSERVAS).,comercio_mayorista,FALSE,PICHINCHA,30,12089749.69,6460346.51,5629403.18,14048718.34,-175332.76,-33033.58,2024
4603,IMELDABANANA S.A.,A0122,A0122.01 - CULTIVO DE BANANOS Y PLÁTANOS.,cultivo_fruticola,FALSE,LOS RIOS,7,12018406.71,8508865.49,3509541.2200000007,8694177.03,996612.56,909886.92,2024
63121,BANANO Y FRUTAS TROPICALES DE CALIDAD PARA EL MUNDO FRUTICAL S. A.,A0122,A0122.01 - CULTIVO DE BANANOS Y PLÁTANOS.,cultivo_fruticola,FALSE,EL ORO,8,11991625.26,202317.6,11789307.66,2084190.32,113557.11,93530.99,2024
60067,BIOALIMENTOS CIA. LTDA.,C1030,"C1030.11 - ELABORACIÓN DE ALIMENTOS COMPUESTOS (MEZCLA) PRINCIPALMENTE DE FRUTAS LEGUMBRES U HORTALIZAS, EXCEPTO PLATOS PREPARADOS EN FORMA CONGELADA O ENLATADA LISTOS PARA CONSUMIR.",procesamiento,FALSE,GUAYAS,4,11659993.04,4762175.44,6897817.599999999,24427858.06,1360671.12,940197.39,2024
115733,INDUSTRIALIZADORA Y COMERCIALIZADORA DE PALMITO S.A. INCOPALMITO,C1030,"C1030.11 - ELABORACIÓN DE ALIMENTOS COMPUESTOS (MEZCLA) PRINCIPALMENTE DE FRUTAS LEGUMBRES U HORTALIZAS, EXCEPTO PLATOS PREPARADOS EN FORMA CONGELADA O ENLATADA LISTOS PARA CONSUMIR.",procesamiento,FALSE,ESMERALDAS,166,11655144.68,9604871.45,2050273.2300000004,13171332.14,0,48726.46,2024
313976,FINCABENE S.A.S.,A0122,A0122.01 - CULTIVO DE BANANOS Y PLÁTANOS.,cultivo_fruticola,FALSE,LOS RIOS,330,11325632.61,9090377.3,2235255.3099999987,7037601.78,0,12295.77,2024
300495,EXPORTADORA ECUADORIAN TROPICAL FRUIT EXPOGROUP S.A.,A0122,A0122.01 - CULTIVO DE BANANOS Y PLÁTANOS.,cultivo_fruticola,FALSE,GUAYAS,154,11259130.23,1011478.59,10247651.64,3739324.56,0,529732.15,2024
301010,COMERCIALIZADORA CAMPOS BARREIRO CORREIA CBCFRUIT S.A.,G4630,"G4630.12 - VENTA AL POR MAYOR DE FRUTAS, LEGUMBRES Y HORTALIZAS.",comercio_mayorista,FALSE,GUAYAS,70,11147109.69,2217420.52,8929689.17,1967978.54,0,-405454.38,2024
129792,MAJID S.A.,A0126,A0126.01 - CULTIVO DE PALMAS DE ACEITE (PALMA AFRICANA).,cultivo_fruticola,FALSE,LOS RIOS,29,11145093.77,6048756.8,5096336.97,5238248.09,365447.73,257063.41,2024
718322,BAGATOCORP S.A.,A0122,A0122.01 - CULTIVO DE BANANOS Y PLÁTANOS.,cultivo_fruticola,FALSE,GUAYAS,41,11093152.82,5977572.05,5115580.7700000005,64021744.4,0,3794300.29,2024
104684,PRINDEX S.A.,A0122,A0122.01 - CULTIVO DE BANANOS Y PLÁTANOS.,cultivo_fruticola,FALSE,LOS RIOS,195,10986039.58,3173520.6,7812518.98,6862039.28,179127.11,111071.56,2024
205160,PLANTAIN REPUBLIC / REPUBLICA DEL PLATANO EXPORTPLANTAIN S.A.,C1030,"C1030.14 - FABRICACIÓN DE PRODUCTOS ALIMENTICIOS A PARTIR DE (UN SOLO COMPONENTE) FRUTAS, LEGUMBRES Y HORTALIZAS; INCLUSO SNACKS DE PLÁTANO (CHIFLES), YUCA, FRUTAS, ETCÉTERA, EXCEPTO PAPA.",procesamiento,FALSE,MANABI,240,10975996.25,3834456.98,7141539.27,10403000.31,630154.64,578552.32,2024
308973,COMPAÑIA PRODUCCION & COMERCIALIZACION EXPOCAMPO-FRUIT CIA.LTDA.,A0122,A0122.01 - CULTIVO DE BANANOS Y PLÁTANOS.,cultivo_fruticola,FALSE,GUAYAS,8,10960129,1695372,9264757,161566063,1099536,800860,2024
8774,ARROCERA DEL PACIFICO SA,G4630,G4630.91 - VENTA AL POR MAYOR DE ARROZ.,comercio_mayorista,FALSE,GUAYAS,17,10945226.44,5930170.74,5015055.699999999,6528994.4,148896.08,104030.24,2024
701990,DISTRIBUIDORA DISPROSUR CIA.LTDA.,G4620,"G4620.14 - VENTA AL POR MAYOR DE DESECHOS, RESIDUOS Y PRODUCTOS DERIVADOS USADOS PARA ALIMENTAR ANIMALES (FORRAJE), INCLUYE MATERIAS PRIMAS AGRARIAS.",comercio_mayorista,FALSE,GUAYAS,20,10817979.51,722139.79,10095839.719999999,12928428.91,212289.34,152710.85,2024
45238,PROCESADORA CONTINENTAL DE ALIMENTOS SA PROCECONSA,G4630,G4630.99 - VENTA AL POR MAYOR DE OTROS PRODUCTOS COMESTIBLES (ENLATADOS Y CONSERVAS).,comercio_mayorista,FALSE,PICHINCHA,284,10812249.2,2368846.61,8443402.59,14208897.89,177785.61,157520.42,2024
66320,FUTURCORP S.A.,C1030,"C1030.16 - ELABORACIÓN DE COMPOTAS, MERMELADAS Y JALEAS, PURÉS Y OTRAS CONFITURAS DE FRUTAS O FRUTOS SECOS.",procesamiento,FALSE,GUAYAS,2,10801695.63,987755.48,9813940.15,13703970.12,0,22322.04,2024
121697,CEPROMAR S.A.,G4630,"G4630.33 - VENTA AL POR MAYOR DE PESCADO, CRUSTÁCEOS, MOLUSCOS Y PRODUCTOS DE LA PESCA.",comercio_mayorista,FALSE,GUAYAS,38,10691703.49,2032433.24,8659270.25,18900497.84,69826.33,50152.22,2024
62454,CORPSOBEK S.A.,A0122,A0122.01 - CULTIVO DE BANANOS Y PLÁTANOS.,cultivo_fruticola,FALSE,GUAYAS,274,10682854.21,6953267.87,3729586.340000001,11611831.35,0,935031.07,2024
170644,DIJESA COMPANY S.A.,A0122,A0122.01 - CULTIVO DE BANANOS Y PLÁTANOS.,cultivo_fruticola,FALSE,GUAYAS,217,10615753.91,5233113.87,5382640.04,6531714.23,614197.19,538330.59,2024
709022,GRANDSOUTH S.A.,G4630,"G4630.14 - VENTA AL POR MAYOR DE CAFÉ, CACAO, TE Y ESPECIAS.",comercio_mayorista,FALSE,GUAYAS,45,10563386.28,4194121.46,6369264.819999999,105140914.68,3107934.26,2435871.86,2024
5386,SAN LUIS S.A.,A0122,A0122.01 - CULTIVO DE BANANOS Y PLÁTANOS.,cultivo_fruticola,FALSE,GUAYAS,4,10419494.48,5346168.11,5073326.37,3795094.61,0,91271.05,2024
93372,ABCALSA S.A.,G4630,G4630.93 - VENTA AL POR MAYOR DE PRODUCTOS DE PANADERÍA Y REPOSTERÍA.,comercio_mayorista,FALSE,GUAYAS,78,10315399.61,6528784.59,3786615.0199999996,10270232.43,0,-716746.29,2024
330628,DEALFRUIT S.A.,G4630,"G4630.12 - VENTA AL POR MAYOR DE FRUTAS, LEGUMBRES Y HORTALIZAS.",comercio_mayorista,FALSE,GUAYAS,9,10311480.42,320179.16,9991301.26,41506094.83,506131.93,178281.3,2024
143154,FINCA LOS NONNOS S.A. FINCANONNOS,A0122,"A0122.09 - OTROS CULTIVOS DE FRUTAS TROPICALES Y SUBTROPICALES: PAPAYAS, BABACOS, CHAMBUROS, AGUACATES, HIGOS, ARAZÁ, GUAYABAS, GUANÁBANA, GUABA, CHIRIMOYA, NARANJILLAS, ZAPOTES, BOROJÓ, TAMARINDO, GRANADILLAS, DÁTILES, ETCÉTERA.",cultivo_fruticola,TRUE,MANABI,74,10278112.27,280953.39,9997158.879999999,3978442.64,-314228.57,-312281.8,2024
728508,MANGOLAND S.A.,C1030,"C1030.12 - CONSERVACIÓN DE FRUTAS, PULPA DE FRUTAS, LEGUMBRES Y HORTALIZAS MEDIANTE EL CONGELADO, SECADO, DESHIDRATADO, INMERSIÓN EN ACEITE O VINAGRE, ENLATADO, ETCÉTERA.",procesamiento,FALSE,GUAYAS,10,10240182.78,1284223.2,8955959.58,7919831.59,46953.45,7962.07,2024
21282,EMPACADORA TROPICAL S.A.,A0122,A0122.01 - CULTIVO DE BANANOS Y PLÁTANOS.,cultivo_fruticola,FALSE,GUAYAS,4,10238965.52,2327666.59,7911298.93,99531.54,0,977890.72,2024
68457,EXCOLINSA S.A.,A0122,A0122.02 - CULTIVO DE MANGOS.,cultivo_fruticola,FALSE,GUAYAS,2,10145152.13,9788635.95,356516.18000000156,2786,923246.84,923246.84,2024
80094,AGRICOLA PECUARIA DEL PACIFICO S.A. (AGRIPEPASA),A0122,A0122.01 - CULTIVO DE BANANOS Y PLÁTANOS.,cultivo_fruticola,FALSE,GUAYAS,328,10102912.67,2370591.86,7732320.8100000005,8663134.33,347582.28,29885.39,2024
138119,EXPORTJAIME S.A.,G4630,G4630.11 - VENTA AL POR MAYOR DE BANANO Y PLÁTANO.,comercio_mayorista,FALSE,GUAYAS,42,10092987.83,907828.63,9185159.2,20965809.11,-46141.11,-183447.23,2024
133969,ARROCERA EL REY S.A. ARROREY,G4630,G4630.91 - VENTA AL POR MAYOR DE ARROZ.,comercio_mayorista,FALSE,GUAYAS,36,10004778.66,5170857.75,4833920.91,9798509.73,832284.73,604988.9,2024
59523,BANALCAR S.A. (BANALCARSA),A0122,A0122.01 - CULTIVO DE BANANOS Y PLÁTANOS.,cultivo_fruticola,FALSE,LOS RIOS,272,10001135.97,4204448.98,5796686.99,10487527.76,0,167308.62,2024
202172,AGROCOSE S. A. AGRICOLAS DE LA COSTA ECUATORIANA,A0122,A0122.01 - CULTIVO DE BANANOS Y PLÁTANOS.,cultivo_fruticola,FALSE,GUAYAS,216,9954193.83,2693299.01,7260894.82,5429686.71,395079.33,338570.65,2024
37874,GUEVARA VASCO CIA. LTDA.,G4630,"G4630.95 - VENTA AL POR MAYOR DE BEBIDAS ALCOHÓLICAS, INCLUSO EL ENVASADO DE VINO A GRANEL SIN TRANSFORMACIÓN.",comercio_mayorista,FALSE,TUNGURAHUA,3,9787636.38,6631861.37,3155775.0100000007,15836788.47,1437966.56,605024.87,2024
121981,HACIENDA GUAYABO GUAYABOSA S.A.,A0122,A0122.01 - CULTIVO DE BANANOS Y PLÁTANOS.,cultivo_fruticola,FALSE,LOS RIOS,362,9786619.99,2465916.28,7320703.710000001,11005969.92,273514.91,137268.99,2024
138969,VINOS Y ESPIRITUOSOS DEL LITORAL VINLITORAL S.A.,G4630,"G4630.95 - VENTA AL POR MAYOR DE BEBIDAS ALCOHÓLICAS, INCLUSO EL ENVASADO DE VINO A GRANEL SIN TRANSFORMACIÓN.",comercio_mayorista,FALSE,GUAYAS,74,9711539.42,912490.87,8799048.55,9961528.01,-1070342.05,-1057275.56,2024
80479,UNIDAL ECUADOR S.A.,G4630,"G4630.92 - VENTA AL POR MAYOR DE AZÚCAR, CHOCOLATE Y PRODUCTOS DE CONFITERÍA.",comercio_mayorista,FALSE,GUAYAS,84,9627957.72,554900.09,9073057.63,17874526.16,0,-948719.94,2024
179661,IMPORTADORA DE FRUTAS SARANGO S.A. SARCOFRUIT,C1030,"C1030.15 - ELABORACIÓN DE JUGOS (ZUMOS), NÉCTARES, CONCENTRADOS DE FRUTA FRESCA Y HORTALIZAS.",procesamiento,FALSE,GUAYAS,55,9562239.38,2113836.76,7448402.620000001,28105423.69,0,267861.28,2024
53506,ALITECNO COMERCIO DE INSUMOS PARA LA INDUSTRIA DE ALIMENTOS S.A.,G4630,G4630.99 - VENTA AL POR MAYOR DE OTROS PRODUCTOS COMESTIBLES (ENLATADOS Y CONSERVAS).,comercio_mayorista,FALSE,PICHINCHA,46,9530521.69,4011030.47,5519491.219999999,20398266.49,6576718.05,2783009.93,2024
300295,AGRICOBANANO S.A.,A0122,A0122.01 - CULTIVO DE BANANOS Y PLÁTANOS.,cultivo_fruticola,FALSE,GUAYAS,198,9520410.79,2088549.88,7431860.909999999,6598118.18,0,137261.39,2024
162880,RISTOKCACAO CIA.LTDA.,A0127,A0127.02 - CULTIVO DE CACAO.,cultivo_fruticola,FALSE,PICHINCHA,49,9414072.93,2919972.94,6494099.99,115215709.22,2404150.67,1006495.76,2024
102306,MARAMAR S.A.,G4630,"G4630.33 - VENTA AL POR MAYOR DE PESCADO, CRUSTÁCEOS, MOLUSCOS Y PRODUCTOS DE LA PESCA.",comercio_mayorista,FALSE,GUAYAS,94,9407523.8,1112438.84,8295084.960000001,22258045.69,-271663.67,-233638.81,2024
178967,BAZFEX S.A.,G4630,"G4630.12 - VENTA AL POR MAYOR DE FRUTAS, LEGUMBRES Y HORTALIZAS.",comercio_mayorista,FALSE,PICHINCHA,148,9330595.23,1693728.19,7636867.040000001,9360023.08,100789.82,70608.9,2024
128381,AGRAIND S.A.,A0122,A0122.01 - CULTIVO DE BANANOS Y PLÁTANOS.,cultivo_fruticola,FALSE,LOS RIOS,272,9194388.84,1880697.72,7313691.12,8863790.28,0,120430.2,2024
731721,BANANALOGIC S.A.,A0122,A0122.01 - CULTIVO DE BANANOS Y PLÁTANOS.,cultivo_fruticola,FALSE,LOS RIOS,22,9123917.61,2385280.67,6738636.9399999995,3411257.28,80336.27,33263.58,2024
4864,COMPANIA AGRICOLA ANGELA MARIA SA CAAMSA,A0122,A0122.02 - CULTIVO DE MANGOS.,cultivo_fruticola,FALSE,GUAYAS,281,9094675.27,196424.6,8898250.67,6151800.36,0,-100838.41,2024
5840,COMERCIAL AGRICOLA ZAPOTE SA CAZAPSA,A0122,A0122.01 - CULTIVO DE BANANOS Y PLÁTANOS.,cultivo_fruticola,FALSE,GUAYAS,2,9075726.71,2460819.24,6614907.470000001,603277.39,0,1648481.67,2024
345364,EL AGRO AGVET S.A.,G4620,G4620.11 - VENTA AL POR MAYOR DE CEREALES (GRANOS) Y SEMILLAS.,comercio_mayorista,FALSE,GUAYAS,26,9032179.07,330590.97,8701588.1,11117250.55,0,245759.68,2024
170618,REPREMARVA CIA. LTDA.,G4630,"G4630.92 - VENTA AL POR MAYOR DE AZÚCAR, CHOCOLATE Y PRODUCTOS DE CONFITERÍA.",comercio_mayorista,FALSE,TUNGURAHUA,80,9019453.49,1747040.41,7272413.08,14628512.66,35181.85,7223.72,2024
202173,FRUINTER S.A. FRUTAS INTERNACIONALES,A0122,A0122.01 - CULTIVO DE BANANOS Y PLÁTANOS.,cultivo_fruticola,FALSE,GUAYAS,337,8897925.7,3144888.94,5753036.76,7533716.73,500137.65,420563.41,2024
148002,AVICOLA PEREIRA S.A. AVICOPERE,G4630,G4630.31 - VENTA AL POR MAYOR DE CARNE Y PRODUCTOS CÁRNICOS (INCLUIDAS LAS AVES DE CORRAL).,comercio_mayorista,FALSE,GUAYAS,4,8830532.7,7067814.09,1762718.6099999994,20279553.71,1347888.44,1347888.44,2024
714711,DILICSUR CIA.LTDA.,G4630,"G4630.95 - VENTA AL POR MAYOR DE BEBIDAS ALCOHÓLICAS, INCLUSO EL ENVASADO DE VINO A GRANEL SIN TRANSFORMACIÓN.",comercio_mayorista,FALSE,AZUAY,24,8774307.44,2016395.65,6757911.789999999,9625244.82,393979.72,287039.07,2024
114170,MARPLANTIS S.A.,G4630,G4630.11 - VENTA AL POR MAYOR DE BANANO Y PLÁTANO.,comercio_mayorista,FALSE,GUAYAS,2,8762757.89,294851.43,8467906.46,47717855.87,391258.34,28979.32,2024
14786,SERVICIO INTEGRAL PARA LA INDUSTRIA ALIMENTICIA SIPIA S.A.,G4630,G4630.99 - VENTA AL POR MAYOR DE OTROS PRODUCTOS COMESTIBLES (ENLATADOS Y CONSERVAS).,comercio_mayorista,FALSE,PICHINCHA,195,8745271.23,5540443.31,3204827.920000001,12680629.91,846166.3,621147.84,2024
105250,EROLCORP S.A.,C1073,"C1073.11 - ELABORACIÓN DE CACAO, MANTECA, GRASA Y ACEITE DE CACAO.",procesamiento,FALSE,GUAYAS,27,8741066.51,6777265.74,1963800.7699999996,6993820.63,0,471888.68,2024
112644,POFIDEL S.A.,G4630,G4630.91 - VENTA AL POR MAYOR DE ARROZ.,comercio_mayorista,FALSE,GUAYAS,54,8668219.31,2597171.92,6071047.390000001,12314006.6,345438.33,259078.8,2024
71606,JORCORP S.A.,G4630,"G4630.12 - VENTA AL POR MAYOR DE FRUTAS, LEGUMBRES Y HORTALIZAS.",comercio_mayorista,FALSE,GUAYAS,23,8603129.15,769510.12,7833619.03,38154852.32,413089.71,78045.57,2024
729997,HASHELI BANBRICA S.A.,A0122,A0122.01 - CULTIVO DE BANANOS Y PLÁTANOS.,cultivo_fruticola,FALSE,GUAYAS,87,8540455.38,2600661.45,5939793.930000001,7546051.89,1702501.65,1625964.08,2024
141360,PALMAGREEN C.A.,A0126,A0126.01 - CULTIVO DE PALMAS DE ACEITE (PALMA AFRICANA).,cultivo_fruticola,FALSE,GUAYAS,15,8504386.33,3783907.19,4720479.140000001,2537309.86,0,455953.87,2024
82660,CONSTRUCTORA ARREGUI DAVILA S.A ADSA,A0122,A0122.01 - CULTIVO DE BANANOS Y PLÁTANOS.,cultivo_fruticola,FALSE,LOS RIOS,40,8460878.46,3741501.53,4719376.930000002,5377579.76,49174.46,49174.46,2024
733632,AGRICOLA ELINA AGRICOELINA S.A.S.,A0126,A0126.01 - CULTIVO DE PALMAS DE ACEITE (PALMA AFRICANA).,cultivo_fruticola,FALSE,TUNGURAHUA,39,8375168.88,1066905.14,7308263.74,2769620.36,64556.09,22394.33,2024
29984,HACIENCORP S.A.,A0122,A0122.01 - CULTIVO DE BANANOS Y PLÁTANOS.,cultivo_fruticola,FALSE,GUAYAS,2,8372390.47,4878495.71,3493894.76,406535.88,11422.53,8909.57,2024
202162,HASANCA S.A.,A0122,A0122.01 - CULTIVO DE BANANOS Y PLÁTANOS.,cultivo_fruticola,FALSE,GUAYAS,262,8314346.22,1306250.63,7008095.59,6172852.41,393980.79,330399.71,2024
25958,EMPACADORA CORAL DEL PACIFICO EMCOPAC S.A.,G4630,"G4630.33 - VENTA AL POR MAYOR DE PESCADO, CRUSTÁCEOS, MOLUSCOS Y PRODUCTOS DE LA PESCA.",comercio_mayorista,FALSE,ESMERALDAS,20,8277583.25,2322322.38,5955260.87,17598832.33,279161.9,216393.76,2024
182402,AGROINDUSTRIA PALMA Y OTROS TECNOPALM S.A.,A0126,A0126.01 - CULTIVO DE PALMAS DE ACEITE (PALMA AFRICANA).,cultivo_fruticola,FALSE,ESMERALDAS,115,8211609.36,4167239.42,4044369.9400000004,3645292.83,87024.67,28932.31,2024
705769,SUMIFRUTAS S.A.,A0122,A0122.01 - CULTIVO DE BANANOS Y PLÁTANOS.,cultivo_fruticola,FALSE,LOS RIOS,368,8182214.36,6983809.64,1198404.7200000007,7558866.68,0,396308.24,2024
113993,OTISGRAF S.A.,A0122,A0122.01 - CULTIVO DE BANANOS Y PLÁTANOS.,cultivo_fruticola,FALSE,GUAYAS,520,8137655.79,5217959.54,2919696.25,14795361.16,683193.8,469250.46,2024
705796,SUMIPRODUCTOS S.A.,A0122,A0122.01 - CULTIVO DE BANANOS Y PLÁTANOS.,cultivo_fruticola,FALSE,LOS RIOS,412,8136746.04,5325201.61,2811544.4299999997,7847826.08,0,-343344.8,2024
367090,GUARUMAL S.A.S.,A0122,A0122.01 - CULTIVO DE BANANOS Y PLÁTANOS.,cultivo_fruticola,FALSE,GUAYAS,25,8082799.96,-525555.11,8608355.07,496188.59,0,-527555.11,2024
159399,ECOPACIFIC EMPRESA COMERCIAL DEL PACIFICO S.A.,G4630,"G4630.12 - VENTA AL POR MAYOR DE FRUTAS, LEGUMBRES Y HORTALIZAS.",comercio_mayorista,FALSE,PICHINCHA,186,8073483.08,2758008.3,5315474.78,18199285.32,1722896.35,1279179.84,2024
157860,AGRICOLA KAYALU CIA. LTDA.,A0126,A0126.01 - CULTIVO DE PALMAS DE ACEITE (PALMA AFRICANA).,cultivo_fruticola,FALSE,PICHINCHA,45,8024403.53,6548388.99,1476014.54,1059589.5,164551.44,148645.12,2024
147693,LA NUEVA CASA DEL CACAO S.A. CASACAO,G4630,G4630.11 - VENTA AL POR MAYOR DE BANANO Y PLÁTANO.,comercio_mayorista,FALSE,LOS RIOS,16,8022101.54,2295153.27,5726948.27,47813367.1,2469302.74,1851977.05,2024
727376,FINCAVICTORIA CIA.LTDA.,G4630,G4630.11 - VENTA AL POR MAYOR DE BANANO Y PLÁTANO.,comercio_mayorista,FALSE,GUAYAS,62,7993671.34,15177.71,7978493.63,1365400.84,13764.25,9.06,2024
5126,COMPANIA AGRICOLA BANANERA DEL ECUADOR SOCIEDAD ANONIMA CABE,A0122,A0122.01 - CULTIVO DE BANANOS Y PLÁTANOS.,cultivo_fruticola,FALSE,GUAYAS,39,7951066.44,4319086.63,3631979.8100000005,3210584.4,0,-33059.81,2024
11187,CASA COMERCIAL ALMEIDA C LTDA,G4630,G4630.31 - VENTA AL POR MAYOR DE CARNE Y PRODUCTOS CÁRNICOS (INCLUIDAS LAS AVES DE CORRAL).,comercio_mayorista,FALSE,AZUAY,30,7949071.84,3343715.39,4605356.449999999,8267092.18,513097.34,340764.52,2024
180091,MAGNOLIA FOOD MAGNOFOOD S.A.,C1073,"C1073.21 - ELABORACIÓN DE PRODUCTOS DE CONFITERÍA: CARAMELOS, TURRÓN, GRAGEAS Y PASTILLAS DE CONFITERÍA, GOMA DE MASCAR (CHICLES), CONFITES BLANDOS, CONFITERÍA A BASE DE CHOCOLATE Y CHOCOLATE BLANCO, ETCÉTERA.",procesamiento,FALSE,GUAYAS,280,7945000.9,1200704.86,6744296.04,11895937.21,252627.92,131555.81,2024
327279,BANDEVELOPMENT S.A.S.,A0122,A0122.01 - CULTIVO DE BANANOS Y PLÁTANOS.,cultivo_fruticola,FALSE,GUAYAS,8,7942186.85,2381224.69,5560962.16,1127733.02,-367900.32,-381983.56,2024
60981,ASKELGADO S.A.,A0127,A0127.02 - CULTIVO DE CACAO.,cultivo_fruticola,FALSE,GUAYAS,54,7886290.21,770241.76,7116048.45,15462939.18,0,251797.5,2024
330010,INDUSTRIA ALIMENTICIA LA CONDESA INALCO S.A.S.,G4630,"G4630.21 - VENTA AL POR MAYOR DE PRODUCTOS LÁCTEOS, INCLUIDO HELADOS, BOLOS, ETCÉTERA.",comercio_mayorista,FALSE,CAÑAR,106,7858198.18,1831102,6027096.18,16243550.56,1171064.81,860856.14,2024
313509,EXPORBANANAS S.A.,G4630,G4630.11 - VENTA AL POR MAYOR DE BANANO Y PLÁTANO.,comercio_mayorista,FALSE,GUAYAS,4,7724356.81,920127.8,6804229.01,48377648.08,22476.75,22476.75,2024
81809,COMERCIALIZADORA COILE S.A.,G4630,"G4630.14 - VENTA AL POR MAYOR DE CAFÉ, CACAO, TE Y ESPECIAS.",comercio_mayorista,FALSE,GUAYAS,344,7675829.58,2479197.35,5196632.23,27556581.68,43870.91,18870.7,2024
97529,AGRICOLA DANILUP S.A.,A0122,A0122.01 - CULTIVO DE BANANOS Y PLÁTANOS.,cultivo_fruticola,FALSE,EL ORO,160,7666045.03,1566034.14,6100010.890000001,4213654.93,129103.86,78275.7,2024
67144,ALIPERRO ALIMENTOS PARA PERROS S.A.,G4630,G4630.97 - VENTA AL POR MAYOR DE ALIMENTO PARA MASCOTAS (ANIMALES DOMÉSTICOS).,comercio_mayorista,FALSE,GUAYAS,1,7656741.12,3162354.6,4494386.52,2337692.05,24648.62,4865.61,2024
64146,DISTRIBUCIONES MUÑOZ VILLAQUIRAN S.A. DISMUVISA,G4630,G4630.91 - VENTA AL POR MAYOR DE ARROZ.,comercio_mayorista,FALSE,GUAYAS,8,7645843.91,1771411.56,5874432.35,15986206.71,222382.08,222382.08,2024
161923,EXTRACTOCOCA EXTRACTORA RIO COCA S.A.,A0126,A0126.01 - CULTIVO DE PALMAS DE ACEITE (PALMA AFRICANA).,cultivo_fruticola,FALSE,ORELLANA,36,7613714.15,2247210.06,5366504.09,3459284.93,277712.08,277712.08,2024
178736,GARLAR CIA. LTDA.,G4620,G4620.11 - VENTA AL POR MAYOR DE CEREALES (GRANOS) Y SEMILLAS.,comercio_mayorista,FALSE,MANABI,36,7603827.35,1587720.09,6016107.26,12829170.81,441298.5,261440.94,2024
755294,CORPFRUT S.A.S.,C1030,"C1030.14 - FABRICACIÓN DE PRODUCTOS ALIMENTICIOS A PARTIR DE (UN SOLO COMPONENTE) FRUTAS, LEGUMBRES Y HORTALIZAS; INCLUSO SNACKS DE PLÁTANO (CHIFLES), YUCA, FRUTAS, ETCÉTERA, EXCEPTO PAPA.",procesamiento,FALSE,PICHINCHA,384,7568098.41,149196.42,7418901.99,9939892.75,158264.64,123446.42,2024
712978,EXPORTADORA DE CACAO BABAHOYO ''BABAHOYOEXPORT'' S.A.,A0127,A0127.02 - CULTIVO DE CACAO.,cultivo_fruticola,FALSE,GUAYAS,24,7537220.13,2479676.78,5057543.35,61932873.64,2904141.56,2150794.12,2024
155540,OLIMPOFLOWERS CIA. LTDA.,G4620,G4620.15 - VENTA AL POR MAYOR DE FLORES Y PLANTAS.,comercio_mayorista,FALSE,PICHINCHA,396,7489141.83,3580008.28,3909133.5500000003,10525713.79,0,1367980.07,2024
165583,ANDRES CISNEROS S.A. ANCISA,G4630,G4630.31 - VENTA AL POR MAYOR DE CARNE Y PRODUCTOS CÁRNICOS (INCLUIDAS LAS AVES DE CORRAL).,comercio_mayorista,FALSE,GUAYAS,37,7465216.55,1958068.21,5507148.34,11493443.96,435834.73,292852.65,2024
202163,BANJAE S. A.,A0122,A0122.01 - CULTIVO DE BANANOS Y PLÁTANOS.,cultivo_fruticola,FALSE,GUAYAS,182,7460125.74,2672776.71,4787349.03,4851538.58,517604.23,468374.21,2024
130120,VIESFRUT S.A.,A0122,A0122.01 - CULTIVO DE BANANOS Y PLÁTANOS.,cultivo_fruticola,FALSE,GUAYAS,75,7439551.21,3613189.36,3826361.85,7357773.48,0,91456.12,2024
740790,GLOBAL-COCOA S.A.,G4630,"G4630.14 - VENTA AL POR MAYOR DE CAFÉ, CACAO, TE Y ESPECIAS.",comercio_mayorista,FALSE,GUAYAS,18,7423218.16,2142744.86,5280473.300000001,1161048.62,782105.82,540473.86,2024
89228,THE EXOTIC BLENDS CO. BLEXOTIC S.A.,G4630,G4630.99 - VENTA AL POR MAYOR DE OTROS PRODUCTOS COMESTIBLES (ENLATADOS Y CONSERVAS).,comercio_mayorista,FALSE,PICHINCHA,109,7400619.96,2706699.11,4693920.85,10744587.77,281985.92,151648.53,2024
110882,AGRIBANDA HOLDING (AGRIHOLDING) S.A.,A0122,"A0122.09 - OTROS CULTIVOS DE FRUTAS TROPICALES Y SUBTROPICALES: PAPAYAS, BABACOS, CHAMBUROS, AGUACATES, HIGOS, ARAZÁ, GUAYABAS, GUANÁBANA, GUABA, CHIRIMOYA, NARANJILLAS, ZAPOTES, BOROJÓ, TAMARINDO, GRANADILLAS, DÁTILES, ETCÉTERA.",cultivo_fruticola,TRUE,GUAYAS,2,7389855.46,2357629.47,5032225.99,400962.26,0,234206.32,2024
705803,SUMIBANANAS S.A.,A0122,A0122.01 - CULTIVO DE BANANOS Y PLÁTANOS.,cultivo_fruticola,FALSE,LOS RIOS,317,7386485.57,4979383.34,2407102.2300000004,6556351.19,0,-63622.05,2024
734235,QUIROAGRI S.A.,A0122,A0122.02 - CULTIVO DE MANGOS.,cultivo_fruticola,FALSE,GUAYAS,44,7371146.74,6205168.4,1165978.3399999999,3147359.71,223571.11,184543.56,2024
329650,BGR EXPORT SHRIMP S.A.,G4630,G4630.32 - VENTA AL POR MAYOR DE CAMARÓN Y LANGOSTINOS.,comercio_mayorista,FALSE,EL ORO,9,7365929.79,1472275.95,5893653.84,2593673.6,99850.21,73485.18,2024
706107,AROMAS Y SABORES DEL ECUADOR AROMACACAO S.A.,G4620,G4620.19 - VENTA AL POR MAYOR DE OTRAS MATERIAS PRIMAS AGROPECUARIAS.,comercio_mayorista,FALSE,GUAYAS,42,7346612.74,1617332.69,5729280.050000001,115772676.71,0,938218.02,2024
86167,COMERCIALIZADORA GODOY RUIZ S.A.,G4630,"G4630.14 - VENTA AL POR MAYOR DE CAFÉ, CACAO, TE Y ESPECIAS.",comercio_mayorista,FALSE,PICHINCHA,260,7289134.36,2449784.05,4839350.3100000005,20397317.43,248227.47,176173.29,2024
174366,EXPORTCALAS S.A.,G4620,G4620.15 - VENTA AL POR MAYOR DE FLORES Y PLANTAS.,comercio_mayorista,FALSE,PICHINCHA,671,7272062.79,600284.61,6671778.18,12195264.43,-185575.01,-173083.94,2024
202164,CUDARANSA S.A.,A0122,A0122.01 - CULTIVO DE BANANOS Y PLÁTANOS.,cultivo_fruticola,FALSE,GUAYAS,208,7246603.78,1174887.18,6071716.600000001,4751330.09,180504.05,132489.96,2024
131275,BANASOFT C. LTDA.,A0122,A0122.01 - CULTIVO DE BANANOS Y PLÁTANOS.,cultivo_fruticola,FALSE,LOS RIOS,92,7221843.75,2253447.58,4968396.17,2258808.76,-435250.41,-474513.02,2024
712727,GALARFRUIT S.A.,A0122,A0122.01 - CULTIVO DE BANANOS Y PLÁTANOS.,cultivo_fruticola,FALSE,LOS RIOS,14,7216944.18,2846315.13,4370629.05,3351151.53,0,420601.33,2024
3565,LITOBANANO S.A.,A0122,A0122.01 - CULTIVO DE BANANOS Y PLÁTANOS.,cultivo_fruticola,FALSE,LOS RIOS,2,7147159.91,5152528.39,1994631.5200000005,4575092.86,437364.53,391255.99,2024
343784,EXPORTGAGROUP S.A.,G4630,"G4630.33 - VENTA AL POR MAYOR DE PESCADO, CRUSTÁCEOS, MOLUSCOS Y PRODUCTOS DE LA PESCA.",comercio_mayorista,FALSE,GUAYAS,4,7098900.1,-1104666.43,8203566.529999999,13658820.06,-937083.75,-937073.75,2024
45091,OLEAGRO SALGANA OLEPSA SA,A0126,A0126.01 - CULTIVO DE PALMAS DE ACEITE (PALMA AFRICANA).,cultivo_fruticola,FALSE,ESMERALDAS,1,7020068.95,6920224.22,99844.73000000045,35403.17,21283.68,77970.6,2024
753536,EMPRESA DE GANADEROS DEL ECUADOR ASOGAN-SD S.A.S.,G4620,G4620.21 - VENTA AL POR MAYOR DE ANIMALES VIVOS.,comercio_mayorista,FALSE,SANTO DOMINGO DE LOS TSACHILAS,18,6974638.09,5999743.59,974894.5,4696690.14,402430.02,296076.76,2024
202157,HASANRITA S.A.,A0122,A0122.01 - CULTIVO DE BANANOS Y PLÁTANOS.,cultivo_fruticola,FALSE,GUAYAS,166,6965925.8,2609177.54,4356748.26,4553212.2,468492.37,422379.25,2024
102447,BANCUBER S.A.,A0122,A0122.01 - CULTIVO DE BANANOS Y PLÁTANOS.,cultivo_fruticola,FALSE,GUAYAS,185,6958933.97,6043707.16,915226.8099999996,3803238.31,98486.85,55790.57,2024
132764,IMPORFRUIT S.A.,G4630,G4630.11 - VENTA AL POR MAYOR DE BANANO Y PLÁTANO.,comercio_mayorista,FALSE,GUAYAS,4,6833334,6819858,13476,256805,68880,65904,2024
726499,INTERBANANA EXPORT INTERBANANAEXPORT S.A.,G4630,G4630.11 - VENTA AL POR MAYOR DE BANANO Y PLÁTANO.,comercio_mayorista,FALSE,GUAYAS,21,6782815.99,2134991.73,4647824.26,60776829.55,1548102.99,1489066.82,2024
166718,QUILZIOLLI S.A.,G4630,"G4630.12 - VENTA AL POR MAYOR DE FRUTAS, LEGUMBRES Y HORTALIZAS.",comercio_mayorista,FALSE,SANTA ELENA,152,6773004.47,-210330.76,6983335.2299999995,2032209.12,-618973.24,-618973.24,2024
4005,SOFCA C.A.,A0122,A0122.01 - CULTIVO DE BANANOS Y PLÁTANOS.,cultivo_fruticola,FALSE,GUAYAS,181,6733300.79,3073372.57,3659928.22,3477676.67,-198229.89,-263863.33,2024
88856,CAMPUESA S.A.,G4630,"G4630.95 - VENTA AL POR MAYOR DE BEBIDAS ALCOHÓLICAS, INCLUSO EL ENVASADO DE VINO A GRANEL SIN TRANSFORMACIÓN.",comercio_mayorista,FALSE,SANTO DOMINGO DE LOS TSACHILAS,29,6638707.38,4056287.04,2582420.34,5685552.91,132028.39,90256,2024
137687,GREEN EXPRESS S.A. GREENEXPRESA,G4630,"G4630.12 - VENTA AL POR MAYOR DE FRUTAS, LEGUMBRES Y HORTALIZAS.",comercio_mayorista,FALSE,GUAYAS,23,6620794.52,1375854.56,5244939.959999999,105746890.34,2036899.65,1373936.97,2024
67345,SAGALLE S.A.,A0122,A0122.01 - CULTIVO DE BANANOS Y PLÁTANOS.,cultivo_fruticola,FALSE,LOS RIOS,77,6528075.07,4912885.38,1615189.6900000004,3148061.58,542967.37,500135.62,2024
703628,AGRICOLA BEAN&CO LAMEJOR BEANMEJOR S.A.,A0127,A0127.02 - CULTIVO DE CACAO.,cultivo_fruticola,FALSE,GUAYAS,1,6523450.68,1479390.79,5044059.89,525943.26,-343369.12,-341968.33,2024
113900,TRABOAR S.A.,A0122,A0122.01 - CULTIVO DE BANANOS Y PLÁTANOS.,cultivo_fruticola,FALSE,EL ORO,183,6509651.32,5433992.1,1075659.2200000007,13631868.7,264504.27,93150.7,2024
727121,EXPORTADORA DE PRODUCTOS AGRICOLAS HIDROVO ORGANIC ''EXPHIORGANIC'' S.A.,G4630,"G4630.14 - VENTA AL POR MAYOR DE CAFÉ, CACAO, TE Y ESPECIAS.",comercio_mayorista,FALSE,MANABI,10,6487208.15,1221525.45,5265682.7,37120263.89,898388.89,696379.3,2024
700096,FUSAKATAN CIA.LTDA.,A0122,"A0122.09 - OTROS CULTIVOS DE FRUTAS TROPICALES Y SUBTROPICALES: PAPAYAS, BABACOS, CHAMBUROS, AGUACATES, HIGOS, ARAZÁ, GUAYABAS, GUANÁBANA, GUABA, CHIRIMOYA, NARANJILLAS, ZAPOTES, BOROJÓ, TAMARINDO, GRANADILLAS, DÁTILES, ETCÉTERA.",cultivo_fruticola,TRUE,ESMERALDAS,5,6478914.42,3644682.06,2834232.36,1457121.23,29976.76,7422.54,2024
34379,AGRO TRADER MANABI S.A. ATRAMAN,G4630,"G4630.12 - VENTA AL POR MAYOR DE FRUTAS, LEGUMBRES Y HORTALIZAS.",comercio_mayorista,FALSE,MANABI,14,6445211.58,836418.23,5608793.35,1951546.77,-192147.69,-280333.42,2024
76080,SURGESA S.A.,G4630,G4630.11 - VENTA AL POR MAYOR DE BANANO Y PLÁTANO.,comercio_mayorista,FALSE,GUAYAS,164,6406489.52,5190195.21,1216294.3099999996,7079706.97,0,1503.62,2024
61290,AGROEQUIDAD S.A.,A0122,A0122.01 - CULTIVO DE BANANOS Y PLÁTANOS.,cultivo_fruticola,FALSE,GUAYAS,54,6355028.02,3132123.47,3222904.5499999993,1987422.72,0,1451.78,2024
723512,COMDISTRA S.A.,G4630,G4630.23 - VENTA AL POR MAYOR DE ACEITES Y GRASAS COMESTIBLES DE ORIGEN ANIMAL O VEGETAL.,comercio_mayorista,FALSE,ORELLANA,38,6340677.63,294867.21,6045810.42,13597020.11,432706.64,263092.86,2024
732555,COMERCIALIZADORA MAR DE BALBOA MARDEBALCO S.A.,G4630,"G4630.33 - VENTA AL POR MAYOR DE PESCADO, CRUSTÁCEOS, MOLUSCOS Y PRODUCTOS DE LA PESCA.",comercio_mayorista,FALSE,MANABI,4,6308482.83,2778926.66,3529556.17,14110793.56,0,147950.28,2024
90292,DISTRIBUIDORA DE INSUMOS Y SEMILLAS INSUSEMILLAS CIA. LTDA,G4620,G4620.11 - VENTA AL POR MAYOR DE CEREALES (GRANOS) Y SEMILLAS.,comercio_mayorista,FALSE,PICHINCHA,23,6255424.97,3471471.85,2783953.1199999996,6831233.96,884556.77,657073.8,2024
134084,COMBLANC DEL ECUADOR S.A.,G4630,"G4630.92 - VENTA AL POR MAYOR DE AZÚCAR, CHOCOLATE Y PRODUCTOS DE CONFITERÍA.",comercio_mayorista,FALSE,GUAYAS,60,6249731.28,958696.28,5291035,7623148.69,37158.65,27061.14,2024
19620,ECORIV S.A.,A0122,A0122.01 - CULTIVO DE BANANOS Y PLÁTANOS.,cultivo_fruticola,FALSE,GUAYAS,396,6231074.7,1312144.15,4918930.550000001,8762344.9,399622.21,309034.18,2024
315113,BEST BANANAS BEST&BANANAS S.A.,G4630,G4630.11 - VENTA AL POR MAYOR DE BANANO Y PLÁTANO.,comercio_mayorista,FALSE,EL ORO,9,6197671.54,23119.28,6174552.26,19133699.75,0,237806.24,2024
708631,BEAN&CO NAZARETHFARM S.A.,A0127,A0127.02 - CULTIVO DE CACAO.,cultivo_fruticola,FALSE,GUAYAS,2,6181859.92,2384466.99,3797392.9299999997,941793.68,-89964.29,-71252.13,2024
746519,CHIVIGUAM S.A.,A0122,"A0122.09 - OTROS CULTIVOS DE FRUTAS TROPICALES Y SUBTROPICALES: PAPAYAS, BABACOS, CHAMBUROS, AGUACATES, HIGOS, ARAZÁ, GUAYABAS, GUANÁBANA, GUABA, CHIRIMOYA, NARANJILLAS, ZAPOTES, BOROJÓ, TAMARINDO, GRANADILLAS, DÁTILES, ETCÉTERA.",cultivo_fruticola,TRUE,GUAYAS,1,6161580.12,5057032.64,1104547.4800000004,408101.76,0,-318742.03,2024
321361,FRESTO FOODS S.A.,G4630,"G4630.12 - VENTA AL POR MAYOR DE FRUTAS, LEGUMBRES Y HORTALIZAS.",comercio_mayorista,FALSE,GUAYAS,24,6160571.08,2702183.33,3458387.75,17712321.4,18590.83,12412.69,2024
62987,FRUPINARI CIA. LTDA.,A0122,A0122.01 - CULTIVO DE BANANOS Y PLÁTANOS.,cultivo_fruticola,FALSE,EL ORO,37,6147475.02,5660195.23,487279.7899999991,2330172.12,760310.02,726397.4,2024
722238,SANULAC NUTRICION ECUADOR S.A.,G4630,"G4630.21 - VENTA AL POR MAYOR DE PRODUCTOS LÁCTEOS, INCLUIDO HELADOS, BOLOS, ETCÉTERA.",comercio_mayorista,FALSE,PICHINCHA,32,6108235.49,-14639637.6,20747873.09,13790617.77,798859.53,640515.47,2024
202159,PLANDANE S.A.,A0122,"A0122.09 - OTROS CULTIVOS DE FRUTAS TROPICALES Y SUBTROPICALES: PAPAYAS, BABACOS, CHAMBUROS, AGUACATES, HIGOS, ARAZÁ, GUAYABAS, GUANÁBANA, GUABA, CHIRIMOYA, NARANJILLAS, ZAPOTES, BOROJÓ, TAMARINDO, GRANADILLAS, DÁTILES, ETCÉTERA.",cultivo_fruticola,TRUE,GUAYAS,183,6060978.82,3068245.72,2992733.1,4874059.09,352085.61,303121.55,2024
728742,MARTINETTI COCOA COCOAMAR S.A.,G4630,"G4630.14 - VENTA AL POR MAYOR DE CAFÉ, CACAO, TE Y ESPECIAS.",comercio_mayorista,FALSE,LOS RIOS,9,6047059.82,1011965.4,5035094.42,15730654.61,1028497.42,1028497.42,2024
128395,CORPORACION DELICO CIA. LTDA.,G4630,G4630.99 - VENTA AL POR MAYOR DE OTROS PRODUCTOS COMESTIBLES (ENLATADOS Y CONSERVAS).,comercio_mayorista,FALSE,GUAYAS,18,6039880.88,2280066.84,3759814.04,9397602.13,210963.66,137610.53,2024
747764,GINAFOODS S.A.,G4630,"G4630.12 - VENTA AL POR MAYOR DE FRUTAS, LEGUMBRES Y HORTALIZAS.",comercio_mayorista,FALSE,GUAYAS,66,6024731.35,10397.12,6014334.2299999995,1403067.21,6078.04,6078.04,2024
97584,BANAGINA S.A.,A0122,A0122.01 - CULTIVO DE BANANOS Y PLÁTANOS.,cultivo_fruticola,FALSE,EL ORO,209,6023875.12,1855350.39,4168524.7300000004,3042058.68,10107.03,10107.03,2024
364584,FINCA-AMANECER S.A.S.,G4630,G4630.11 - VENTA AL POR MAYOR DE BANANO Y PLÁTANO.,comercio_mayorista,FALSE,GUAYAS,6,6019351.89,-268529.33,6287881.22,2126553.12,0,-419529.33,2024
38492,FRUTA RICA FRUTARIC S.A.,G4630,G4630.11 - VENTA AL POR MAYOR DE BANANO Y PLÁTANO.,comercio_mayorista,FALSE,EL ORO,24,6001402.05,1090043,4911359.05,32592910.03,273233.13,40674.55,2024
62022,ECUAGREENPRODEX S.A.,G4630,G4630.11 - VENTA AL POR MAYOR DE BANANO Y PLÁTANO.,comercio_mayorista,FALSE,GUAYAS,63,5973841.7,37422.76,5936418.94,81984769.98,0,0,2024
738471,FRUTRADE S.A.S.,A0122,"A0122.09 - OTROS CULTIVOS DE FRUTAS TROPICALES Y SUBTROPICALES: PAPAYAS, BABACOS, CHAMBUROS, AGUACATES, HIGOS, ARAZÁ, GUAYABAS, GUANÁBANA, GUABA, CHIRIMOYA, NARANJILLAS, ZAPOTES, BOROJÓ, TAMARINDO, GRANADILLAS, DÁTILES, ETCÉTERA.",cultivo_fruticola,TRUE,GUAYAS,66,5952956.39,260008.08,5692948.31,13476260.79,80015.07,59934.1,2024
146479,MENDOEXPORT S.A.,A0122,A0122.01 - CULTIVO DE BANANOS Y PLÁTANOS.,cultivo_fruticola,FALSE,GUAYAS,29,5897080.86,1305850.8,4591230.0600000005,36492607.14,588407.36,329538.83,2024
92286,KYPROSS S.A,G4630,G4630.99 - VENTA AL POR MAYOR DE OTROS PRODUCTOS COMESTIBLES (ENLATADOS Y CONSERVAS).,comercio_mayorista,FALSE,PICHINCHA,60,5846381.41,1905889.14,3940492.2700000005,12974044.21,794634.7,536325.74,2024
58920,"JUANPA, JUAN PABLO GARCIA MIRANDA S.A.",G4630,"G4630.12 - VENTA AL POR MAYOR DE FRUTAS, LEGUMBRES Y HORTALIZAS.",comercio_mayorista,FALSE,GUAYAS,3,5839449.34,116597.77,5722851.57,36819.49,-107607.41,-83599.2,2024
723729,PRODUCTOS DEL MAR AZUL PRODMAZUL S.A.,G4630,"G4630.33 - VENTA AL POR MAYOR DE PESCADO, CRUSTÁCEOS, MOLUSCOS Y PRODUCTOS DE LA PESCA.",comercio_mayorista,FALSE,MANABI,44,5838241.99,1715472.47,4122769.5200000005,14089284.49,40905.39,-44895.77,2024
165142,HY-LINE ECUADOR S.A.,G4630,G4630.31 - VENTA AL POR MAYOR DE CARNE Y PRODUCTOS CÁRNICOS (INCLUIDAS LAS AVES DE CORRAL).,comercio_mayorista,FALSE,PICHINCHA,1,5802681.53,4018988.75,1783692.7800000003,4053499.35,306164.42,148024.75,2024
165468,FANALBA S.A.,A0122,A0122.01 - CULTIVO DE BANANOS Y PLÁTANOS.,cultivo_fruticola,FALSE,GUAYAS,14,5792566.28,232176.03,5560390.25,26882116.73,283431.29,56841.58,2024
33641,ITALDELI DELICATESSEN CIA. LTDA.,G4630,G4630.31 - VENTA AL POR MAYOR DE CARNE Y PRODUCTOS CÁRNICOS (INCLUIDAS LAS AVES DE CORRAL).,comercio_mayorista,FALSE,AZUAY,140,5756899.71,2096359.96,3660539.75,14518319.41,335829.65,242478.42,2024
85421,CORPORACIÓN CONSERVERA MUNDO MARINO PENINSULAR COMUMAP S.A.,G4630,"G4630.33 - VENTA AL POR MAYOR DE PESCADO, CRUSTÁCEOS, MOLUSCOS Y PRODUCTOS DE LA PESCA.",comercio_mayorista,FALSE,PICHINCHA,27,5723530.38,4878040.92,845489.46,4593670.54,32215.79,6116.77,2024
710349,PRODUCTORA AGRICOLA ''PINEDA PINEDA'' GRUPOPINEDA CIA.LTDA.,A0122,A0122.01 - CULTIVO DE BANANOS Y PLÁTANOS.,cultivo_fruticola,FALSE,EL ORO,18,5697011.38,3082915.33,2614096.05,2865800.92,573806.63,534830.41,2024
714184,DURANCOCOA S.A.,C1073,C1073.12 - ELABORACIÓN DE CHOCOLATE Y PRODUCTOS DE CHOCOLATE.,procesamiento,FALSE,GUAYAS,23,5679818.8,711732.9,4968085.899999999,11066919.63,53768.3,11594.51,2024
33791,SURAMERICANA DE LICORES LICSUR CIA. LTDA.,G4630,"G4630.95 - VENTA AL POR MAYOR DE BEBIDAS ALCOHÓLICAS, INCLUSO EL ENVASADO DE VINO A GRANEL SIN TRANSFORMACIÓN.",comercio_mayorista,FALSE,GUAYAS,6,5679757.68,401555.34,5278202.34,2267511.39,156765.24,115844.05,2024
715083,EQUAFRESH MORA CASTILLO EQMC CIA.LTDA.,A0122,A0122.01 - CULTIVO DE BANANOS Y PLÁTANOS.,cultivo_fruticola,FALSE,EL ORO,116,5626327.08,118352.56,5507974.5200000005,1684447.45,6005.73,6005.73,2024
97022,CORPORACION AGRICOLA BONITA MARIA AGRIBOMA CIA. LTDA.,G4630,G4630.11 - VENTA AL POR MAYOR DE BANANO Y PLÁTANO.,comercio_mayorista,FALSE,EL ORO,10,5577245.22,5327819.05,249426.16999999993,376971.26,27241.29,9291.12,2024
147799,LIKEFISH S.A.,C1030,"C1030.11 - ELABORACIÓN DE ALIMENTOS COMPUESTOS (MEZCLA) PRINCIPALMENTE DE FRUTAS LEGUMBRES U HORTALIZAS, EXCEPTO PLATOS PREPARADOS EN FORMA CONGELADA O ENLATADA LISTOS PARA CONSUMIR.",procesamiento,FALSE,GUAYAS,3,5537890.06,1089837.64,4448052.42,5661912.51,189644.86,163350.02,2024
39412,FERTILIZANTES Y ABONOS PALACIOS MARQUEZ FERTIPALMA C. LTDA.,A0122,"A0122.09 - OTROS CULTIVOS DE FRUTAS TROPICALES Y SUBTROPICALES: PAPAYAS, BABACOS, CHAMBUROS, AGUACATES, HIGOS, ARAZÁ, GUAYABAS, GUANÁBANA, GUABA, CHIRIMOYA, NARANJILLAS, ZAPOTES, BOROJÓ, TAMARINDO, GRANADILLAS, DÁTILES, ETCÉTERA.",cultivo_fruticola,TRUE,EL ORO,13,5512416,2841367.83,2671048.17,8929194.1,204938,88346.08,2024
97350,BANABIO S.A.,A0122,A0122.01 - CULTIVO DE BANANOS Y PLÁTANOS.,cultivo_fruticola,FALSE,EL ORO,29,5426529.06,1509880.29,3916648.7699999996,45575368.66,612175.21,512324.1,2024
134981,CACAOS FINOS ECUATORIANOS S.A. CAFIESA,C1073,"C1073.11 - ELABORACIÓN DE CACAO, MANTECA, GRASA Y ACEITE DE CACAO.",procesamiento,FALSE,GUAYAS,4,5424202.52,1064591.69,4359610.83,172246.66,-155184.27,-155184.27,2024
5394,AGRO EMPRESA AGROEMP S.A.,A0122,A0122.01 - CULTIVO DE BANANOS Y PLÁTANOS.,cultivo_fruticola,FALSE,LOS RIOS,11,5423861.38,3210699.03,2213162.35,4009616.47,0,39427.91,2024
97441,PACIDEL S.A.,A0122,A0122.01 - CULTIVO DE BANANOS Y PLÁTANOS.,cultivo_fruticola,FALSE,EL ORO,173,5367015.26,3858174.13,1508841.13,3508748.36,662512.04,629281.72,2024
173624,CRIATEC S.A.,G4630,G4630.31 - VENTA AL POR MAYOR DE CARNE Y PRODUCTOS CÁRNICOS (INCLUIDAS LAS AVES DE CORRAL).,comercio_mayorista,FALSE,GUAYAS,114,5312687.03,2064417.93,3248269.1000000006,7788367.13,167976.85,112295.15,2024
141711,BANANERA INTERCONTINENTAL S.A. CONTIBAN,G4630,"G4630.12 - VENTA AL POR MAYOR DE FRUTAS, LEGUMBRES Y HORTALIZAS.",comercio_mayorista,FALSE,GUAYAS,4,5232856.31,1047862.26,4184994.05,5244941.99,0,82635.09,2024
360771,INTIKAW S.A.S.,G4630,"G4630.14 - VENTA AL POR MAYOR DE CAFÉ, CACAO, TE Y ESPECIAS.",comercio_mayorista,FALSE,MANABI,4,5221739.07,4157202.43,1064536.6400000001,29068648.68,0,4156202.43,2024
63118,BANANO DE CALIDAD PARA EL MUNDO BANACALM S. A.,A0122,A0122.01 - CULTIVO DE BANANOS Y PLÁTANOS.,cultivo_fruticola,FALSE,EL ORO,14,5214950.38,1396486.71,3818463.67,1683208.21,91554.69,80320.45,2024
316445,BANAVAL TRADING S.A.S.,G4630,G4630.11 - VENTA AL POR MAYOR DE BANANO Y PLÁTANO.,comercio_mayorista,FALSE,GUAYAS,7,5210713.53,471807.39,4738906.140000001,31002934.82,203524.34,4357.54,2024
89433,XAFEL S.A,G4630,"G4630.95 - VENTA AL POR MAYOR DE BEBIDAS ALCOHÓLICAS, INCLUSO EL ENVASADO DE VINO A GRANEL SIN TRANSFORMACIÓN.",comercio_mayorista,FALSE,PICHINCHA,2,5205454.64,1268885.28,3936569.3599999994,10337861.38,551.75,-22229.24,2024
64701,CORPORACION PLUSBRAND DEL ECUADOR CIA. LTDA.,G4630,"G4630.95 - VENTA AL POR MAYOR DE BEBIDAS ALCOHÓLICAS, INCLUSO EL ENVASADO DE VINO A GRANEL SIN TRANSFORMACIÓN.",comercio_mayorista,FALSE,PICHINCHA,56,5152054.91,1654299.12,3497755.79,9422721.57,277617.23,194803.57,2024
89413,DISTRIBUIDORA PANAMERICANA DE LICORES DIPANLIC S.A.,G4630,"G4630.95 - VENTA AL POR MAYOR DE BEBIDAS ALCOHÓLICAS, INCLUSO EL ENVASADO DE VINO A GRANEL SIN TRANSFORMACIÓN.",comercio_mayorista,FALSE,PICHINCHA,20,5151834.56,1872252.06,3279582.4999999995,4393760,33119.03,6197.51,2024
357105,CAMAGOLFO CAMARONES Y MARISCOS DEL GOLFO S.A.S.,G4630,G4630.32 - VENTA AL POR MAYOR DE CAMARÓN Y LANGOSTINOS.,comercio_mayorista,FALSE,GUAYAS,69,5144352.38,69302.08,5075050.3,2205737.5,29972.66,7038.98,2024
705690,HEALTHYDRINKS S.A.,G4630,"G4630.94 - VENTA AL POR MAYOR DE BEBIDAS NO ALCOHÓLICAS (JUGOS, GASEOSAS, AGUA MINERAL, ETCÉTERA).",comercio_mayorista,FALSE,GUAYAS,92,5143259.01,111005.98,5032253.029999999,6060506.4,-365002.8,-281897.68,2024
159596,FGENTERPRISE S.A.,G4630,"G4630.12 - VENTA AL POR MAYOR DE FRUTAS, LEGUMBRES Y HORTALIZAS.",comercio_mayorista,FALSE,SANTO DOMINGO DE LOS TSACHILAS,99,5125947.31,2349187.15,2776760.1599999997,14689915.58,713086.04,539564.65,2024
341825,EMPACADORA ZHONGLIAN AQUATIC PRODUCTS S.A.,G4630,G4630.32 - VENTA AL POR MAYOR DE CAMARÓN Y LANGOSTINOS.,comercio_mayorista,FALSE,GUAYAS,4,5120044.08,295716,4824328.08,2945551.17,-52763.84,-26381.92,2024
57594,CORPORACION INDUSTRIAL COMERCIAL CUATRO (CORPINCOMCUATRO) S.A.,A0122,A0122.02 - CULTIVO DE MANGOS.,cultivo_fruticola,FALSE,GUAYAS,64,5034015.72,1059017.92,3974997.8,3848558.29,24051.69,17732.5,2024
202171,RICABAN S. A. RICAS BANANAS,A0122,A0122.01 - CULTIVO DE BANANOS Y PLÁTANOS.,cultivo_fruticola,FALSE,GUAYAS,146,5031927.71,3469576.53,1562351.1800000002,3141867.53,335021.2,85436.39,2024
135557,NITROTERRA S.A.,A0122,A0122.01 - CULTIVO DE BANANOS Y PLÁTANOS.,cultivo_fruticola,FALSE,GUAYAS,1174,4986437.29,1581002.43,3405434.8600000003,8425042.96,128285.17,128285.17,2024
159311,AGRICOLA ENTRERIOS S.A.,A0126,A0126.01 - CULTIVO DE PALMAS DE ACEITE (PALMA AFRICANA).,cultivo_fruticola,FALSE,SANTO DOMINGO DE LOS TSACHILAS,95,4982828.75,2920223.79,2062604.96,2947729.97,-46675.85,-98687.8,2024
73926,CAFECOM S.A.,G4630,"G4630.14 - VENTA AL POR MAYOR DE CAFÉ, CACAO, TE Y ESPECIAS.",comercio_mayorista,FALSE,GUAYAS,34,4973092,1373287.42,3599804.58,7684463.83,158670.55,106832.49,2024
166727,LEXKINGSA S.A.,G4630,"G4630.12 - VENTA AL POR MAYOR DE FRUTAS, LEGUMBRES Y HORTALIZAS.",comercio_mayorista,FALSE,LOS RIOS,111,4956718.13,4282114.95,674603.1799999997,3979059.92,132536.9,93947.42,2024
115924,JOHANSACORP S.A.,G4630,"G4630.14 - VENTA AL POR MAYOR DE CAFÉ, CACAO, TE Y ESPECIAS.",comercio_mayorista,FALSE,GUAYAS,17,4929502.12,1897827.08,3031675.04,33528794.1,1689566.48,1392795.65,2024
17616,IMVAB S.A.S.,G4620,G4620.11 - VENTA AL POR MAYOR DE CEREALES (GRANOS) Y SEMILLAS.,comercio_mayorista,FALSE,TUNGURAHUA,70,4924195.75,3487205.4,1436990.35,7744655.5,777853.4,777853.4,2024
1318,SACOA S. A.,G4630,"G4630.14 - VENTA AL POR MAYOR DE CAFÉ, CACAO, TE Y ESPECIAS.",comercio_mayorista,FALSE,GUAYAS,6,4923934.72,2886247.79,2037686.9299999997,65305707.8,1548338.71,1019361.17,2024
747952,AGRORAIZ S.A.,A0122,"A0122.09 - OTROS CULTIVOS DE FRUTAS TROPICALES Y SUBTROPICALES: PAPAYAS, BABACOS, CHAMBUROS, AGUACATES, HIGOS, ARAZÁ, GUAYABAS, GUANÁBANA, GUABA, CHIRIMOYA, NARANJILLAS, ZAPOTES, BOROJÓ, TAMARINDO, GRANADILLAS, DÁTILES, ETCÉTERA.",cultivo_fruticola,TRUE,GUAYAS,1,4889713.9,4807027.07,82686.83000000007,117000,0,-979.1,2024
117248,INDUSTRIAS LUDAFA S.A.,G4630,G4630.99 - VENTA AL POR MAYOR DE OTROS PRODUCTOS COMESTIBLES (ENLATADOS Y CONSERVAS).,comercio_mayorista,FALSE,GUAYAS,85,4878494.94,3241049.06,1637445.8800000004,8027016.07,765340.19,539722.12,2024
708546,EXPORTADORA HIDROVO MUÑOZ S. A. EXPHIMUSA,A0127,A0127.01 - CULTIVO DE CAFÉ.,cultivo_fruticola,FALSE,MANABI,3,4876013.23,1753299.39,3122713.840000001,16938655,0,411325.37,2024
125142,AZUCARDA S.A.,G4630,G4630.11 - VENTA AL POR MAYOR DE BANANO Y PLÁTANO.,comercio_mayorista,FALSE,LOS RIOS,38,4874755.32,137805.7,4736949.62,2270332.08,35309.51,7272.65,2024
38340,SIEMBRAS AGRICOLAS INDUSTRIALES DEL ECUADOR S.A. SAGRIDEL,A0122,A0122.01 - CULTIVO DE BANANOS Y PLÁTANOS.,cultivo_fruticola,FALSE,EL ORO,67,4868514.23,414866.35,4453647.880000001,1568659.6,40224.23,24535.25,2024
42700,AGRICOLAS UNIDAS DEL SUR SA AUSURSA,A0122,A0122.01 - CULTIVO DE BANANOS Y PLÁTANOS.,cultivo_fruticola,FALSE,EL ORO,110,4861155.22,2428520.33,2432634.8899999997,3577819.83,-9242319.12,-9281325.8,2024
88886,UYAMAFARMS S.A.,A0122,"A0122.09 - OTROS CULTIVOS DE FRUTAS TROPICALES Y SUBTROPICALES: PAPAYAS, BABACOS, CHAMBUROS, AGUACATES, HIGOS, ARAZÁ, GUAYABAS, GUANÁBANA, GUABA, CHIRIMOYA, NARANJILLAS, ZAPOTES, BOROJÓ, TAMARINDO, GRANADILLAS, DÁTILES, ETCÉTERA.",cultivo_fruticola,TRUE,CARCHI,43,4844539.49,2418773.35,2425766.14,1034534.79,0,10768.88,2024
364488,CACAOALLPA S.A.,G4630,"G4630.14 - VENTA AL POR MAYOR DE CAFÉ, CACAO, TE Y ESPECIAS.",comercio_mayorista,FALSE,ESMERALDAS,3,4833214.57,38919.24,4794295.33,4175862.82,213282.82,33919.24,2024
720592,AGROBANSUR S.A.,A0122,A0122.01 - CULTIVO DE BANANOS Y PLÁTANOS.,cultivo_fruticola,FALSE,GUAYAS,13,4827853.59,1280150.01,3547703.58,11556178.45,89233.75,8812.24,2024
132162,ECOBANEC CIA. LTDA.,A0122,A0122.01 - CULTIVO DE BANANOS Y PLÁTANOS.,cultivo_fruticola,FALSE,GUAYAS,3,4796214.32,1906178.55,2890035.7700000005,15158642,49345.27,49345.27,2024
305635,COMERCIALIZADORA MAYORISTA DE LEGUMBRES Y AFINES COMERCIANTES MAYORISTAS & COSTA SIERRA ''COMERMAYCOM'' S.A.,G4630,"G4630.12 - VENTA AL POR MAYOR DE FRUTAS, LEGUMBRES Y HORTALIZAS.",comercio_mayorista,FALSE,SANTO DOMINGO DE LOS TSACHILAS,10,4781818,4419312.04,362505.95999999996,445634.32,4037.53,2511.39,2024
726900,ACUISHRIMP S.A.,G4630,G4630.32 - VENTA AL POR MAYOR DE CAMARÓN Y LANGOSTINOS.,comercio_mayorista,FALSE,GUAYAS,149,4757411.59,359928.78,4397482.81,2841859.38,187980.87,140757.33,2024
2750,SOCIEDAD ANONIMA CIVIL AGRICOLA ECUADOR SA,A0127,A0127.02 - CULTIVO DE CACAO.,cultivo_fruticola,FALSE,GUAYAS,17,4753019.32,3120913.41,1632105.9100000001,1154635.67,68137.85,51103.39,2024
725668,BIOCONVERSIÓN S.A.,C1030,"C1030.14 - FABRICACIÓN DE PRODUCTOS ALIMENTICIOS A PARTIR DE (UN SOLO COMPONENTE) FRUTAS, LEGUMBRES Y HORTALIZAS; INCLUSO SNACKS DE PLÁTANO (CHIFLES), YUCA, FRUTAS, ETCÉTERA, EXCEPTO PAPA.",procesamiento,FALSE,GUAYAS,24,4734769.73,2497784.73,2236985.0000000005,214225.52,-1071756.51,-1071756.51,2024
137610,AGROAEREO FRUIT EXPORT S.A.,A0122,A0122.01 - CULTIVO DE BANANOS Y PLÁTANOS.,cultivo_fruticola,FALSE,LOS RIOS,15,4711755.52,417718.2,4294037.319999999,961704.1,0,93421.96,2024
314332,MF BANEXPORT GROBANDELI S.A.,G4630,G4630.11 - VENTA AL POR MAYOR DE BANANO Y PLÁTANO.,comercio_mayorista,FALSE,GUAYAS,8,4693186.13,609832.07,4083354.06,12268356.24,106462.73,15894.14,2024
722324,MUSATEC ECUADOR CULTIVOS-AGRICOLAS CIA.LTDA.,A0122,A0122.01 - CULTIVO DE BANANOS Y PLÁTANOS.,cultivo_fruticola,FALSE,SANTA ELENA,60,4681652.49,1331674.74,3349977.75,2278529.87,5457.77,3823.13,2024
308977,INVERSIONES PALADINES VALVERDE PALVAINVER C.A.,A0122,A0122.01 - CULTIVO DE BANANOS Y PLÁTANOS.,cultivo_fruticola,FALSE,EL ORO,142,4678370.54,2243924.81,2434445.73,2142419.55,33882.81,6382.5,2024
756530,"CORPORACIÓN GRIJALVA ""CORPGRI"" S.A.",G4620,G4620.15 - VENTA AL POR MAYOR DE FLORES Y PLANTAS.,comercio_mayorista,FALSE,PICHINCHA,6,4676599,3446359,1230240,405500,0,360,2024
715154,ECUADORCB S.A.,G4630,G4630.93 - VENTA AL POR MAYOR DE PRODUCTOS DE PANADERÍA Y REPOSTERÍA.,comercio_mayorista,FALSE,GUAYAS,40,4673384.44,-118366.94,4791751.380000001,1267111.02,-316473.15,-316473.15,2024
724518,ICECREAMWORLD S.A.,G4630,"G4630.21 - VENTA AL POR MAYOR DE PRODUCTOS LÁCTEOS, INCLUIDO HELADOS, BOLOS, ETCÉTERA.",comercio_mayorista,FALSE,GUAYAS,62,4657137.8,1630002.12,3027135.6799999997,6216859.27,252193.4,192306.47,2024
746256,COCOAEXPOR CIA.LTDA.,A0127,A0127.02 - CULTIVO DE CACAO.,cultivo_fruticola,FALSE,SANTO DOMINGO DE LOS TSACHILAS,11,4647165.43,497045.42,4150120.01,61966384.61,625793.72,473817.05,2024
70239,ESTRID S.A. ESTRIDSA,G4630,"G4630.21 - VENTA AL POR MAYOR DE PRODUCTOS LÁCTEOS, INCLUIDO HELADOS, BOLOS, ETCÉTERA.",comercio_mayorista,FALSE,GUAYAS,4,4635712.13,1380305.42,3255406.71,2905297.77,85908.91,64431.68,2024
62413,AGROFIVE S.A.,A0122,A0122.01 - CULTIVO DE BANANOS Y PLÁTANOS.,cultivo_fruticola,FALSE,GUAYAS,77,4581451.87,924668.76,3656783.1100000003,2323361.53,0,116958.49,2024
363292,TIERRABENDITA S.A.S. B.I.C.,G4620,G4620.11 - VENTA AL POR MAYOR DE CEREALES (GRANOS) Y SEMILLAS.,comercio_mayorista,FALSE,ESMERALDAS,4,4550840.17,84208.83,4466631.34,5289941.64,111211.77,83408.83,2024
118971,PROPALCOL S.A.,A0122,A0122.02 - CULTIVO DE MANGOS.,cultivo_fruticola,FALSE,GUAYAS,88,4536293.94,2040577.98,2495715.9600000004,12713514.28,625161.61,464873.44,2024
10735,PRODUCTOS LACTEOS GONZALEZ CIA LTDA,G4630,"G4630.21 - VENTA AL POR MAYOR DE PRODUCTOS LÁCTEOS, INCLUIDO HELADOS, BOLOS, ETCÉTERA.",comercio_mayorista,FALSE,PICHINCHA,34,4505788.13,1207848.49,3297939.6399999997,3777853.82,6185.85,3806.23,2024
111130,TOCALIT S.A.,G4630,G4630.11 - VENTA AL POR MAYOR DE BANANO Y PLÁTANO.,comercio_mayorista,FALSE,GUAYAS,54,4482117.37,36029.68,4446087.69,4203416.08,-374355.23,-374355.23,2024
740271,DELENCANTO FOODS S.A.S.,C1030,"C1030.14 - FABRICACIÓN DE PRODUCTOS ALIMENTICIOS A PARTIR DE (UN SOLO COMPONENTE) FRUTAS, LEGUMBRES Y HORTALIZAS; INCLUSO SNACKS DE PLÁTANO (CHIFLES), YUCA, FRUTAS, ETCÉTERA, EXCEPTO PAPA.",procesamiento,FALSE,PICHINCHA,5,4470219.4,1610056.85,2860162.5500000003,7259931.29,1123093.88,834367.26,2024
116139,DESARROLLUS S.A.,A0127,A0127.02 - CULTIVO DE CACAO.,cultivo_fruticola,FALSE,GUAYAS,2,4468337.4,1304979.64,3163357.7600000007,2629834.03,481800.98,456532.01,2024
141036,AGRICOLA LOS VOLCANES AGROVOLCANES CIA. LTDA.,G4630,"G4630.21 - VENTA AL POR MAYOR DE PRODUCTOS LÁCTEOS, INCLUIDO HELADOS, BOLOS, ETCÉTERA.",comercio_mayorista,FALSE,PICHINCHA,9,4460708.35,1190669.72,3270038.63,906928.1,0,7653.56,2024
735408,NAVACFRUT S.A.,C1030,"C1030.14 - FABRICACIÓN DE PRODUCTOS ALIMENTICIOS A PARTIR DE (UN SOLO COMPONENTE) FRUTAS, LEGUMBRES Y HORTALIZAS; INCLUSO SNACKS DE PLÁTANO (CHIFLES), YUCA, FRUTAS, ETCÉTERA, EXCEPTO PAPA.",procesamiento,FALSE,LOS RIOS,11,4438118.25,2075166.04,2362952.21,38192220.54,862921.78,362764.37,2024
38942,"BANTRO, BANANO TROPICAL S.A.",A0122,A0122.01 - CULTIVO DE BANANOS Y PLÁTANOS.,cultivo_fruticola,FALSE,EL ORO,56,4359609.38,3685043.83,674565.5499999998,979422.18,15485.85,5629.77,2024
20286,EXPORTADORA MACHALA CIA LTDA,A0122,A0122.01 - CULTIVO DE BANANOS Y PLÁTANOS.,cultivo_fruticola,FALSE,EL ORO,5,4353431.99,-4173253.12,8526685.11,953.31,-30648.26,-27905.77,2024
703724,BENFERPRISA CIA.LTDA.,A0122,"A0122.09 - OTROS CULTIVOS DE FRUTAS TROPICALES Y SUBTROPICALES: PAPAYAS, BABACOS, CHAMBUROS, AGUACATES, HIGOS, ARAZÁ, GUAYABAS, GUANÁBANA, GUABA, CHIRIMOYA, NARANJILLAS, ZAPOTES, BOROJÓ, TAMARINDO, GRANADILLAS, DÁTILES, ETCÉTERA.",cultivo_fruticola,TRUE,GUAYAS,60,4348008.62,846609.93,3501398.69,1565542.36,72491.26,49393.45,2024
734821,COMERCIALIZADORA DE CACAO COCOACOMERCE S.A.,A0127,A0127.02 - CULTIVO DE CACAO.,cultivo_fruticola,FALSE,GUAYAS,5,4305361.26,240264.01,4065097.25,38434491.12,169489.53,127117.15,2024
109603,JEDESCO S.A.,G4630,"G4630.12 - VENTA AL POR MAYOR DE FRUTAS, LEGUMBRES Y HORTALIZAS.",comercio_mayorista,FALSE,GUAYAS,4,4295273.47,4079449.03,215824.43999999994,4764563.4,136005.83,105725.91,2024
139537,COMPAÑIA AGRICOLA COAMU S.A.,A0122,A0122.01 - CULTIVO DE BANANOS Y PLÁTANOS.,cultivo_fruticola,FALSE,EL ORO,4,4262315.78,1123727.78,3138588,3216435.76,64031.59,64031.59,2024
745552,LYRA-EXPORTS S.A.S.,A0122,A0122.01 - CULTIVO DE BANANOS Y PLÁTANOS.,cultivo_fruticola,FALSE,GUAYAS,10,4243682.7,-255590.92,4499273.62,34371567.46,25754.65,-232028.61,2024
10936,CALIDAD EN BANANO BANACALI S.A.,G4630,G4630.11 - VENTA AL POR MAYOR DE BANANO Y PLÁTANO.,comercio_mayorista,FALSE,EL ORO,20,4226768.52,458766.68,3768001.8399999994,3967630.44,-2024425.09,-2024425.09,2024
130442,TRAVISER S.A.,A0122,A0122.01 - CULTIVO DE BANANOS Y PLÁTANOS.,cultivo_fruticola,FALSE,GUAYAS,8,4223427.65,1487211.75,2736215.9000000004,6591485.96,832712.44,273466.06,2024
38478,ORGANICFRUIT S.A.,A0122,A0122.01 - CULTIVO DE BANANOS Y PLÁTANOS.,cultivo_fruticola,FALSE,EL ORO,112,4203436.12,1557413.14,2646022.9800000004,4799217.56,0,210320.13,2024
180523,MANJIMEXPORT S.A.,G4630,"G4630.12 - VENTA AL POR MAYOR DE FRUTAS, LEGUMBRES Y HORTALIZAS.",comercio_mayorista,FALSE,LOS RIOS,17,4175004.05,244395.59,3930608.46,4767079.06,9467.67,4597.33,2024
706582,CCMANGOS S.A.,A0122,"A0122.09 - OTROS CULTIVOS DE FRUTAS TROPICALES Y SUBTROPICALES: PAPAYAS, BABACOS, CHAMBUROS, AGUACATES, HIGOS, ARAZÁ, GUAYABAS, GUANÁBANA, GUABA, CHIRIMOYA, NARANJILLAS, ZAPOTES, BOROJÓ, TAMARINDO, GRANADILLAS, DÁTILES, ETCÉTERA.",cultivo_fruticola,TRUE,GUAYAS,76,4144763.35,3130816.53,1013946.8200000003,4273906.5,0,237217.75,2024
303369,DISTRIBUIDORA COMERCIAL MAYORISTA DIMAXYCOMP CIA.LTDA.,G4620,G4620.11 - VENTA AL POR MAYOR DE CEREALES (GRANOS) Y SEMILLAS.,comercio_mayorista,FALSE,PICHINCHA,60,4123207.11,477062.6,3646144.51,12351744.62,17035.58,17035.58,2024
726088,FRUTAS EXOTICAS DEL PACIFICO FRUTAPAC S.A.,A0122,"A0122.09 - OTROS CULTIVOS DE FRUTAS TROPICALES Y SUBTROPICALES: PAPAYAS, BABACOS, CHAMBUROS, AGUACATES, HIGOS, ARAZÁ, GUAYABAS, GUANÁBANA, GUABA, CHIRIMOYA, NARANJILLAS, ZAPOTES, BOROJÓ, TAMARINDO, GRANADILLAS, DÁTILES, ETCÉTERA.",cultivo_fruticola,TRUE,MANABI,16,4121918.18,3111923.33,1009994.8500000001,1188465.67,0,91997.03,2024
737308,ENROBAN S.A.S.,A0122,A0122.01 - CULTIVO DE BANANOS Y PLÁTANOS.,cultivo_fruticola,FALSE,GUAYAS,96,4120072.64,94686.68,4025385.96,2911725.11,53323.29,18564.19,2024
311518,MAZZANCOLLE TROPICALI S.A.,G4630,G4630.32 - VENTA AL POR MAYOR DE CAMARÓN Y LANGOSTINOS.,comercio_mayorista,FALSE,GUAYAS,6,4103038,304056.41,3798981.59,1192281.55,339098.19,315373.66,2024
117619,CAMPONET S.A.,A0122,A0122.01 - CULTIVO DE BANANOS Y PLÁTANOS.,cultivo_fruticola,FALSE,GUAYAS,92,4084144.54,281043,3803101.54,275797.12,35413.92,35413.92,2024
749358,DELICRACK S.A.,C1030,C1030.23 - ELABORACIÓN DE PAPAS FRITAS Y SNACKS DE PAPAS.,procesamiento,FALSE,MANABI,6,4079630.42,38244.22,4041386.1999999997,4416543.05,0,8528.76,2024
134476,EXPORTACIONES AGRICOLA EKOPLANTAINS S.A.,G4630,G4630.11 - VENTA AL POR MAYOR DE BANANO Y PLÁTANO.,comercio_mayorista,FALSE,LOS RIOS,4,4065205.46,1543023.12,2522182.34,5089182.48,0,620112.05,2024
63907,HOREBINVEST S.A.,A0126,A0126.01 - CULTIVO DE PALMAS DE ACEITE (PALMA AFRICANA).,cultivo_fruticola,FALSE,GUAYAS,20,4061907.29,2549103.07,1512804.2200000002,1406834.3,59618.09,36533.44,2024
723445,CATARAMA EXPORT CTEX S.A.,G4630,"G4630.14 - VENTA AL POR MAYOR DE CAFÉ, CACAO, TE Y ESPECIAS.",comercio_mayorista,FALSE,LOS RIOS,10,4056357.47,1945593.27,2110764.2,26891609.28,2062694.23,1632361.18,2024
356683,BANANA MSY BENDICIONES DE DIOS S.A.S.,A0122,A0122.01 - CULTIVO DE BANANOS Y PLÁTANOS.,cultivo_fruticola,FALSE,EL ORO,64,4034351.28,37197.43,3997153.8499999996,771095.65,26323.03,17097.16,2024
128371,BANARPALM S.A.,A0122,A0122.01 - CULTIVO DE BANANOS Y PLÁTANOS.,cultivo_fruticola,FALSE,GUAYAS,2,4033600.22,60027.85,3973572.37,349592.41,0,-382481.46,2024
136965,ECUACAPA S.A.,A0122,A0122.01 - CULTIVO DE BANANOS Y PLÁTANOS.,cultivo_fruticola,FALSE,LOS RIOS,20,4031072.97,183337.09,3847735.8800000004,1737528,-168570.98,-168570.98,2024
715765,ALL-FISH S.A.,G4620,G4620.19 - VENTA AL POR MAYOR DE OTRAS MATERIAS PRIMAS AGROPECUARIAS.,comercio_mayorista,FALSE,GUAYAS,10,4030157.27,928496.3,3101660.9699999997,4001879.37,27248.6,11677.97,2024
86111,INGREDION ECUADOR S.A.,G4620,G4620.11 - VENTA AL POR MAYOR DE CEREALES (GRANOS) Y SEMILLAS.,comercio_mayorista,FALSE,GUAYAS,2,4023263,2731729,1291534,5698598,-7524.63,-106117,2024
119287,NETHERLANDS S.A.,A0122,A0122.01 - CULTIVO DE BANANOS Y PLÁTANOS.,cultivo_fruticola,FALSE,LOS RIOS,154,3990925.21,2404990.89,1585934.3199999998,3006558.45,409561.86,374609.6,2024
26892,PROCESADORA DE FRUTAS NATURALES PROFRUTAS C LTDA,C1030,"C1030.12 - CONSERVACIÓN DE FRUTAS, PULPA DE FRUTAS, LEGUMBRES Y HORTALIZAS MEDIANTE EL CONGELADO, SECADO, DESHIDRATADO, INMERSIÓN EN ACEITE O VINAGRE, ENLATADO, ETCÉTERA.",procesamiento,FALSE,GUAYAS,99,3970654.44,2218140.02,1752514.42,8651497.66,387939.11,297120.06,2024
175205,CACAOBAL CIA.LTDA.,G4630,G4630.11 - VENTA AL POR MAYOR DE BANANO Y PLÁTANO.,comercio_mayorista,FALSE,GUAYAS,35,3961198.07,135008.56,3826189.51,1047578.5,9.11,6.83,2024
258,COMPANIA ECUATORIANA DEL TE CA CETCA,A0127,"A0127.09 - OTROS CULTIVOS DE PLANTAS CON LAS QUE SE PREPARAN BEBIDAS: TÉ, MATE, ETCÉTERA.",cultivo_fruticola,FALSE,PICHINCHA,79,3957278.83,2506074.37,1451204.46,3551777.33,336015,243095.52,2024
41592,VPCEC S.A.,G4630,"G4630.12 - VENTA AL POR MAYOR DE FRUTAS, LEGUMBRES Y HORTALIZAS.",comercio_mayorista,FALSE,GUAYAS,72,3950777.76,1104384.4,2846393.36,25548290.48,-35367.37,-49608.24,2024
173795,NATBEAUTY S.A.,G4620,G4620.15 - VENTA AL POR MAYOR DE FLORES Y PLANTAS.,comercio_mayorista,FALSE,PICHINCHA,124,3937298.6,982432.09,2954866.5100000002,5453049.57,-8694.3,-25270.83,2024
55672,HUESCA S.A.,A0122,A0122.01 - CULTIVO DE BANANOS Y PLÁTANOS.,cultivo_fruticola,FALSE,GUAYAS,195,3904725.82,1887608.17,2017117.65,4539913.3,0,167292.1,2024
4353,COMPANIA DE PRODUCCION TROPICAL SA,A0122,A0122.01 - CULTIVO DE BANANOS Y PLÁTANOS.,cultivo_fruticola,FALSE,EL ORO,45,3899498.26,3623505.83,275992.4299999997,1895958.98,199598.16,199598.16,2024
148267,BOCARAB S.A.,G4630,"G4630.12 - VENTA AL POR MAYOR DE FRUTAS, LEGUMBRES Y HORTALIZAS.",comercio_mayorista,FALSE,PICHINCHA,4,3875057.02,1728464.46,2146592.56,207883.95,2105.58,425.66,2024
126157,AGRICAMPO S.A.,G4630,G4630.91 - VENTA AL POR MAYOR DE ARROZ.,comercio_mayorista,FALSE,GUAYAS,26,3870576.15,1587827.46,2282748.69,6639050.31,0,120141.66,2024
136174,PILADORA HERMANOS ANDRADE S.A. PILANDRADE,G4630,G4630.91 - VENTA AL POR MAYOR DE ARROZ.,comercio_mayorista,FALSE,GUAYAS,42,3858791.58,2570054.85,1288736.73,6909809.45,98872.41,51017.11,2024
177041,RALIUGA S.A.,G4630,G4630.11 - VENTA AL POR MAYOR DE BANANO Y PLÁTANO.,comercio_mayorista,FALSE,GUAYAS,21,3852258.85,1702085.79,2150173.06,2010878.93,0,138202.94,2024
726410,COMPAÑIA IMPORTADORA & EXPORTADORA JANEIMY S.A.,G4630,G4630.11 - VENTA AL POR MAYOR DE BANANO Y PLÁTANO.,comercio_mayorista,FALSE,SANTO DOMINGO DE LOS TSACHILAS,4,3850289.66,696775.41,3153514.25,4435024.66,120663.91,39215.65,2024
309067,IMPORTADORA ALIMENTICIA CONTINENTAL GRAINS CONTGRAINS S.A.,G4620,G4620.11 - VENTA AL POR MAYOR DE CEREALES (GRANOS) Y SEMILLAS.,comercio_mayorista,FALSE,PICHINCHA,38,3847833.17,303065.39,3544767.78,14393885.14,-19502.38,-19502.38,2024
9856,COMPANIA AGRICOLA CULTIVOS DEL LITORAL AGRICULTOSA SA,A0122,A0122.01 - CULTIVO DE BANANOS Y PLÁTANOS.,cultivo_fruticola,FALSE,EL ORO,89,3816387.96,3287230.79,529157.1699999999,3005082.75,422159.05,390601.42,2024
81130,SAN FERMIN S.A. FERMINSA,A0122,A0122.01 - CULTIVO DE BANANOS Y PLÁTANOS.,cultivo_fruticola,FALSE,GUAYAS,4,3812620.21,1142630.4,2669989.81,137856.61,-72347.41,-78224,2024
99513,HERMANAS UBILLA MENDOZA HUBIMEZA S.A.,A0122,"A0122.09 - OTROS CULTIVOS DE FRUTAS TROPICALES Y SUBTROPICALES: PAPAYAS, BABACOS, CHAMBUROS, AGUACATES, HIGOS, ARAZÁ, GUAYABAS, GUANÁBANA, GUABA, CHIRIMOYA, NARANJILLAS, ZAPOTES, BOROJÓ, TAMARINDO, GRANADILLAS, DÁTILES, ETCÉTERA.",cultivo_fruticola,TRUE,GUAYAS,81,3802158.96,1537620.4,2264538.56,2795355.29,240295.95,211207.69,2024
732233,EXPOSYNERGY S.A.S.,G4630,G4630.32 - VENTA AL POR MAYOR DE CAMARÓN Y LANGOSTINOS.,comercio_mayorista,FALSE,GUAYAS,334,3797953.07,175419.83,3622533.2399999998,13623739.05,35369.14,31832.23,2024
310666,EXPORTADORA DE FRUTAS TROPICALES SAN FRANCISCO EXPORTSANFRAN S.A.,G4630,G4630.11 - VENTA AL POR MAYOR DE BANANO Y PLÁTANO.,comercio_mayorista,FALSE,EL ORO,15,3785924.27,2946532.53,839391.7400000002,7408862.1,1281170.72,992774.67,2024
122399,SUPERCOMPANY S.A.,A0122,A0122.01 - CULTIVO DE BANANOS Y PLÁTANOS.,cultivo_fruticola,FALSE,GUAYAS,43,3778594.45,3025297.86,753296.5900000003,2114221.23,110087.22,72193.58,2024
357429,BANAFRUITCORP S.A.,A0122,A0122.01 - CULTIVO DE BANANOS Y PLÁTANOS.,cultivo_fruticola,FALSE,GUAYAS,90,3744172.82,52900.82,3691272,1729424.12,28025.84,8209.99,2024
124285,SALAPISA S.A.,A0122,A0122.01 - CULTIVO DE BANANOS Y PLÁTANOS.,cultivo_fruticola,FALSE,LOS RIOS,96,3738062.41,663515.77,3074546.64,3202353.93,68882.85,30386.11,2024
65315,SEMBRIOS DE EXPORTACION SEMBRIEXPORT S.A.,A0123,"A0123.09 - OTROS CULTIVOS DE CÍTRICOS, LIMONES, TORONJAS, LIMAS, ETCÉTERA.",cultivo_fruticola,FALSE,GUAYAS,4,3735614.88,646546.34,3089068.54,7723925.54,0,87032.58,2024
707935,FRUTASIETE CIA.LTDA.,A0122,A0122.01 - CULTIVO DE BANANOS Y PLÁTANOS.,cultivo_fruticola,FALSE,GUAYAS,56,3725985.9,-784279.86,4510265.76,1033561.88,-116463.2,-128095.76,2024
202161,BALALOM S.A.,A0122,A0122.01 - CULTIVO DE BANANOS Y PLÁTANOS.,cultivo_fruticola,FALSE,GUAYAS,23,3724038.94,59491.14,3664547.8,1303045.42,40391.79,29514.99,2024
52849,CARLOS VERA MENESES CAVEMIMPORT CIA. LTDA.,G4630,"G4630.95 - VENTA AL POR MAYOR DE BEBIDAS ALCOHÓLICAS, INCLUSO EL ENVASADO DE VINO A GRANEL SIN TRANSFORMACIÓN.",comercio_mayorista,FALSE,PICHINCHA,10,3685234.01,517747.73,3167486.28,6747454.46,339384.54,214916.58,2024
723118,BEAN&CO PROCESSING BEANPROCESSING S.A.,G4630,"G4630.14 - VENTA AL POR MAYOR DE CAFÉ, CACAO, TE Y ESPECIAS.",comercio_mayorista,FALSE,GUAYAS,5,3666841.3,-3082610.77,6749452.07,3969959.18,13482.86,-3437.51,2024
725125,DISTRIBUIDORA DE CONSUMO MASIVO NEOPOR S.A.,G4630,"G4630.12 - VENTA AL POR MAYOR DE FRUTAS, LEGUMBRES Y HORTALIZAS.",comercio_mayorista,FALSE,MANABI,2,3657056.02,728280.66,2928775.36,1000,0,-17962.09,2024
76848,ATELASA S.A.,G4630,"G4630.21 - VENTA AL POR MAYOR DE PRODUCTOS LÁCTEOS, INCLUIDO HELADOS, BOLOS, ETCÉTERA.",comercio_mayorista,FALSE,GUAYAS,2,3648799.29,1106480.26,2542319.0300000003,665308.51,512698.55,396259.88,2024
736391,TROPICALBAN S.A.,G4630,G4630.11 - VENTA AL POR MAYOR DE BANANO Y PLÁTANO.,comercio_mayorista,FALSE,GUAYAS,6,3633201.99,72178.53,3561023.4600000004,3028170.21,105204.02,71012.71,2024
723149,AGRICOLA DEL LITORAL AGRIDLIT S.A.,A0127,A0127.02 - CULTIVO DE CACAO.,cultivo_fruticola,FALSE,GUAYAS,7,3632818,219986.83,3412831.17,1704110.6,-39720.56,-39720.56,2024
146655,KARASTE S.A.,G4630,"G4630.33 - VENTA AL POR MAYOR DE PESCADO, CRUSTÁCEOS, MOLUSCOS Y PRODUCTOS DE LA PESCA.",comercio_mayorista,FALSE,GUAYAS,5,3623228.7,1073912.59,2549316.1100000003,4917713.86,412455.4,337215.28,2024
122580,FEJISA S.A.,A0122,A0122.01 - CULTIVO DE BANANOS Y PLÁTANOS.,cultivo_fruticola,FALSE,GUAYAS,112,3615285.28,945090.51,2670194.7699999996,1785162.92,68239.88,68239.88,2024
734128,AGROVIRU S.A.,A0122,A0122.01 - CULTIVO DE BANANOS Y PLÁTANOS.,cultivo_fruticola,FALSE,GUAYAS,10,3609589.44,-447796.95,4057386.39,1557976.09,0,-31814.55,2024
314140,CORPORACION CABRERA & ZAMBRANO CA&ZA S.A.,A0122,A0122.01 - CULTIVO DE BANANOS Y PLÁTANOS.,cultivo_fruticola,FALSE,GUAYAS,8,3609230.11,1279553.36,2329676.75,2978349.8,271589.75,252461.89,2024
38992,INDAGROPEC C.A.,A0122,A0122.01 - CULTIVO DE BANANOS Y PLÁTANOS.,cultivo_fruticola,FALSE,EL ORO,107,3550337.19,3004869.99,545467.1999999997,2013145.32,0,41198.06,2024
112812,NIKAMAR S.A.,G4630,G4630.31 - VENTA AL POR MAYOR DE CARNE Y PRODUCTOS CÁRNICOS (INCLUIDAS LAS AVES DE CORRAL).,comercio_mayorista,FALSE,GUAYAS,130,3540355.44,513673.56,3026681.88,25312805.47,230647.23,176211.65,2024
85053,BARENTZ ECUADOR S.A.,G4630,"G4630.94 - VENTA AL POR MAYOR DE BEBIDAS NO ALCOHÓLICAS (JUGOS, GASEOSAS, AGUA MINERAL, ETCÉTERA).",comercio_mayorista,FALSE,PICHINCHA,15,3537917.36,2327105.64,1210811.7199999997,5557578.04,436879.79,290209.39,2024
126822,BAMAREX S.A.,A0122,A0122.01 - CULTIVO DE BANANOS Y PLÁTANOS.,cultivo_fruticola,FALSE,LOS RIOS,89,3522348.31,2718794.95,803553.3599999999,3636871.11,229478.2,189501.3,2024
52745,PRODUCTOS OLE DEL ECUADOR PRODUCTOSOLE CIA.LTDA.,C1030,"C1030.11 - ELABORACIÓN DE ALIMENTOS COMPUESTOS (MEZCLA) PRINCIPALMENTE DE FRUTAS LEGUMBRES U HORTALIZAS, EXCEPTO PLATOS PREPARADOS EN FORMA CONGELADA O ENLATADA LISTOS PARA CONSUMIR.",procesamiento,FALSE,PICHINCHA,77,3501447.53,347778.79,3153668.7399999998,5893328.62,0,2113.84,2024
715418,SAMIYAMEALS S.A.,C1030,"C1030.14 - FABRICACIÓN DE PRODUCTOS ALIMENTICIOS A PARTIR DE (UN SOLO COMPONENTE) FRUTAS, LEGUMBRES Y HORTALIZAS; INCLUSO SNACKS DE PLÁTANO (CHIFLES), YUCA, FRUTAS, ETCÉTERA, EXCEPTO PAPA.",procesamiento,FALSE,GUAYAS,100,3501025.32,1778016.15,1723009.17,8274156.37,762025.88,596508.58,2024
179499,SERVICIOS MULTIMARCAS UNIDAS SERVMULTIMARC CIA. LTDA.,G4630,"G4630.95 - VENTA AL POR MAYOR DE BEBIDAS ALCOHÓLICAS, INCLUSO EL ENVASADO DE VINO A GRANEL SIN TRANSFORMACIÓN.",comercio_mayorista,FALSE,GUAYAS,30,3481297.29,819882.28,2661415.01,5258004.33,94438.37,69811.16,2024
55316,AGRICOLA E INDUSTRIAL PRIMOBANANO S.A.,A0122,A0122.01 - CULTIVO DE BANANOS Y PLÁTANOS.,cultivo_fruticola,FALSE,GUAYAS,157,3469377.75,-47166.81,3516544.56,2624372.98,-563787.19,-592779.86,2024
15749,EXPORTADORA IMPORTADORA INDUSTRIAL EXPORCAFE CIA. LTDA.,G4630,"G4630.14 - VENTA AL POR MAYOR DE CAFÉ, CACAO, TE Y ESPECIAS.",comercio_mayorista,FALSE,SANTO DOMINGO DE LOS TSACHILAS,16,3466000.03,558773.25,2907226.78,16722422.97,209476.08,162065.61,2024
96268,PALMERAS MANABI PALMANABI S.A.,A0126,A0126.01 - CULTIVO DE PALMAS DE ACEITE (PALMA AFRICANA).,cultivo_fruticola,FALSE,MANABI,16,3465584.94,959382.02,2506202.92,2083195.02,120858.22,91745.05,2024
162494,ALIMENTOS Y CONSERVAS DEL ECUADOR S.A. ECUACONSERVAS,C1030,"C1030.12 - CONSERVACIÓN DE FRUTAS, PULPA DE FRUTAS, LEGUMBRES Y HORTALIZAS MEDIANTE EL CONGELADO, SECADO, DESHIDRATADO, INMERSIÓN EN ACEITE O VINAGRE, ENLATADO, ETCÉTERA.",procesamiento,FALSE,PICHINCHA,83,3464358.89,1020618.77,2443740.12,6557118.07,39848.95,16718.73,2024
725362,AGRICOLZESE S.A.,A0122,A0122.01 - CULTIVO DE BANANOS Y PLÁTANOS.,cultivo_fruticola,FALSE,GUAYAS,50,3462264.15,1264852.98,2197411.17,1510113.44,0,60605.25,2024
131706,ALQUIMIADA S.A.,G4630,G4630.11 - VENTA AL POR MAYOR DE BANANO Y PLÁTANO.,comercio_mayorista,FALSE,LOS RIOS,47,3449933.48,1050381,2399552.48,1110350.88,170439.42,77116.78,2024
61645,INDUSTRIA DE ALIMENTOS PROCESADOS INALPROCES S.A.,C1030,"C1030.17 - FABRICACIÓN DE ALIMENTOS PERECIBLES A BASE DE FRUTAS, LEGUMBRES Y HORTALIZAS COMO: ENSALADAS EMPAQUETADAS, HORTALIZAS PELADAS Y CORTADAS, TOFU (CUAJADA DE SOYA).",procesamiento,FALSE,PICHINCHA,56,3438950.05,738096.72,2700853.33,2809514.41,0,-106351.48,2024
308974,SUPREMBAN CIA.LTDA.,A0122,A0122.01 - CULTIVO DE BANANOS Y PLÁTANOS.,cultivo_fruticola,FALSE,EL ORO,60,3424375.68,684460.89,2739914.79,1594355.66,-18301.07,-34245.63,2024
133495,COMPAÑIA FRUTESCA S.A.,A0122,A0122.01 - CULTIVO DE BANANOS Y PLÁTANOS.,cultivo_fruticola,FALSE,GUAYAS,6,3407117.53,3306647.89,100469.63999999966,243613.5,0,81777.51,2024
157605,CHOCONO S.A.,C1073,"C1073.21 - ELABORACIÓN DE PRODUCTOS DE CONFITERÍA: CARAMELOS, TURRÓN, GRAGEAS Y PASTILLAS DE CONFITERÍA, GOMA DE MASCAR (CHICLES), CONFITES BLANDOS, CONFITERÍA A BASE DE CHOCOLATE Y CHOCOLATE BLANCO, ETCÉTERA.",procesamiento,FALSE,PICHINCHA,39,3403644.6,1953604.69,1450039.9100000001,4212478.45,210295.18,128764.56,2024
132660,KORELCORP S.A.,G4630,"G4630.94 - VENTA AL POR MAYOR DE BEBIDAS NO ALCOHÓLICAS (JUGOS, GASEOSAS, AGUA MINERAL, ETCÉTERA).",comercio_mayorista,FALSE,GUAYAS,2,3398586.35,2047427.2,1351159.1500000001,276831.31,26125.02,18035.84,2024
93535,SERVICIOS PARA LA PALMA Y SUS DERIVADOS SERPADER S.A.,A0126,A0126.01 - CULTIVO DE PALMAS DE ACEITE (PALMA AFRICANA).,cultivo_fruticola,FALSE,ESMERALDAS,3,3387846.12,3205628.48,182217.64000000013,444736.85,753477.04,314859.4,2024
312328,MARLOJBANANO S.A.,A0122,A0122.01 - CULTIVO DE BANANOS Y PLÁTANOS.,cultivo_fruticola,FALSE,LOS RIOS,2,3373573.09,516147.47,2857425.62,1154551.18,149858.18,138245.8,2024
304666,SOLBANANAS S.A.,A0122,A0122.01 - CULTIVO DE BANANOS Y PLÁTANOS.,cultivo_fruticola,FALSE,EL ORO,51,3351652,2741370.81,610281.19,1290061.89,60328.76,42685.35,2024
60475,BANLOPLAR CIA. LTDA.,A0122,A0122.01 - CULTIVO DE BANANOS Y PLÁTANOS.,cultivo_fruticola,FALSE,EL ORO,43,3338202.88,3170851.04,167351.83999999985,1457800,85222.11,70970.91,2024
181428,DISTRIBUIDORA MARGCAMP SOCIEDAD ANONIMA,A0126,A0126.01 - CULTIVO DE PALMAS DE ACEITE (PALMA AFRICANA).,cultivo_fruticola,FALSE,SANTO DOMINGO DE LOS TSACHILAS,11,3329790.59,717857.41,2611933.1799999997,778701.86,30360.02,22007.21,2024
165640,SANLUCAR ECUADOR S.A.,G4630,"G4630.12 - VENTA AL POR MAYOR DE FRUTAS, LEGUMBRES Y HORTALIZAS.",comercio_mayorista,FALSE,GUAYAS,11,3308799.34,1943248.93,1365550.41,11095277.92,812172.08,695200.57,2024
152234,FROZENTROPIC CIA. LTDA.,G4630,"G4630.94 - VENTA AL POR MAYOR DE BEBIDAS NO ALCOHÓLICAS (JUGOS, GASEOSAS, AGUA MINERAL, ETCÉTERA).",comercio_mayorista,FALSE,PICHINCHA,3,3308512.22,2049969.88,1258542.3400000003,6240409.03,1359479.83,1050378.05,2024
127610,BECITT S.A.,A0122,A0122.01 - CULTIVO DE BANANOS Y PLÁTANOS.,cultivo_fruticola,FALSE,GUAYAS,24,3307958.82,2384132.75,923826.0699999998,735928.79,0,-112678.62,2024
704611,AGRICOLA LARREA TALEB AGRIJALTFRUIT S.A.,A0122,A0122.01 - CULTIVO DE BANANOS Y PLÁTANOS.,cultivo_fruticola,FALSE,LOS RIOS,5,3296207.38,1609178.55,1687028.8299999998,3956350.54,853497.87,813102,2024
745280,ZUPONT S.A.S.,A0122,A0122.01 - CULTIVO DE BANANOS Y PLÁTANOS.,cultivo_fruticola,FALSE,AZUAY,2,3292221.73,2143271.04,1148950.69,1317917,1298865.03,1298865.03,2024
146138,CUBADI S.A.,G4630,G4630.11 - VENTA AL POR MAYOR DE BANANO Y PLÁTANO.,comercio_mayorista,FALSE,GUAYAS,77,3277863.32,2877622.15,400241.1699999999,2065764.27,0,113565.53,2024
319490,CAMSAEXPORT S.A.,G4620,G4620.11 - VENTA AL POR MAYOR DE CEREALES (GRANOS) Y SEMILLAS.,comercio_mayorista,FALSE,GUAYAS,4,3277031.54,852335.25,2424696.29,5663729.32,328999.55,328999.55,2024
62147,"AGRICOLA SAN CARLOS S.A., ASCARSA",A0122,A0122.02 - CULTIVO DE MANGOS.,cultivo_fruticola,FALSE,GUAYAS,41,3271496.34,1752436.34,1519059.9999999998,3240166.77,42280.12,37436.34,2024
736603,NEGOCIOS E INVERSIONES SAN JOSE SANINVER S.A.S.,G4630,G4630.91 - VENTA AL POR MAYOR DE ARROZ.,comercio_mayorista,FALSE,GUAYAS,6,3258795.49,104993.45,3153802.04,8097081.43,100064.83,75563.26,2024
713882,BESTFOODS-IMPORTS S.A.,G4630,"G4630.12 - VENTA AL POR MAYOR DE FRUTAS, LEGUMBRES Y HORTALIZAS.",comercio_mayorista,FALSE,PICHINCHA,20,3257018.15,744933.68,2512084.4699999997,19853726.56,96305.66,72164.77,2024
317413,COMISARIATO ELSITIO C.L.,G4630,G4630.99 - VENTA AL POR MAYOR DE OTROS PRODUCTOS COMESTIBLES (ENLATADOS Y CONSERVAS).,comercio_mayorista,FALSE,PICHINCHA,98,3248577.05,28034.9,3220542.15,14831748.1,1213.43,1213.43,2024
318079,HIPERLICORES S.A.,G4630,"G4630.95 - VENTA AL POR MAYOR DE BEBIDAS ALCOHÓLICAS, INCLUSO EL ENVASADO DE VINO A GRANEL SIN TRANSFORMACIÓN.",comercio_mayorista,FALSE,MANABI,21,3245816.73,687050.1,2558766.63,4055140.18,95361.45,70830.89,2024
53493,ALDANEMPRES CIA. LTDA.,G4630,"G4630.12 - VENTA AL POR MAYOR DE FRUTAS, LEGUMBRES Y HORTALIZAS.",comercio_mayorista,FALSE,PICHINCHA,21,3238518.13,2121141.41,1117376.7199999997,1009916.77,7451.08,4052.23,2024
718516,AGRIVALPUL S.A.,G4620,G4620.11 - VENTA AL POR MAYOR DE CEREALES (GRANOS) Y SEMILLAS.,comercio_mayorista,FALSE,LOS RIOS,4,3233829.95,912359.05,2321470.9000000004,8401526.75,374945.57,396827.68,2024
160857,AGROINDUSTRIAL SALAZAR MOLINA AGROSAMEX CIA.LTDA.,A0123,A0123.01 - CULTIVO DE NARANJAS.,cultivo_fruticola,FALSE,ESMERALDAS,30,3233061.09,1503835.12,1729225.9699999997,929826.4,30875.99,26677.38,2024
161032,EXPOVELESA CIA. LTDA.,A0122,A0122.01 - CULTIVO DE BANANOS Y PLÁTANOS.,cultivo_fruticola,FALSE,SANTO DOMINGO DE LOS TSACHILAS,24,3231567.58,962491.17,2269076.41,1450177.08,-222.67,-222.67,2024
156197,SOCIEDAD ALIMENTICIA LA CUENCANA SOALCA CIA. LTDA.,G4630,"G4630.12 - VENTA AL POR MAYOR DE FRUTAS, LEGUMBRES Y HORTALIZAS.",comercio_mayorista,FALSE,PICHINCHA,54,3222839.66,1427853.47,1794986.1900000002,2226277.73,116235.43,84344.61,2024
87149,AGRICOLA SAN LORENZO AGRISANLO CIA. LTDA.,A0126,A0126.01 - CULTIVO DE PALMAS DE ACEITE (PALMA AFRICANA).,cultivo_fruticola,FALSE,ESMERALDAS,1,3211418.88,3190320.89,21097.989999999758,37719.48,26470.02,7673.48,2024
96555,"ENCOMECA, ENLACE COMERCIAL ECUATORIANO CIA. LTDA.",G4630,"G4630.92 - VENTA AL POR MAYOR DE AZÚCAR, CHOCOLATE Y PRODUCTOS DE CONFITERÍA.",comercio_mayorista,FALSE,TUNGURAHUA,43,3188074.03,356304.46,2831769.57,10602486.45,125981.05,56938.88,2024
129836,ECUFROZEN S.A.,G4630,"G4630.12 - VENTA AL POR MAYOR DE FRUTAS, LEGUMBRES Y HORTALIZAS.",comercio_mayorista,FALSE,GUAYAS,30,3172920,534675,2638245,1868344,2802,-16167,2024
140341,AGRICROACIA S.A.,A0122,A0122.01 - CULTIVO DE BANANOS Y PLÁTANOS.,cultivo_fruticola,FALSE,EL ORO,49,3171627.15,1365852.51,1805774.64,2165975.16,488847.36,223129.13,2024
66224,AGRICOLA VICTORIOSA AGRIVICSA SOCIEDAD ANONIMA,A0122,A0122.02 - CULTIVO DE MANGOS.,cultivo_fruticola,FALSE,GUAYAS,14,3165517.86,550542.2,2614975.66,2181455.56,0,15818.37,2024
320512,GRUPO JENNBRIANN S.A.,G4630,G4630.32 - VENTA AL POR MAYOR DE CAMARÓN Y LANGOSTINOS.,comercio_mayorista,FALSE,GUAYAS,1,3162233.77,3794.04,3158439.73,527504.06,3477.28,2441.06,2024
715446,ROSTRUM&TELSON S.A.,G4630,G4630.32 - VENTA AL POR MAYOR DE CAMARÓN Y LANGOSTINOS.,comercio_mayorista,FALSE,GUAYAS,4,3159917.46,1820279.36,1339638.0999999999,3077255.03,126217.3,94662.97,2024
53274,COSTAPESCA CIA. LTDA.,G4630,"G4630.33 - VENTA AL POR MAYOR DE PESCADO, CRUSTÁCEOS, MOLUSCOS Y PRODUCTOS DE LA PESCA.",comercio_mayorista,FALSE,PICHINCHA,22,3159254.45,1911608.5,1247645.9500000002,16220749.33,1326750.46,1009136.8,2024
2483,EXPORTADORA BANANERA NOBOA SA,G4630,G4630.11 - VENTA AL POR MAYOR DE BANANO Y PLÁTANO.,comercio_mayorista,FALSE,GUAYAS,4,3155751.65,-3239904.07,6395655.72,21696.9,-156150.3,-156150.3,2024
333250,FRUTA DE LA SIGNORIA S.A.S.,G4630,G4630.11 - VENTA AL POR MAYOR DE BANANO Y PLÁTANO.,comercio_mayorista,FALSE,GUAYAS,4,3118426.75,415933.68,2702493.07,4225203.79,262398.98,202271.75,2024
133181,COMERCIO MARSANTOS S.A.,G4630,G4630.91 - VENTA AL POR MAYOR DE ARROZ.,comercio_mayorista,FALSE,GUAYAS,21,3103955.83,424277.76,2679678.0700000003,4637231.81,-276133.27,-186233.34,2024
166637,DISTRIBUIDORA MORA REVELO CIA. LTDA.,G4630,"G4630.95 - VENTA AL POR MAYOR DE BEBIDAS ALCOHÓLICAS, INCLUSO EL ENVASADO DE VINO A GRANEL SIN TRANSFORMACIÓN.",comercio_mayorista,FALSE,CARCHI,16,3091382.08,520312.66,2571069.42,9575994.18,95060.46,71295.35,2024
11611,MONTECARLO CIA LTDA,G4630,G4630.31 - VENTA AL POR MAYOR DE CARNE Y PRODUCTOS CÁRNICOS (INCLUIDAS LAS AVES DE CORRAL).,comercio_mayorista,FALSE,PICHINCHA,3,3088941.43,2171526.94,917414.4900000002,328683.38,15722.16,15722.16,2024
721563,COMERCIALIZADORA AGRICOLA TSACHILA AGROTSACHILA CIA.LTDA.,A0121,A0121.00 - CULTIVO DE UVAS PARA VINO Y UVAS PARA SER CONSUMIDAS COMO FRUTA FRESCA.,cultivo_fruticola,FALSE,SANTO DOMINGO DE LOS TSACHILAS,15,3087171.06,908939.13,2178231.93,11198341.02,240143.98,240143.98,2024
137701,DARNEL ECUADOR S.A.,G4630,G4630.99 - VENTA AL POR MAYOR DE OTROS PRODUCTOS COMESTIBLES (ENLATADOS Y CONSERVAS).,comercio_mayorista,FALSE,GUAYAS,43,3082684.39,1975359.3,1107325.09,6914892.23,508181.46,386632.85,2024
312915,RUVICOA CIA.LTDA.,G4630,"G4630.14 - VENTA AL POR MAYOR DE CAFÉ, CACAO, TE Y ESPECIAS.",comercio_mayorista,FALSE,LOS RIOS,7,3080676.12,697314.15,2383361.97,7112121.45,304793.25,216765.73,2024
722085,SUCRO-ANDINA S.A.,G4630,"G4630.92 - VENTA AL POR MAYOR DE AZÚCAR, CHOCOLATE Y PRODUCTOS DE CONFITERÍA.",comercio_mayorista,FALSE,GUAYAS,1,3038567.18,620431.56,2418135.62,10967069.99,94790.17,71029.93,2024
97583,PROAGRICAST S.A.,A0122,A0122.01 - CULTIVO DE BANANOS Y PLÁTANOS.,cultivo_fruticola,FALSE,EL ORO,48,3027705.77,106878.8,2920826.97,1100513.52,3502.51,3502.51,2024
34830,GREEN LAND S.A.,G4630,G4630.91 - VENTA AL POR MAYOR DE ARROZ.,comercio_mayorista,FALSE,MANABI,4,3027281.61,1710746.43,1316535.18,11491776.03,0,40829.29,2024
128703,NORDWIND S.A.,G4630,G4630.32 - VENTA AL POR MAYOR DE CAMARÓN Y LANGOSTINOS.,comercio_mayorista,FALSE,GUAYAS,26,3009887.45,261938.71,2747948.74,3923105.42,32864.3,20928.89,2024
201418,AMAVI LIQUOR'S CIA. LTDA.,G4630,"G4630.95 - VENTA AL POR MAYOR DE BEBIDAS ALCOHÓLICAS, INCLUSO EL ENVASADO DE VINO A GRANEL SIN TRANSFORMACIÓN.",comercio_mayorista,FALSE,LOJA,3,3006456.74,1201266.7,1805190.0400000003,181203.79,31808.98,18999.7,2024
74862,ALLTECH ECUADOR CIA. LTDA.,G4630,G4630.97 - VENTA AL POR MAYOR DE ALIMENTO PARA MASCOTAS (ANIMALES DOMÉSTICOS).,comercio_mayorista,FALSE,PICHINCHA,10,3006044.43,2071703.78,934340.6500000001,3779072.48,65148.29,33541.02,2024
744182,AAAZULI ARÁNDANOS DEL ECUADOR S.A.,A0125,A0125.03 - PRODUCCIÓN DE SEMILLAS DE FRUTAS.,cultivo_fruticola,FALSE,PICHINCHA,61,3005504.82,1837945.77,1167559.0499999998,1306048.12,-66131.46,-66131.46,2024
15297,ECUATORIANA DE EXPORTACION E IMPORTACIONES DE SANTO DOMINGO DE LOS COLORADOS C.L.,G4630,"G4630.14 - VENTA AL POR MAYOR DE CAFÉ, CACAO, TE Y ESPECIAS.",comercio_mayorista,FALSE,SANTO DOMINGO DE LOS TSACHILAS,4,3005105.65,2429846.2,575259.4499999997,228519.96,71637.9,55877.56,2024
54584,PROTROPIC CIA. LTDA. (PRODUCTOS TROPICALES),A0122,A0122.01 - CULTIVO DE BANANOS Y PLÁTANOS.,cultivo_fruticola,FALSE,PICHINCHA,80,2989519.63,806970.43,2182549.1999999997,7331207.45,37113.9,37113.9,2024
42479,PARAZUL SA,A0122,A0122.01 - CULTIVO DE BANANOS Y PLÁTANOS.,cultivo_fruticola,FALSE,GUAYAS,87,2983814.12,948132.23,2035681.8900000001,1935804.89,75833.83,57062.98,2024
39588,DISTRIBUIDORA VECEMAR CIA. LTDA.,G4630,G4630.11 - VENTA AL POR MAYOR DE BANANO Y PLÁTANO.,comercio_mayorista,FALSE,EL ORO,15,2980925.67,626859.97,2354065.7,10848845.94,5359.02,6304.72,2024
102717,ARKREM S.A.,G4630,G4630.96 - VENTA AL POR MAYOR DE PRODUCTOS DE TABACO.,comercio_mayorista,FALSE,GUAYAS,33,2980698.24,643150.55,2337547.6900000004,2512748.62,0,-5.45,2024
62530,TUTOSNACK S.A.,C1030,"C1030.14 - FABRICACIÓN DE PRODUCTOS ALIMENTICIOS A PARTIR DE (UN SOLO COMPONENTE) FRUTAS, LEGUMBRES Y HORTALIZAS; INCLUSO SNACKS DE PLÁTANO (CHIFLES), YUCA, FRUTAS, ETCÉTERA, EXCEPTO PAPA.",procesamiento,FALSE,PICHINCHA,31,2980499.25,531051.09,2449448.16,2675906.85,19087.55,39.68,2024
708058,COKLAT S.A.,A0127,A0127.02 - CULTIVO DE CACAO.,cultivo_fruticola,FALSE,GUAYAS,6,2976776.04,175905.83,2800870.21,190640.35,29640.63,29640.63,2024
145187,CACAO DE ORIGEN CACAOSOURCE CIA. LTDA.,G4630,"G4630.92 - VENTA AL POR MAYOR DE AZÚCAR, CHOCOLATE Y PRODUCTOS DE CONFITERÍA.",comercio_mayorista,FALSE,PICHINCHA,76,2976720.03,167979.97,2808740.0599999996,3587246.22,-45304.8,-50252.06,2024
140962,CACAO EXPORT S.A. CAEXPORTSA,A0127,A0127.02 - CULTIVO DE CACAO.,cultivo_fruticola,FALSE,ORELLANA,8,2972093.88,300166.82,2671927.06,185177.68,-113175.5,-113175.5,2024
342197,LA ALEGRIAFARM S.A.S.,G4620,G4620.15 - VENTA AL POR MAYOR DE FLORES Y PLANTAS.,comercio_mayorista,FALSE,PICHINCHA,68,2965366.89,129308.62,2836058.27,10856787.31,0,156579.92,2024
137037,ALGRADE CIA. LTDA.,A0127,A0127.01 - CULTIVO DE CAFÉ.,cultivo_fruticola,FALSE,AZUAY,5,2963922.46,2459699.54,504222.9199999999,106516.91,-1285.48,-5405.61,2024
32514,COMERCIAL TEODORO LARRIVA CIA. LTDA.,G4620,G4620.11 - VENTA AL POR MAYOR DE CEREALES (GRANOS) Y SEMILLAS.,comercio_mayorista,FALSE,AZUAY,28,2957417.04,673878.51,2283538.5300000003,4606283.78,-164355.28,-160580.41,2024
341834,AGRI RIO BONITO S.A.S.,A0122,A0122.01 - CULTIVO DE BANANOS Y PLÁTANOS.,cultivo_fruticola,FALSE,EL ORO,4,2951098.51,285059.8,2666038.71,2113532.01,0,273176.6,2024
362266,CORPORACION AGROEXPORTADORA VERA AGROVERAEXPORT CIA.LTDA.,G4630,"G4630.14 - VENTA AL POR MAYOR DE CAFÉ, CACAO, TE Y ESPECIAS.",comercio_mayorista,FALSE,SANTO DOMINGO DE LOS TSACHILAS,4,2948259.2,2943526.22,4732.979999999981,9717747.49,2933526.22,2933526.22,2024
41185,SOCIEDAD AGRICOLA GANADERA HEROCA SA,A0122,A0122.01 - CULTIVO DE BANANOS Y PLÁTANOS.,cultivo_fruticola,FALSE,LOS RIOS,283,2938316.64,1467901.87,1470414.77,8251053,290902.62,193758.34,2024
740113,HUGOFRUIT IMPORT & EXPORT S.A.S.,G4630,G4630.11 - VENTA AL POR MAYOR DE BANANO Y PLÁTANO.,comercio_mayorista,FALSE,GUAYAS,17,2937102.45,2030837.8,906264.6500000001,12573496.72,1001631.1,855311.61,2024
66732,AGRICOLA OFICIAL S.A. (AGROFICIAL),A0122,A0122.02 - CULTIVO DE MANGOS.,cultivo_fruticola,FALSE,GUAYAS,1,2918548.93,8064.34,2910484.5900000003,534995.16,0,-10085.4,2024
716016,CACAO NACIONAL SAN BIRITUTE S.A.,A0127,A0127.02 - CULTIVO DE CACAO.,cultivo_fruticola,FALSE,SANTA ELENA,4,2917708.06,589299.26,2328408.8,621779.04,-137001.57,-137001.57,2024
736917,NARVAL C.LTDA.,C1030,"C1030.14 - FABRICACIÓN DE PRODUCTOS ALIMENTICIOS A PARTIR DE (UN SOLO COMPONENTE) FRUTAS, LEGUMBRES Y HORTALIZAS; INCLUSO SNACKS DE PLÁTANO (CHIFLES), YUCA, FRUTAS, ETCÉTERA, EXCEPTO PAPA.",procesamiento,FALSE,PICHINCHA,15,2913830.06,88573.73,2825256.33,363850,18333.36,12729.78,2024
140664,AGROCORONEL CIA. LTDA.,A0122,A0122.01 - CULTIVO DE BANANOS Y PLÁTANOS.,cultivo_fruticola,FALSE,EL ORO,12,2907495.22,2077051.3,830443.9200000002,142671.07,0,-150572.45,2024
33192,COMERCIO E INDUSTRIA CAFE CUBANITO CICACU CIA. LTDA.,G4630,"G4630.14 - VENTA AL POR MAYOR DE CAFÉ, CACAO, TE Y ESPECIAS.",comercio_mayorista,FALSE,AZUAY,9,2898613.88,2199171.32,699442.56,891738.44,135557.41,135557.41,2024
147844,INMOBILIARIA EL PORVENIR INMOPORV CIA. LTDA.,A0122,A0122.01 - CULTIVO DE BANANOS Y PLÁTANOS.,cultivo_fruticola,FALSE,EL ORO,39,2881127.14,1686267.22,1194859.9200000002,1878327.12,10998.24,10998.24,2024
306066,BANANAGROW S.A.,A0122,A0122.01 - CULTIVO DE BANANOS Y PLÁTANOS.,cultivo_fruticola,FALSE,GUAYAS,22,2876065.05,1553019.37,1323045.6799999997,796659.57,0,20034.96,2024
112163,"AGRIQUEL, AGRICOLA RAQUEL S.A.",A0122,A0122.01 - CULTIVO DE BANANOS Y PLÁTANOS.,cultivo_fruticola,FALSE,GUAYAS,72,2854057.9,1568114.64,1285943.26,3669076.81,47358.34,43114.64,2024
714011,CHOCOLATES ATELIER CHOCOLATIER S.A.,C1073,C1073.12 - ELABORACIÓN DE CHOCOLATE Y PRODUCTOS DE CHOCOLATE.,procesamiento,FALSE,GUAYAS,18,2843926.9,-608750.45,3452677.3499999996,2841967.31,136964.57,96177.15,2024
308130,FRUTERA DEL AUSTRO MOROCHO & HIJOS FRUDOMORO CIA.LTDA.,G4630,"G4630.12 - VENTA AL POR MAYOR DE FRUTAS, LEGUMBRES Y HORTALIZAS.",comercio_mayorista,FALSE,AZUAY,6,2841959.74,255812.86,2586146.8800000004,5893960.12,48894.16,32467.68,2024
112777,ROXANA VILLACIS S.A. (ROXVILL),G4630,"G4630.95 - VENTA AL POR MAYOR DE BEBIDAS ALCOHÓLICAS, INCLUSO EL ENVASADO DE VINO A GRANEL SIN TRANSFORMACIÓN.",comercio_mayorista,FALSE,GUAYAS,120,2830447.34,486613.58,2343833.76,16283426.19,0,87231.38,2024
708880,TIECACAO S.A.,A0127,A0127.02 - CULTIVO DE CACAO.,cultivo_fruticola,FALSE,GUAYAS,7,2827712.54,1770376.18,1057336.36,257941.82,2656.48,0,2024
35025,DISTRIBUIDORA MANABITA DIMANCIA COMPANIA ANONIMA,G4630,"G4630.95 - VENTA AL POR MAYOR DE BEBIDAS ALCOHÓLICAS, INCLUSO EL ENVASADO DE VINO A GRANEL SIN TRANSFORMACIÓN.",comercio_mayorista,FALSE,MANABI,11,2827084.07,494976.43,2332107.6399999997,4900651.08,32500.14,18480.59,2024
39410,NEGOCIOS GUAYCHA CIA. LTDA.,G4630,G4630.32 - VENTA AL POR MAYOR DE CAMARÓN Y LANGOSTINOS.,comercio_mayorista,FALSE,EL ORO,6,2827006.89,283983.64,2543023.25,2131391.88,19291.8,11328.4,2024
61341,CRONOCAMPUS S.A.,G4630,"G4630.95 - VENTA AL POR MAYOR DE BEBIDAS ALCOHÓLICAS, INCLUSO EL ENVASADO DE VINO A GRANEL SIN TRANSFORMACIÓN.",comercio_mayorista,FALSE,GUAYAS,14,2826984,1175737,1651247,3303113,48231,36173,2024
130457,DON CARLOS FRUIT S.A. DONFRUIT,G4630,G4630.11 - VENTA AL POR MAYOR DE BANANO Y PLÁTANO.,comercio_mayorista,FALSE,GUAYAS,3,2819053.27,94988.58,2724064.69,13184013.73,0,2271.18,2024
721551,PROSERSUR AGROMERCANTIL S.A.,G4620,G4620.19 - VENTA AL POR MAYOR DE OTRAS MATERIAS PRIMAS AGROPECUARIAS.,comercio_mayorista,FALSE,EL ORO,22,2817904.61,1416537.79,1401366.8199999998,10476618.39,435539.03,317569.59,2024
46928,SEMILLAS E INSUMOS AGROPECUARIOS SEMAGRO S.A.,G4620,G4620.11 - VENTA AL POR MAYOR DE CEREALES (GRANOS) Y SEMILLAS.,comercio_mayorista,FALSE,PICHINCHA,40,2791220.15,728497.66,2062722.4899999998,4063102.49,22599.63,53.69,2024
84100,IMPALCASA S.A.,G4630,"G4630.95 - VENTA AL POR MAYOR DE BEBIDAS ALCOHÓLICAS, INCLUSO EL ENVASADO DE VINO A GRANEL SIN TRANSFORMACIÓN.",comercio_mayorista,FALSE,GUAYAS,1,2790036.01,2409779.94,380256.06999999983,396729.65,-265740.05,-265740.05,2024
20664,SAZONADORES DEL PACIFICO CIA LTDA,G4630,G4630.99 - VENTA AL POR MAYOR DE OTROS PRODUCTOS COMESTIBLES (ENLATADOS Y CONSERVAS).,comercio_mayorista,FALSE,GUAYAS,51,2788803.67,1927870.58,860933.0899999999,4651357,648339.26,481644.2,2024
82502,SIEMBRANUEVA S.A.,A0122,A0122.04 - CULTIVO DE PIÑAS.,cultivo_fruticola,FALSE,GUAYAS,1,2781301.13,2604098.94,177202.18999999994,1302096.25,67626.64,47088.91,2024
752353,ISANFRA S.A.S.,A0125,"A0125.09 - OTROS CULTIVOS DE FRUTOS DE ÁRBOLES Y ARBUSTOS: PITAHAYA, TUNA, ALGARROBA, TAXOS, ETCÉTERA.",cultivo_fruticola,TRUE,PICHINCHA,1,2770148.47,1935912.04,834236.4300000002,580715.48,28517.09,22243.33,2024
703654,INDUSTRIA ALIMENTICIA PÉREZ VACA INALPEV CIA.LTDA.,C1030,"C1030.12 - CONSERVACIÓN DE FRUTAS, PULPA DE FRUTAS, LEGUMBRES Y HORTALIZAS MEDIANTE EL CONGELADO, SECADO, DESHIDRATADO, INMERSIÓN EN ACEITE O VINAGRE, ENLATADO, ETCÉTERA.",procesamiento,FALSE,TUNGURAHUA,20,2769226.21,-574722.22,3343948.4299999997,1263549.6,493.94,493.94,2024
750910,NOUR S.A.S.,G4620,G4620.19 - VENTA AL POR MAYOR DE OTRAS MATERIAS PRIMAS AGROPECUARIAS.,comercio_mayorista,FALSE,GUAYAS,2,2752508.62,2750497.99,2010.6299999998882,135221.85,263221.37,131603.87,2024
110223,CANDYPLANET S.A.,G4630,"G4630.92 - VENTA AL POR MAYOR DE AZÚCAR, CHOCOLATE Y PRODUCTOS DE CONFITERÍA.",comercio_mayorista,FALSE,GUAYAS,4,2728966.1,1473958.34,1255007.76,4526180.97,236395.23,149065.91,2024
66435,GUSBER S.A.,A0122,A0122.02 - CULTIVO DE MANGOS.,cultivo_fruticola,FALSE,GUAYAS,26,2722150.28,947795.01,1774355.2699999998,2882621.09,158632.07,97877.97,2024
98384,TECNICA Y COMERCIO DE LOS ALIMENTOS C.A. TECOALCA,C1030,"C1030.11 - ELABORACIÓN DE ALIMENTOS COMPUESTOS (MEZCLA) PRINCIPALMENTE DE FRUTAS LEGUMBRES U HORTALIZAS, EXCEPTO PLATOS PREPARADOS EN FORMA CONGELADA O ENLATADA LISTOS PARA CONSUMIR.",procesamiento,FALSE,MANABI,2,2719457.28,3768.13,2715689.15,51520.72,0,2009.31,2024
176351,AGRINDZAP AGRICOLA INDUSTRIAL ZAPOTILLO CIA. LTDA.,G4630,"G4630.12 - VENTA AL POR MAYOR DE FRUTAS, LEGUMBRES Y HORTALIZAS.",comercio_mayorista,FALSE,LOJA,4,2717501.39,289906.31,2427595.08,1471725.37,14546.37,7352.17,2024
721131,FRUTGARDEN CIA.LTDA.,A0122,A0122.01 - CULTIVO DE BANANOS Y PLÁTANOS.,cultivo_fruticola,FALSE,GUAYAS,5,2714309.8,88986.17,2625323.63,0.24,296805.47,296805.47,2024
719052,AMAVILIQUORS CIA.LTDA.,G4630,"G4630.95 - VENTA AL POR MAYOR DE BEBIDAS ALCOHÓLICAS, INCLUSO EL ENVASADO DE VINO A GRANEL SIN TRANSFORMACIÓN.",comercio_mayorista,FALSE,LOJA,26,2710044.7,551746,2158298.7,4304912.23,78474.85,51966.61,2024
155564,PALMAGRICOLA SERRANO VASCONEZ DAVALOS SEVADAPALM S.A.,A0126,A0126.01 - CULTIVO DE PALMAS DE ACEITE (PALMA AFRICANA).,cultivo_fruticola,FALSE,PICHINCHA,20,2705339.76,742107.63,1963232.13,222285.41,0,0,2024
123614,N.L.PROINSU S.A.,G4630,"G4630.33 - VENTA AL POR MAYOR DE PESCADO, CRUSTÁCEOS, MOLUSCOS Y PRODUCTOS DE LA PESCA.",comercio_mayorista,FALSE,GUAYAS,20,2697828.23,1410348.13,1287480.1,2991738.04,0,71568.48,2024
727322,VICBANA CIA.LTDA.,G4630,G4630.11 - VENTA AL POR MAYOR DE BANANO Y PLÁTANO.,comercio_mayorista,FALSE,GUAYAS,42,2692855.11,11364.73,2681490.38,301046.24,2927.82,-202.52,2024
65703,VIDLET S.A.,G4630,"G4630.14 - VENTA AL POR MAYOR DE CAFÉ, CACAO, TE Y ESPECIAS.",comercio_mayorista,FALSE,GUAYAS,2,2686893.26,1990715.4,696177.8599999999,4521357.5,0,861976.09,2024
115179,EMPREDIAL S.A.,G4620,G4620.11 - VENTA AL POR MAYOR DE CEREALES (GRANOS) Y SEMILLAS.,comercio_mayorista,FALSE,GUAYAS,42,2675044.53,541412.82,2133631.71,4125579.22,0,91811.96,2024
128203,ACEVENTOS S.A.,C1030,"C1030.17 - FABRICACIÓN DE ALIMENTOS PERECIBLES A BASE DE FRUTAS, LEGUMBRES Y HORTALIZAS COMO: ENSALADAS EMPAQUETADAS, HORTALIZAS PELADAS Y CORTADAS, TOFU (CUAJADA DE SOYA).",procesamiento,FALSE,GUAYAS,202,2669715.91,816499.11,1853216.8000000003,4876487.38,68464.03,51348.02,2024
324775,AGRICOLA FRONTERA SUR AGRIFRONT S.A.S.,A0122,"A0122.09 - OTROS CULTIVOS DE FRUTAS TROPICALES Y SUBTROPICALES: PAPAYAS, BABACOS, CHAMBUROS, AGUACATES, HIGOS, ARAZÁ, GUAYABAS, GUANÁBANA, GUABA, CHIRIMOYA, NARANJILLAS, ZAPOTES, BOROJÓ, TAMARINDO, GRANADILLAS, DÁTILES, ETCÉTERA.",cultivo_fruticola,TRUE,EL ORO,4,2662594.15,877536.03,1785058.1199999999,35226.77,-21559.46,-21559.46,2024
69292,HACIENDA SAN MIGUEL S.A. MIGUELASA,A0122,A0122.01 - CULTIVO DE BANANOS Y PLÁTANOS.,cultivo_fruticola,FALSE,LOS RIOS,109,2649347.46,1745773.3,903574.1599999999,3032127.01,132453.76,102188.75,2024
60823,ADELPROCAO S.A.,G4630,"G4630.14 - VENTA AL POR MAYOR DE CAFÉ, CACAO, TE Y ESPECIAS.",comercio_mayorista,FALSE,GUAYAS,8,2648332.96,648184.67,2000148.29,717704.4,0,-67.91,2024
104759,REFIN S.A.,G4630,"G4630.12 - VENTA AL POR MAYOR DE FRUTAS, LEGUMBRES Y HORTALIZAS.",comercio_mayorista,FALSE,GUAYAS,28,2642974.79,309692.8,2333281.99,12162460.55,80071.55,46627.41,2024
126062,CARIBOL S.A.,G4630,"G4630.14 - VENTA AL POR MAYOR DE CAFÉ, CACAO, TE Y ESPECIAS.",comercio_mayorista,FALSE,GUAYAS,5,2638732,24597,2614135,995404,12956,-31111,2024
97408,HIPERSTOCK CIA. LTDA.,G4630,G4630.99 - VENTA AL POR MAYOR DE OTROS PRODUCTOS COMESTIBLES (ENLATADOS Y CONSERVAS).,comercio_mayorista,FALSE,EL ORO,22,2630458.19,138016.14,2492442.05,4176437.27,24489.1,17930.24,2024
36021,PLANTA HORTIFRUTICOLA AMBATO COMPANIA ANONIMA PLANHOFA C.A.,C1030,"C1030.11 - ELABORACIÓN DE ALIMENTOS COMPUESTOS (MEZCLA) PRINCIPALMENTE DE FRUTAS LEGUMBRES U HORTALIZAS, EXCEPTO PLATOS PREPARADOS EN FORMA CONGELADA O ENLATADA LISTOS PARA CONSUMIR.",procesamiento,FALSE,TUNGURAHUA,24,2630289.88,2398513.95,231775.9299999997,957995.94,0,6579.05,2024
173544,PALMABONA DEL ECUADOR S.A,A0126,"A0126.09 - OTROS CULTIVOS DE FRUTOS OLEAGINOSOS: COCOS, ACEITUNAS, ETCÉTERA.",cultivo_fruticola,FALSE,SANTO DOMINGO DE LOS TSACHILAS,4,2627910.56,1371254.24,1256656.32,1712201.94,79399.06,61362.11,2024
740049,TERRAENCANTO S.A.S.,G4630,G4630.11 - VENTA AL POR MAYOR DE BANANO Y PLÁTANO.,comercio_mayorista,FALSE,GUAYAS,4,2625088.64,132984.41,2492104.23,5576707.45,67475.24,12916.51,2024
120934,TREKA S.A.,G4630,G4630.91 - VENTA AL POR MAYOR DE ARROZ.,comercio_mayorista,FALSE,GUAYAS,6,2624250.51,2138271.42,485979.08999999985,558766.29,189516.95,147666.37,2024
301287,EXPORTADORA LAMAR EXPO&LAMAR S.A.,G4630,"G4630.33 - VENTA AL POR MAYOR DE PESCADO, CRUSTÁCEOS, MOLUSCOS Y PRODUCTOS DE LA PESCA.",comercio_mayorista,FALSE,GUAYAS,79,2622586.65,508265.31,2114321.34,9903127.77,173894.7,129843.38,2024
88747,DEL MONTE ECUADOR DME C.A.,G4630,G4630.99 - VENTA AL POR MAYOR DE OTROS PRODUCTOS COMESTIBLES (ENLATADOS Y CONSERVAS).,comercio_mayorista,FALSE,PICHINCHA,3,2615859.39,-199042.91,2814902.3000000003,731548.77,50081.53,-139713.2,2024
159512,PREMIER TRADING PREMTRADING S.A.,G4630,"G4630.14 - VENTA AL POR MAYOR DE CAFÉ, CACAO, TE Y ESPECIAS.",comercio_mayorista,FALSE,PICHINCHA,15,2615458.59,26698.18,2588760.4099999997,7452155.84,1517.04,1190.65,2024
732093,FRUITSLAND EXPORTADORA DE FRUTAS S.A.,G4630,G4630.11 - VENTA AL POR MAYOR DE BANANO Y PLÁTANO.,comercio_mayorista,FALSE,GUAYAS,4,2604599.73,268238.29,2336361.44,7807005.66,97078.29,37449.56,2024
92737,VIOLETA FLOWERS AND FARMS VIOLEFLOWERS S.A.,G4620,G4620.15 - VENTA AL POR MAYOR DE FLORES Y PLANTAS.,comercio_mayorista,FALSE,PICHINCHA,312,2598921.57,178319.52,2420602.05,328235.38,72120.44,69407.99,2024
728277,EXPONATURAL SHRIMP COMERCIALIZADORA DE MARISCOS S.A.,G4630,G4630.32 - VENTA AL POR MAYOR DE CAMARÓN Y LANGOSTINOS.,comercio_mayorista,FALSE,GUAYAS,2,2592791.7,-103971.77,2696763.47,90000,-21358.42,-21358.42,2024
308866,AGROFRUTS IMPORTADORA & EXPORTADORA AGRO FRUTS S.A.,A0122,"A0122.09 - OTROS CULTIVOS DE FRUTAS TROPICALES Y SUBTROPICALES: PAPAYAS, BABACOS, CHAMBUROS, AGUACATES, HIGOS, ARAZÁ, GUAYABAS, GUANÁBANA, GUABA, CHIRIMOYA, NARANJILLAS, ZAPOTES, BOROJÓ, TAMARINDO, GRANADILLAS, DÁTILES, ETCÉTERA.",cultivo_fruticola,TRUE,GUAYAS,4,2590240.57,1873002.05,717238.5199999998,2244631.22,81798.48,63802.81,2024
99347,CAVINSA S.A.,A0122,A0122.01 - CULTIVO DE BANANOS Y PLÁTANOS.,cultivo_fruticola,FALSE,GUAYAS,44,2588698.5,2333143.45,255555.0499999998,886988.82,0,131197.99,2024
327293,AGRICOLA LOPEZ AGROLO S.A.S.,G4620,G4620.11 - VENTA AL POR MAYOR DE CEREALES (GRANOS) Y SEMILLAS.,comercio_mayorista,FALSE,MANABI,4,2586001.17,30866.98,2555134.19,1648574.28,21256.22,-831.08,2024
742917,GIVESA S.A.,G4630,"G4630.14 - VENTA AL POR MAYOR DE CAFÉ, CACAO, TE Y ESPECIAS.",comercio_mayorista,FALSE,GUAYAS,4,2585618.18,346206.26,2239411.92,4949300.45,147771.21,71925.25,2024
702042,AGROCALDERON S.A.,G4630,"G4630.12 - VENTA AL POR MAYOR DE FRUTAS, LEGUMBRES Y HORTALIZAS.",comercio_mayorista,FALSE,GUAYAS,4,2584967.53,1292575.1,1292392.4299999997,250094.11,77472.95,77472.95,2024
69719,CHOCOLATES FINOS NACIONALES COFINA S.A.,G4630,"G4630.14 - VENTA AL POR MAYOR DE CAFÉ, CACAO, TE Y ESPECIAS.",comercio_mayorista,FALSE,GUAYAS,85,2584267.4,-23059584.17,25643851.57,5778721.69,-622557.4,-622557.4,2024
134097,LA ESTANCIA FORESTAL (FORESTEAD) S.A.,A0127,A0127.01 - CULTIVO DE CAFÉ.,cultivo_fruticola,FALSE,GUAYAS,4,2579753.89,2185512.42,394241.4700000002,22963.05,-585323.87,-440572.61,2024
748150,ECUALASOS S.A.S.,A0125,"A0125.01 - CULTIVO DE BAYAS GROSELLAS, GROSELLAS ESPINOSAS, KIWIS, FRAMBUESAS, FRESAS (FRUTILLAS), MORAS, MORTIÑOS (ARÁNDANOS), UVILLA Y OTRAS BAYAS.",cultivo_fruticola,TRUE,PICHINCHA,16,2563041.42,-203894.08,2766935.5,256152.18,-345709.73,-151318.79,2024
114010,DARIMEC S.A.,G4630,"G4630.12 - VENTA AL POR MAYOR DE FRUTAS, LEGUMBRES Y HORTALIZAS.",comercio_mayorista,FALSE,GUAYAS,42,2562891.94,2348677.75,214214.18999999994,1368789.59,250039.76,233437.77,2024
55255,TROPIFRUTAS S.A,C1030,"C1030.11 - ELABORACIÓN DE ALIMENTOS COMPUESTOS (MEZCLA) PRINCIPALMENTE DE FRUTAS LEGUMBRES U HORTALIZAS, EXCEPTO PLATOS PREPARADOS EN FORMA CONGELADA O ENLATADA LISTOS PARA CONSUMIR.",procesamiento,FALSE,LOS RIOS,3,2558798.84,-1139656.82,3698455.66,17686.36,-471834.46,-235917.23,2024
101388,CASATEL S.A.,A0122,A0122.01 - CULTIVO DE BANANOS Y PLÁTANOS.,cultivo_fruticola,FALSE,LOS RIOS,4,2558466.22,1450255.53,1108210.6900000002,1436839.46,260199.09,243626.27,2024
714948,PACIFICEXPORT S.A.,A0122,A0122.01 - CULTIVO DE BANANOS Y PLÁTANOS.,cultivo_fruticola,FALSE,GUAYAS,12,2556924.54,161399.67,2395524.87,9645316.64,83195.4,83195.4,2024
107051,SEMILLAS DEL PACIFICO S.A. SEMILLAP,G4630,G4630.91 - VENTA AL POR MAYOR DE ARROZ.,comercio_mayorista,FALSE,GUAYAS,4,2555509.66,1275490.98,1280018.6800000002,2085862.09,0,29680.43,2024
142221,EXPORTADORA DE BANANO DEL ORO EXBAORO CIA. LTDA.,C1073,C1073.12 - ELABORACIÓN DE CHOCOLATE Y PRODUCTOS DE CHOCOLATE.,procesamiento,FALSE,GUAYAS,5,2545475.28,1157126.59,1388348.6899999997,30475880.67,542504.6,298405.84,2024
136415,CORPORACION BANANDES S.A.,G4630,G4630.11 - VENTA AL POR MAYOR DE BANANO Y PLÁTANO.,comercio_mayorista,FALSE,GUAYAS,13,2543116.9,390033.67,2153083.23,27778186.64,683843.44,410707.26,2024
42722,AGRICOLA GANADERA VALLE BUCAY SA,A0122,A0122.02 - CULTIVO DE MANGOS.,cultivo_fruticola,FALSE,GUAYAS,4,2540642.83,1010286.22,1530356.61,749215.69,-44606.04,-44606.04,2024
111972,RUSALVA S.A.,A0122,A0122.02 - CULTIVO DE MANGOS.,cultivo_fruticola,FALSE,GUAYAS,2,2538265.71,1294931.25,1243334.46,103486.81,7985.86,-18158.13,2024
716710,EL GRANEROCORP S.A.,G4620,G4620.11 - VENTA AL POR MAYOR DE CEREALES (GRANOS) Y SEMILLAS.,comercio_mayorista,FALSE,GUAYAS,2,2533487.64,141389.48,2392098.16,6438371.61,0,35084.75,2024
114663,TROPIGAMA S.A.,A0122,A0122.01 - CULTIVO DE BANANOS Y PLÁTANOS.,cultivo_fruticola,FALSE,GUAYAS,4,2526214.09,2491406.67,34807.419999999925,221969.87,0,121314.88,2024
146654,VIPAGRO S.A.,A0127,A0127.01 - CULTIVO DE CAFÉ.,cultivo_fruticola,FALSE,LOS RIOS,8,2514449.19,437914.27,2076534.92,1000696.3,80193.91,60145.43,2024
182846,AGRICOLA LA JAEN CIA.LTDA.,A0122,A0122.01 - CULTIVO DE BANANOS Y PLÁTANOS.,cultivo_fruticola,FALSE,EL ORO,2,2512212.91,51727.29,2460485.62,808351.04,67090.1,57161.02,2024
313624,LA CUENCANA ALIMENTOS ZAMID CIA.LTDA.,G4630,G4630.31 - VENTA AL POR MAYOR DE CARNE Y PRODUCTOS CÁRNICOS (INCLUIDAS LAS AVES DE CORRAL).,comercio_mayorista,FALSE,AZUAY,71,2507906.37,584973.5,1922932.87,4150384.91,293593.43,293593.43,2024
97291,AGRICOLA KARLA SELENA CIA. LTDA.,A0122,A0122.01 - CULTIVO DE BANANOS Y PLÁTANOS.,cultivo_fruticola,FALSE,EL ORO,6,2501149.34,1106098.36,1395050.9799999997,1161602.86,253812.43,242888.68,2024
61295,QUEVECOCOA S.A.,G4620,G4620.11 - VENTA AL POR MAYOR DE CEREALES (GRANOS) Y SEMILLAS.,comercio_mayorista,FALSE,LOS RIOS,2,2498835.67,568167.11,1930668.56,2004663.17,0,183474.68,2024
711101,IMPORTADORA TAPIA BERZOZA IMCATABE CIA.LTDA.,G4620,G4620.11 - VENTA AL POR MAYOR DE CEREALES (GRANOS) Y SEMILLAS.,comercio_mayorista,FALSE,GUAYAS,17,2481996.9,25796.29,2456200.61,6096155.43,27973.64,17429.52,2024
321697,COMERCIALIZADORA INTERNACIONAL DE MARISCOS CINTEMAR S.A.S.,G4630,G4630.32 - VENTA AL POR MAYOR DE CAMARÓN Y LANGOSTINOS.,comercio_mayorista,FALSE,GUAYAS,3,2476848.13,1793062.44,683785.69,3206747.94,295098.58,221323.93,2024
746775,EXPORTADORA Y COMERCIALIZADORA CEDEÑO EXPOCEDE CIA.LTDA.,A0127,A0127.02 - CULTIVO DE CACAO.,cultivo_fruticola,FALSE,SANTO DOMINGO DE LOS TSACHILAS,3,2475140.57,129373.57,2345767,16083708.23,131845.89,98735.84,2024
135211,AGROVILLANUEVA CIA. LTDA,A0122,A0122.01 - CULTIVO DE BANANOS Y PLÁTANOS.,cultivo_fruticola,FALSE,GUAYAS,7,2457658.96,368073.77,2089585.19,310709.05,12851.09,9901.16,2024
38319,CORPORACION INTERNACIONAL PALACIOS CIPAL S.A.,G4630,G4630.11 - VENTA AL POR MAYOR DE BANANO Y PLÁTANO.,comercio_mayorista,FALSE,AZUAY,2,2454008.72,639005.57,1815003.1500000004,17435.02,4574.78,2759.1,2024
701322,GALILTEC ECUADOR GLTC S.A.,G4620,G4620.15 - VENTA AL POR MAYOR DE FLORES Y PLANTAS.,comercio_mayorista,FALSE,GUAYAS,38,2452586.61,156540.95,2296045.6599999997,3093197.15,129424.54,91101.91,2024
718086,BANANAGOLDCORP S.A.,G4630,G4630.11 - VENTA AL POR MAYOR DE BANANO Y PLÁTANO.,comercio_mayorista,FALSE,EL ORO,19,2422967.71,1065370.05,1357597.66,14198733.17,351656.93,226546.92,2024
76263,EMPROFIN S.A.,G4630,G4630.11 - VENTA AL POR MAYOR DE BANANO Y PLÁTANO.,comercio_mayorista,FALSE,GUAYAS,4,2409902.61,1989338.62,420563.98999999976,153493.85,100540.1,72406.05,2024
744372,PESQUERA BADUK S.A.S.,G4630,"G4630.33 - VENTA AL POR MAYOR DE PESCADO, CRUSTÁCEOS, MOLUSCOS Y PRODUCTOS DE LA PESCA.",comercio_mayorista,FALSE,GUAYAS,4,2407364.18,2030789.11,376575.07000000007,374077.5,90.32,39.58,2024
108832,EXAMASA S.A.,G4630,"G4630.12 - VENTA AL POR MAYOR DE FRUTAS, LEGUMBRES Y HORTALIZAS.",comercio_mayorista,FALSE,GUAYAS,198,2403573.52,1145472.11,1258101.41,5284505.79,19844.98,831202.03,2024
128275,EXCANCRIGRU S.A. CAMARONERA EXPORTADORA CRIOLLO,G4630,G4630.32 - VENTA AL POR MAYOR DE CAMARÓN Y LANGOSTINOS.,comercio_mayorista,FALSE,GUAYAS,16,2400432.16,1425800.52,974631.6400000001,2305592,320623.98,231557.49,2024
116267,AGROGARANTIA S.A.,A0122,A0122.01 - CULTIVO DE BANANOS Y PLÁTANOS.,cultivo_fruticola,FALSE,GUAYAS,4,2398727.76,994883.2,1403844.5599999998,1378739.08,208724.96,196783.5,2024
705095,DANZIGER-ECUADOR S.A.,G4620,G4620.15 - VENTA AL POR MAYOR DE FLORES Y PLANTAS.,comercio_mayorista,FALSE,PICHINCHA,9,2387488.62,132169.2,2255319.42,3944791.28,19960.23,7527.77,2024
65147,GUITRAN S.A.,A0122,A0122.02 - CULTIVO DE MANGOS.,cultivo_fruticola,FALSE,GUAYAS,59,2378222.35,1429720.66,948501.6900000002,2090393.01,32040.29,23626.97,2024
316920,EXPORT FRUIT CADENA ANDRADE EXFRUCAN S.A.,G4630,"G4630.14 - VENTA AL POR MAYOR DE CAFÉ, CACAO, TE Y ESPECIAS.",comercio_mayorista,FALSE,GUAYAS,4,2377369.96,530281.89,1847088.0699999998,5015838.31,111574.79,83143.1,2024
116242,INCRECER S.A.,A0122,A0122.01 - CULTIVO DE BANANOS Y PLÁTANOS.,cultivo_fruticola,FALSE,GUAYAS,2,2371757.97,966103.79,1405654.1800000002,1460497.23,230922.65,218334.23,2024
174761,INBALOSA CIA. LTDA.,G4630,G4630.11 - VENTA AL POR MAYOR DE BANANO Y PLÁTANO.,comercio_mayorista,FALSE,GUAYAS,38,2369888.28,202306.82,2167581.46,169218.09,7.71,6.01,2024
130505,VIMTICORP S.A.,G4630,G4630.11 - VENTA AL POR MAYOR DE BANANO Y PLÁTANO.,comercio_mayorista,FALSE,GUAYAS,4,2366519.47,476569.24,1889950.2300000002,1936674.84,0,17418.78,2024
38344,AGRORGANICA S.A.,A0122,A0122.01 - CULTIVO DE BANANOS Y PLÁTANOS.,cultivo_fruticola,FALSE,EL ORO,61,2362093.82,1760548.78,601545.0399999998,2406477.18,-51.07,-22378.94,2024
745329,NUTRIVEC S.A.,G4620,G4620.19 - VENTA AL POR MAYOR DE OTRAS MATERIAS PRIMAS AGROPECUARIAS.,comercio_mayorista,FALSE,GUAYAS,4,2361988.99,574981.67,1787007.3200000003,5951548.43,0,571968.55,2024
97679,COMGUABO S. A.,A0122,A0122.01 - CULTIVO DE BANANOS Y PLÁTANOS.,cultivo_fruticola,FALSE,EL ORO,72,2357570.01,1689120.5,668449.5099999998,1634302.58,48993.25,33333.59,2024
45282,REPRESENTACIONES J. LEONARDO SORIA L. CA,G4630,"G4630.92 - VENTA AL POR MAYOR DE AZÚCAR, CHOCOLATE Y PRODUCTOS DE CONFITERÍA.",comercio_mayorista,FALSE,TUNGURAHUA,45,2355460.66,642308.44,1713152.2200000002,7439379.13,71208.03,48894.41,2024
308258,''PEDBRAVSA'' COMERCIALIZADORA DE PESCADO ''PEDRO BRAVO'' S.A.,G4630,"G4630.33 - VENTA AL POR MAYOR DE PESCADO, CRUSTÁCEOS, MOLUSCOS Y PRODUCTOS DE LA PESCA.",comercio_mayorista,FALSE,GUAYAS,4,2342662.39,1351413.56,991248.8300000001,1146664.74,77788.32,58341.24,2024
38807,COMERCIALIZADORA DE PRODUCTOS DEL MAR MONGE S.A. MONGEMAR,G4630,G4630.32 - VENTA AL POR MAYOR DE CAMARÓN Y LANGOSTINOS.,comercio_mayorista,FALSE,EL ORO,4,2335441.81,704479.17,1630962.6400000001,10634609.74,85889.26,55117.96,2024
747175,SANTA CECILIA S.A.S.,G4620,G4620.15 - VENTA AL POR MAYOR DE FLORES Y PLANTAS.,comercio_mayorista,FALSE,COTOPAXI,42,2335333.19,1096012.31,1239320.88,801254.87,0,-94624.71,2024
309143,SEEDPLC CIA.LTDA.,A0124,"A0124.09 - OTROS CULTIVOS DE FRUTAS CON HUESO Y CON PEPA: CEREZAS, CIRUELAS, ENDRINAS, CAPULÍES, OVOS, CLAUDIAS, ETCÉTERA.",cultivo_fruticola,FALSE,GUAYAS,14,2333577.8,369757.6,1963820.1999999997,10128673.63,18158.2,13658.22,2024
112979,ALSODI S.A.,G4630,G4630.31 - VENTA AL POR MAYOR DE CARNE Y PRODUCTOS CÁRNICOS (INCLUIDAS LAS AVES DE CORRAL).,comercio_mayorista,FALSE,GUAYAS,52,2329023.83,514003.92,1815019.9100000001,12854297.05,139238.27,83191.31,2024
170186,MARDANNY S.A.,G4630,"G4630.12 - VENTA AL POR MAYOR DE FRUTAS, LEGUMBRES Y HORTALIZAS.",comercio_mayorista,FALSE,LOS RIOS,4,2327152.9,1390034.17,937118.73,9484356.83,368691.41,368691.41,2024
173613,BANANERA LOCURAS S.A. BANLOCSA,G4630,G4630.11 - VENTA AL POR MAYOR DE BANANO Y PLÁTANO.,comercio_mayorista,FALSE,GUAYAS,153,2323231.58,929994.69,1393236.8900000001,2384751.59,60760.08,19603.64,2024
179317,SWEET & CHOCOLATE S.A. SWEETCHOCO,G4630,"G4630.14 - VENTA AL POR MAYOR DE CAFÉ, CACAO, TE Y ESPECIAS.",comercio_mayorista,FALSE,LOS RIOS,11,2318668.83,276306.37,2042362.46,20918305.31,0,81755.03,2024
728199,AGRICOLA POGO AGROPOGO S.A.,A0122,A0122.01 - CULTIVO DE BANANOS Y PLÁTANOS.,cultivo_fruticola,FALSE,EL ORO,2,2317378.49,790961.32,1526417.1700000004,1848876.98,17418.29,30548.2,2024
328629,SOCIETA DI FRUTTA S.A.,G4630,G4630.11 - VENTA AL POR MAYOR DE BANANO Y PLÁTANO.,comercio_mayorista,FALSE,GUAYAS,4,2316607.01,323689.33,1992917.6799999997,2278407.29,164729.37,148374.13,2024
93243,AGRICOLA INDUSTRIAL TUAREZ S.A. ''AGRITUSA'',G4630,G4630.32 - VENTA AL POR MAYOR DE CAMARÓN Y LANGOSTINOS.,comercio_mayorista,FALSE,ESMERALDAS,4,2313998.96,389961.1,1924037.8599999999,2391437.1,192752.64,150347.05,2024
36704,MASCORONA & SOLEG CIA.LTDA.,G4620,G4620.11 - VENTA AL POR MAYOR DE CEREALES (GRANOS) Y SEMILLAS.,comercio_mayorista,FALSE,TUNGURAHUA,44,2311279.49,704888.54,1606390.9500000002,4951055.16,238669.56,192618.24,2024
754432,MORESEAFOODS S.A.S.,G4630,"G4630.33 - VENTA AL POR MAYOR DE PESCADO, CRUSTÁCEOS, MOLUSCOS Y PRODUCTOS DE LA PESCA.",comercio_mayorista,FALSE,GUAYAS,4,2287800.15,257784.11,2030016.04,216544,0,58974.63,2024
168036,LATINO AMERICANA DE ALIMENTOS ECUADOR S.A. LATIALI,A0127,A0127.02 - CULTIVO DE CACAO.,cultivo_fruticola,FALSE,GUAYAS,4,2285051.25,313680.24,1971371.01,2574726.16,66262.37,49696.84,2024
731839,AGROSELVATICA S.A.S.,A0122,A0122.01 - CULTIVO DE BANANOS Y PLÁTANOS.,cultivo_fruticola,FALSE,GUAYAS,30,2270722.04,1549338.74,721383.3,1111957.36,11987.4,834.56,2024
104789,LISTEM S.A.,A0122,A0122.01 - CULTIVO DE BANANOS Y PLÁTANOS.,cultivo_fruticola,FALSE,GUAYAS,56,2270214.36,1528707.29,741507.0699999998,896039.34,41990.01,41990.01,2024
727320,VICTOBANA CIA.LTDA.,G4630,G4630.11 - VENTA AL POR MAYOR DE BANANO Y PLÁTANO.,comercio_mayorista,FALSE,GUAYAS,24,2269075.41,10353.89,2258721.52,291274.85,2976.05,-55.83,2024
86776,FLORSARIO S.A.,G4620,G4620.15 - VENTA AL POR MAYOR DE FLORES Y PLANTAS.,comercio_mayorista,FALSE,PICHINCHA,2,2267694.16,2099313.99,168380.16999999993,75008.7,12529.35,9772.89,2024
330111,BANABRIX S.A.S.,A0122,A0122.01 - CULTIVO DE BANANOS Y PLÁTANOS.,cultivo_fruticola,FALSE,GUAYAS,51,2260640.99,961055.72,1299585.2700000003,674521.65,-256293.46,-256293.46,2024
137848,AGRIVALBEL CIA. LTDA.,A0122,A0122.01 - CULTIVO DE BANANOS Y PLÁTANOS.,cultivo_fruticola,FALSE,EL ORO,4,2257955.25,2206769.82,51185.43000000017,1255483.33,38528.91,38528.91,2024
176054,AULENDORF S.A.,G4620,G4620.15 - VENTA AL POR MAYOR DE FLORES Y PLANTAS.,comercio_mayorista,FALSE,PICHINCHA,2,2253194.08,454981.89,1798212.19,54205.25,3761.07,2915.56,2024
316097,LATBIO S.A.,A0122,A0122.01 - CULTIVO DE BANANOS Y PLÁTANOS.,cultivo_fruticola,FALSE,EL ORO,4,2244904.67,271493.98,1973410.69,17739002.95,170408.99,166991.98,2024
38410,AGRICOLA J.X. C. LTDA.,A0122,A0122.01 - CULTIVO DE BANANOS Y PLÁTANOS.,cultivo_fruticola,FALSE,EL ORO,68,2243069.47,2022327.51,220741.9600000002,1223963,-179587.83,-179587.83,2024
34701,ECUATORIANA DE CHOCOLATES ECUACHOCOLATES S.A.,C1073,C1073.12 - ELABORACIÓN DE CHOCOLATE Y PRODUCTOS DE CHOCOLATE.,procesamiento,FALSE,PICHINCHA,16,2239618.71,1983437.02,256181.68999999994,1701302.91,53540.39,35165.04,2024
735379,CABREPOL S.A.,A0122,A0122.01 - CULTIVO DE BANANOS Y PLÁTANOS.,cultivo_fruticola,FALSE,GUAYAS,21,2234088.72,73930.47,2160158.25,1149466.55,11998.34,498.34,2024
42456,KRAPP SA,A0122,A0122.01 - CULTIVO DE BANANOS Y PLÁTANOS.,cultivo_fruticola,FALSE,GUAYAS,94,2232521,1448290.31,784230.69,1843030.88,70200.18,51504.67,2024
126709,PLATANOKING S.A.,G4630,G4630.11 - VENTA AL POR MAYOR DE BANANO Y PLÁTANO.,comercio_mayorista,FALSE,MANABI,24,2225945.69,664579.39,1561366.2999999998,8177044.56,16452.92,9481.61,2024
97335,CARISE S.A.,A0122,A0122.01 - CULTIVO DE BANANOS Y PLÁTANOS.,cultivo_fruticola,FALSE,EL ORO,69,2214374.11,1882712.58,331661.5299999998,1481049.03,7082.5,7082.5,2024
3613,SOCIEDAD AGRICOLA EL SAUCE CA,A0122,A0122.01 - CULTIVO DE BANANOS Y PLÁTANOS.,cultivo_fruticola,FALSE,LOS RIOS,117,2210413.46,2037945.88,172467.58000000007,6440030.56,149692.71,102640.94,2024
326546,PRODUCTOS AGRICOLAS SAN LORENZO PASLEC S.A.S.,A0126,A0126.01 - CULTIVO DE PALMAS DE ACEITE (PALMA AFRICANA).,cultivo_fruticola,FALSE,PICHINCHA,3,2208305.79,502379.93,1705925.86,9089.8,7726.33,6026.54,2024
735448,ALIA ROSES ALIAROSE S.A.,G4620,G4620.15 - VENTA AL POR MAYOR DE FLORES Y PLANTAS.,comercio_mayorista,FALSE,PICHINCHA,66,2197384.81,1461568.98,735815.8300000001,1638711.7,0,16312.14,2024
128167,DON PECHE S.A. AGROPECHE,A0122,A0122.01 - CULTIVO DE BANANOS Y PLÁTANOS.,cultivo_fruticola,FALSE,GUAYAS,67,2196110.61,602717.16,1593393.4499999997,3481891.28,77971.15,44022.75,2024
72436,SOCIEDAD AGRICOLA RINUR S.A. RINURSA,G4630,G4630.11 - VENTA AL POR MAYOR DE BANANO Y PLÁTANO.,comercio_mayorista,FALSE,GUAYAS,63,2192658.18,460281.57,1732376.61,5067561.41,362396.3,312406.31,2024
180560,RILA IMPORT S.A.,G4630,"G4630.21 - VENTA AL POR MAYOR DE PRODUCTOS LÁCTEOS, INCLUIDO HELADOS, BOLOS, ETCÉTERA.",comercio_mayorista,FALSE,GUAYAS,8,2188426.96,929236,1259190.96,1195178.66,0,254537.81,2024
118399,MUSPRI S.A.,A0122,A0122.01 - CULTIVO DE BANANOS Y PLÁTANOS.,cultivo_fruticola,FALSE,LOS RIOS,4,2186210.99,1904445.53,281765.4600000002,60561.64,56913.4,56913.4,2024
177042,CONFETEX S.A.,G4630,G4630.11 - VENTA AL POR MAYOR DE BANANO Y PLÁTANO.,comercio_mayorista,FALSE,GUAYAS,49,2185028.94,41650.56,2143378.38,1591031.24,-32571.32,-24428.49,2024
707419,AGRICOLA PIÑERA SOLORZANO ANDRADE PIÑASOLAND CIA.LTDA.,A0122,A0122.04 - CULTIVO DE PIÑAS.,cultivo_fruticola,FALSE,SANTO DOMINGO DE LOS TSACHILAS,30,2184160.18,1733078.97,451081.2100000002,1631269.39,196165.37,164883.47,2024
716259,COMERCIALIZADORA BASURTO & SACON SUPERUNO S.A.,G4630,G4630.91 - VENTA AL POR MAYOR DE ARROZ.,comercio_mayorista,FALSE,MANABI,4,2176069.47,606079.76,1569989.7100000002,9458308.37,24081.72,18061.29,2024
141899,FALBACO CIA. LTDA.,A0122,A0122.01 - CULTIVO DE BANANOS Y PLÁTANOS.,cultivo_fruticola,FALSE,EL ORO,22,2174962.48,1380791.75,794170.73,704628.01,0,2168.45,2024
9724,CHOCOLATESNOBOA S.A.,C1073,C1073.12 - ELABORACIÓN DE CHOCOLATE Y PRODUCTOS DE CHOCOLATE.,procesamiento,FALSE,GUAYAS,17,2170550.45,601024.11,1569526.3400000003,856895.5,2960.69,2960.69,2024
300364,VALENCORP INDUSTRIA CACAOTERA KUNTUCAO CIA.LTDA.,C1073,"C1073.11 - ELABORACIÓN DE CACAO, MANTECA, GRASA Y ACEITE DE CACAO.",procesamiento,FALSE,PICHINCHA,17,2150798.57,540163.44,1610635.13,1412270.68,-28576.8,-28576.8,2024
737958,NUTRICIONPLUS S.A.S.,G4620,G4620.11 - VENTA AL POR MAYOR DE CEREALES (GRANOS) Y SEMILLAS.,comercio_mayorista,FALSE,PICHINCHA,22,2144415.17,-129467.83,2273883,1275319.5,-303086.51,-303086.51,2024
728922,RURUKUNA ECUADOR ECUARURUKUNA S.A.S.,G4620,G4620.12 - VENTA AL POR MAYOR DE FRUTOS Y SEMILLAS OLEAGINOSAS.,comercio_mayorista,FALSE,GUAYAS,12,2141484.69,268898.05,1872586.64,12161515.07,129830.6,101199,2024
38526,URBAROSA S.A.,G4630,"G4630.33 - VENTA AL POR MAYOR DE PESCADO, CRUSTÁCEOS, MOLUSCOS Y PRODUCTOS DE LA PESCA.",comercio_mayorista,FALSE,EL ORO,8,2126606.79,1530518.43,596088.3600000001,77243.3,15.82,12.34,2024
729089,MAVANNI S.A.,G4630,"G4630.12 - VENTA AL POR MAYOR DE FRUTAS, LEGUMBRES Y HORTALIZAS.",comercio_mayorista,FALSE,GUAYAS,12,2118766.76,48704.38,2070062.38,16757838.45,193086.12,17440.08,2024
141451,GRANDINA S.A.S.,G4630,"G4630.14 - VENTA AL POR MAYOR DE CAFÉ, CACAO, TE Y ESPECIAS.",comercio_mayorista,FALSE,GUAYAS,6,2117363.32,1118838.89,998524.4299999999,6223515.15,435925.93,275476.15,2024
103656,YOPAL S.A.,A0122,A0122.01 - CULTIVO DE BANANOS Y PLÁTANOS.,cultivo_fruticola,FALSE,GUAYAS,2,2107895.01,1355852.5,752042.5099999998,549385.68,-326208.01,-331889.8,2024
336342,NEGOCIOS INDUSTRIALES SASEPAL S.A.,G4630,G4630.23 - VENTA AL POR MAYOR DE ACEITES Y GRASAS COMESTIBLES DE ORIGEN ANIMAL O VEGETAL.,comercio_mayorista,FALSE,PICHINCHA,9,2106194.9,415793.12,1690401.7799999998,7966150.39,257189.26,257189.26,2024
165477,ULTRAFERT S.A.,G4630,"G4630.12 - VENTA AL POR MAYOR DE FRUTAS, LEGUMBRES Y HORTALIZAS.",comercio_mayorista,FALSE,GUAYAS,4,2098939.23,162596.33,1936342.9,3180876.6,45357.74,55774.38,2024
309444,COMERCIALIZADORA DE BANANO PALACIOS PAZMIÑO FRUIT PALPAZFRUIT S.A.,A0122,A0122.01 - CULTIVO DE BANANOS Y PLÁTANOS.,cultivo_fruticola,FALSE,EL ORO,6,2091511.49,371615.99,1719895.5,11644647.31,132104.13,155416.62,2024
711069,COMERCIALIZADORA & EXPORTADORA DE CACAO JOERBRY S.A.,G4630,"G4630.14 - VENTA AL POR MAYOR DE CAFÉ, CACAO, TE Y ESPECIAS.",comercio_mayorista,FALSE,ESMERALDAS,24,2089115.16,1117657.24,971457.9199999999,11773466.62,441288.42,344204.97,2024
710832,BANASANTO C.A.,A0122,A0122.01 - CULTIVO DE BANANOS Y PLÁTANOS.,cultivo_fruticola,FALSE,LOS RIOS,11,2088908.07,435419.43,1653488.6400000001,1794933.14,149100.52,149100.52,2024
724343,AGRÍCOLA SOLEDAD COLSAD S.A.,A0122,A0122.01 - CULTIVO DE BANANOS Y PLÁTANOS.,cultivo_fruticola,FALSE,GUAYAS,4,2082329.38,728989.05,1353340.3299999998,1790068.7,96594.45,78795.12,2024
38409,PREDIFAL C. LTDA.,A0122,A0122.01 - CULTIVO DE BANANOS Y PLÁTANOS.,cultivo_fruticola,FALSE,EL ORO,150,2064183.75,1620162.58,444021.1699999999,2289530.2,-26442.31,-26442.31,2024
97410,EL CHORRON DE LA SABANA CHORROSA CIA. LTDA.,A0122,A0122.01 - CULTIVO DE BANANOS Y PLÁTANOS.,cultivo_fruticola,FALSE,EL ORO,94,2050551.01,759888.73,1290662.28,2282381.02,0,86893.79,2024
326888,DAHOOMAR S.A.,G4630,G4630.32 - VENTA AL POR MAYOR DE CAMARÓN Y LANGOSTINOS.,comercio_mayorista,FALSE,GUAYAS,4,2046007.25,-385857.81,2431865.06,3464254.68,0,54597.68,2024
175213,AGRICOLA JAMBELI AGRIJAM S.A.,G4630,G4630.11 - VENTA AL POR MAYOR DE BANANO Y PLÁTANO.,comercio_mayorista,FALSE,GUAYAS,49,2037784.61,783751.46,1254033.1500000001,4783624.39,216981.97,157847.09,2024
9595,COMPANIA DE DESARROLLO BANANERO DEL ECUADOR BANDECUA SA,G4630,G4630.11 - VENTA AL POR MAYOR DE BANANO Y PLÁTANO.,comercio_mayorista,FALSE,GUAYAS,30,2025420.72,227909.01,1797511.71,22175827.36,322214.77,11125.16,2024
713657,DATU-DELI GOURMET CIA.LTDA.,G4630,G4630.91 - VENTA AL POR MAYOR DE ARROZ.,comercio_mayorista,FALSE,PICHINCHA,52,2023547.47,12938.2,2010609.27,2552161.36,-215834.79,-215287.52,2024
330593,EXPORTADORA DE BANANO LEVEXPORT S.A.,G4630,G4630.11 - VENTA AL POR MAYOR DE BANANO Y PLÁTANO.,comercio_mayorista,FALSE,GUAYAS,42,1995617.89,429310.49,1566307.4,61206021.26,392811.64,293662.44,2024
362233,CONSTRUCBANALOJ S.A.S.,A0122,A0122.01 - CULTIVO DE BANANOS Y PLÁTANOS.,cultivo_fruticola,FALSE,LOS RIOS,1,1990430.39,82618.01,1907812.38,412921.12,81618.01,81618.01,2024
123288,TORCHUSA S.A.,A0122,A0122.01 - CULTIVO DE BANANOS Y PLÁTANOS.,cultivo_fruticola,FALSE,GUAYAS,10,1989180.41,1931273.75,57906.659999999916,511907.36,108297.78,108297.78,2024
744743,BANANITOSA S.A.,A0122,A0122.01 - CULTIVO DE BANANOS Y PLÁTANOS.,cultivo_fruticola,FALSE,GUAYAS,4,1981324.5,481548.68,1499775.82,1024555.07,168791.27,168791.27,2024
724350,AGRÍCOLA MARÍA ISABEL MARISAGRIC S.A.,A0122,A0122.01 - CULTIVO DE BANANOS Y PLÁTANOS.,cultivo_fruticola,FALSE,GUAYAS,4,1973144.55,1194860.7,778283.8500000001,1218508.19,71848.39,58885.44,2024
720116,IRPOGREEN CIA.LTDA.,C1030,"C1030.12 - CONSERVACIÓN DE FRUTAS, PULPA DE FRUTAS, LEGUMBRES Y HORTALIZAS MEDIANTE EL CONGELADO, SECADO, DESHIDRATADO, INMERSIÓN EN ACEITE O VINAGRE, ENLATADO, ETCÉTERA.",procesamiento,FALSE,AZUAY,8,1972338.12,342543.1,1629795.02,1989292.66,195993.31,163555.63,2024
70745,KYGRANSA S.A.,A0127,A0127.02 - CULTIVO DE CACAO.,cultivo_fruticola,FALSE,GUAYAS,37,1965066.74,243272.35,1721794.39,1071398.26,64880.79,39844.36,2024
89237,BALL ECUADOR CIA. LTDA,G4620,G4620.15 - VENTA AL POR MAYOR DE FLORES Y PLANTAS.,comercio_mayorista,FALSE,PICHINCHA,4,1964249.23,363548.71,1600700.52,4893637.09,24306.69,-29503.63,2024
62479,AGRICOLA SAN ESTEBAN ESTEBANAGRI CIA. LTDA.,A0122,A0122.01 - CULTIVO DE BANANOS Y PLÁTANOS.,cultivo_fruticola,FALSE,EL ORO,34,1959986.98,1191098.27,768888.71,966603.91,22708.69,22708.69,2024
713893,QUINIDAV COMPAÑIA AGRICOLA PALMA ECUA S.A.,A0126,A0126.01 - CULTIVO DE PALMAS DE ACEITE (PALMA AFRICANA).,cultivo_fruticola,FALSE,ESMERALDAS,8,1958354.55,695032.45,1263322.1,175646.13,427.97,317.13,2024
97457,EXMASUR CIA. LTDA,G4630,G4630.32 - VENTA AL POR MAYOR DE CAMARÓN Y LANGOSTINOS.,comercio_mayorista,FALSE,EL ORO,3,1951787.11,1752032.5,199754.6100000001,84680.51,-165974.76,-136226.12,2024
710123,COMERCIALIZADORA Y EXPORTADORA QUALITYFRUIT S.A.,G4630,G4630.11 - VENTA AL POR MAYOR DE BANANO Y PLÁTANO.,comercio_mayorista,FALSE,GUAYAS,10,1950460.5,143300.85,1807159.65,1627337.71,-16742.98,-27905.17,2024
86098,"COMERCIAL DE INSUMOS, ESPECIAS Y CONDIMENTOS ALIMENTICIOS INSUALIMCO CIA. LTDA.",G4630,"G4630.14 - VENTA AL POR MAYOR DE CAFÉ, CACAO, TE Y ESPECIAS.",comercio_mayorista,FALSE,PICHINCHA,18,1950444.34,449197.48,1501246.86,2256965.43,95013.74,55366.12,2024
322503,AGROGANADERAINTI S.A.,G4630,G4630.13 - VENTA AL POR MAYOR DE PAPA Y TUBÉRCULOS.,comercio_mayorista,FALSE,COTOPAXI,18,1948632.21,488340.46,1460291.75,595417.47,0,4130.66,2024
146271,FAMILY FOOD ECUADOR S.A. FAMODECSA,G4630,"G4630.21 - VENTA AL POR MAYOR DE PRODUCTOS LÁCTEOS, INCLUIDO HELADOS, BOLOS, ETCÉTERA.",comercio_mayorista,FALSE,GUAYAS,17,1939636.09,864093.92,1075542.17,5205388.35,254122.14,199190.53,2024
135013,AGRIMANGO CIA. LTDA.,A0122,"A0122.09 - OTROS CULTIVOS DE FRUTAS TROPICALES Y SUBTROPICALES: PAPAYAS, BABACOS, CHAMBUROS, AGUACATES, HIGOS, ARAZÁ, GUAYABAS, GUANÁBANA, GUABA, CHIRIMOYA, NARANJILLAS, ZAPOTES, BOROJÓ, TAMARINDO, GRANADILLAS, DÁTILES, ETCÉTERA.",cultivo_fruticola,TRUE,GUAYAS,5,1939340.65,3023.65,1936317,20156,447.88,246.32,2024
104514,AGROLAYA S.A.,G4620,G4620.11 - VENTA AL POR MAYOR DE CEREALES (GRANOS) Y SEMILLAS.,comercio_mayorista,FALSE,LOS RIOS,11,1939327.79,377714.34,1561613.45,14014676,371353.84,268190.91,2024
146324,CORAGROFRUT S.A.,A0122,"A0122.09 - OTROS CULTIVOS DE FRUTAS TROPICALES Y SUBTROPICALES: PAPAYAS, BABACOS, CHAMBUROS, AGUACATES, HIGOS, ARAZÁ, GUAYABAS, GUANÁBANA, GUABA, CHIRIMOYA, NARANJILLAS, ZAPOTES, BOROJÓ, TAMARINDO, GRANADILLAS, DÁTILES, ETCÉTERA.",cultivo_fruticola,TRUE,GUAYAS,3,1921568.5,103001.03,1818567.47,8365211.29,0,14763.47,2024
106348,EXPOGLOBAL S.A.,G4630,G4630.11 - VENTA AL POR MAYOR DE BANANO Y PLÁTANO.,comercio_mayorista,FALSE,GUAYAS,15,1912590.81,397515.8,1515075.01,15706029.51,58980.21,35738.06,2024
120602,LUMOBA S.A.,A0122,"A0122.09 - OTROS CULTIVOS DE FRUTAS TROPICALES Y SUBTROPICALES: PAPAYAS, BABACOS, CHAMBUROS, AGUACATES, HIGOS, ARAZÁ, GUAYABAS, GUANÁBANA, GUABA, CHIRIMOYA, NARANJILLAS, ZAPOTES, BOROJÓ, TAMARINDO, GRANADILLAS, DÁTILES, ETCÉTERA.",cultivo_fruticola,TRUE,GUAYAS,4,1912125.83,257248.44,1654877.3900000001,105916.5,130125.46,130125.46,2024
97411,AGRICOLA ENCALADA AGRIEN CIA. LTDA.,A0122,A0122.01 - CULTIVO DE BANANOS Y PLÁTANOS.,cultivo_fruticola,FALSE,EL ORO,101,1910239.67,1143390.3,766849.3699999999,2398259.99,0,94650.82,2024
108816,MIRELYA S.A.,G4630,"G4630.14 - VENTA AL POR MAYOR DE CAFÉ, CACAO, TE Y ESPECIAS.",comercio_mayorista,FALSE,GUAYAS,2,1889898.21,832411.79,1057486.42,132676.27,1568.91,1216.69,2024
29744,FLORES LA ALEGRIA ALEFLOWERS CIA. LTDA.,G4620,G4620.15 - VENTA AL POR MAYOR DE FLORES Y PLANTAS.,comercio_mayorista,FALSE,IMBABURA,134,1888061.77,1200794.26,687267.51,2721053.82,0,164896.53,2024
120157,IMERBRY S.A.,G4630,"G4630.95 - VENTA AL POR MAYOR DE BEBIDAS ALCOHÓLICAS, INCLUSO EL ENVASADO DE VINO A GRANEL SIN TRANSFORMACIÓN.",comercio_mayorista,FALSE,GUAYAS,10,1878092.7,356275.83,1521816.8699999999,2926086.78,12291.83,8296.98,2024
139919,FERYARROZ CIA. LTDA.,G4620,G4620.11 - VENTA AL POR MAYOR DE CEREALES (GRANOS) Y SEMILLAS.,comercio_mayorista,FALSE,TUNGURAHUA,16,1875254.15,1031822.12,843432.0299999999,6878338.62,0,176577.07,2024
94030,"COMPAÑIA ANDINA DE COMERCIO, CONSUMA CIA. LTDA.",G4630,"G4630.92 - VENTA AL POR MAYOR DE AZÚCAR, CHOCOLATE Y PRODUCTOS DE CONFITERÍA.",comercio_mayorista,FALSE,PICHINCHA,17,1874658.16,319240.45,1555417.71,2416825.47,-74737.38,-74737.38,2024
727375,HAVICBAN CIA.LTDA.,G4630,G4630.11 - VENTA AL POR MAYOR DE BANANO Y PLÁTANO.,comercio_mayorista,FALSE,GUAYAS,43,1870567.39,369395.96,1501171.43,731788.04,5658.21,-1695.41,2024
314853,GRUPOAQUA S.A.,G4630,"G4630.94 - VENTA AL POR MAYOR DE BEBIDAS NO ALCOHÓLICAS (JUGOS, GASEOSAS, AGUA MINERAL, ETCÉTERA).",comercio_mayorista,FALSE,GUAYAS,137,1868941.95,258874.7,1610067.25,6043734.2,127313.74,94602.34,2024
175716,AGRICOLA LELITA S.A. AGROLELITA,G4630,G4630.11 - VENTA AL POR MAYOR DE BANANO Y PLÁTANO.,comercio_mayorista,FALSE,GUAYAS,5,1866362.91,594727.37,1271635.54,103143.86,-20895.24,-20895.24,2024
319753,HACIENDANOA S.A.S.,A0125,"A0125.09 - OTROS CULTIVOS DE FRUTOS DE ÁRBOLES Y ARBUSTOS: PITAHAYA, TUNA, ALGARROBA, TAXOS, ETCÉTERA.",cultivo_fruticola,TRUE,GUAYAS,8,1863735.38,190849.31,1672886.0699999998,1666077.64,39689.42,29767.06,2024
703906,EXPORTADORA FRUIT TRADERS EXPORFRUIT S.A.,A0122,A0122.01 - CULTIVO DE BANANOS Y PLÁTANOS.,cultivo_fruticola,FALSE,EL ORO,53,1860913.23,373508.69,1487404.54,1391980.3,115.14,135.46,2024
180752,AGROEXPORTADORA FARNIE S.A.,A0122,A0122.01 - CULTIVO DE BANANOS Y PLÁTANOS.,cultivo_fruticola,FALSE,EL ORO,21,1856818.75,1607358.03,249460.71999999997,747431.55,14765.75,7299.25,2024
345845,COMPAÑIA PESQUERA CRISMARSA S.A.,G4630,"G4630.33 - VENTA AL POR MAYOR DE PESCADO, CRUSTÁCEOS, MOLUSCOS Y PRODUCTOS DE LA PESCA.",comercio_mayorista,FALSE,GUAYAS,5,1848886.09,586088.41,1262797.6800000002,2477858.41,87380.03,65535.02,2024
146119,INDUSTRIAL AGRICOLA BANANERA INAGBAN S.A.,G4630,G4630.11 - VENTA AL POR MAYOR DE BANANO Y PLÁTANO.,comercio_mayorista,FALSE,GUAYAS,75,1841973.4,1642100.41,199872.99,1068790.43,0,52875.67,2024
700160,EMPRESA AGROINDUSTRIAL Y DE ALIMENTOS ALINATURA S.A.,C1073,"C1073.11 - ELABORACIÓN DE CACAO, MANTECA, GRASA Y ACEITE DE CACAO.",procesamiento,FALSE,PICHINCHA,41,1836443.83,524545.48,1311898.35,1296549.52,0,-189112.3,2024
137634,CAFE ROBUSTA DEL ECUADOR S.A. ROBUSTASA,A0122,A0122.01 - CULTIVO DE BANANOS Y PLÁTANOS.,cultivo_fruticola,FALSE,GUAYAS,3,1835753.18,-199598.98,2035352.16,1686,-65084.1,-65084.1,2024
23031,COMPANIA DE MECANIZACION AGRICOLA Y MERCADEO QUIROLA QUIROLA CIA LTDA,A0122,A0122.04 - CULTIVO DE PIÑAS.,cultivo_fruticola,FALSE,GUAYAS,11,1833518.37,342660.03,1490858.34,378530.63,11824.9,9223.42,2024
2733,COMPANIA AGRICOLA PREDIAL BOLIVAR CA,A0122,A0122.01 - CULTIVO DE BANANOS Y PLÁTANOS.,cultivo_fruticola,FALSE,GUAYAS,3,1832536.94,1312065.69,520471.25,155645.97,10808.97,944.03,2024
180010,CORPORACIÓN UNIVERSAL BEVERAGE S.A. UNICOBESA,G4630,"G4630.95 - VENTA AL POR MAYOR DE BEBIDAS ALCOHÓLICAS, INCLUSO EL ENVASADO DE VINO A GRANEL SIN TRANSFORMACIÓN.",comercio_mayorista,FALSE,PICHINCHA,4,1830521.6,1058557.65,771963.9500000002,271358.42,0,-220359.32,2024
112889,CORPORACION EMPRESARIAL ECUATORIANA S.A. CESA,G4630,"G4630.95 - VENTA AL POR MAYOR DE BEBIDAS ALCOHÓLICAS, INCLUSO EL ENVASADO DE VINO A GRANEL SIN TRANSFORMACIÓN.",comercio_mayorista,FALSE,GUAYAS,4,1829233.06,1669573.09,159659.96999999997,50135.64,0,-129811.6,2024
116248,AGROSERVICORP S.A.,A0122,A0122.01 - CULTIVO DE BANANOS Y PLÁTANOS.,cultivo_fruticola,FALSE,GUAYAS,4,1827256.84,857436.73,969820.1100000001,1757976.61,343783.51,324170.45,2024
108975,PAUL DE MAR S.A.,A0122,A0122.01 - CULTIVO DE BANANOS Y PLÁTANOS.,cultivo_fruticola,FALSE,LOS RIOS,5,1812928.57,85094.38,1727834.19,8211769.53,181398.13,52711.69,2024
72380,AGRICOLA DESESU S.A.,A0122,A0122.01 - CULTIVO DE BANANOS Y PLÁTANOS.,cultivo_fruticola,FALSE,GUAYAS,4,1804060.41,497166.07,1306894.3399999999,1478003,106623.52,91575.3,2024
160462,JOYAPALMA CIA. LTDA.,A0126,A0126.01 - CULTIVO DE PALMAS DE ACEITE (PALMA AFRICANA).,cultivo_fruticola,FALSE,SANTO DOMINGO DE LOS TSACHILAS,20,1794499.08,737645.92,1056853.1600000001,416362.2,0,29044.79,2024
712143,CACAOFINO S.A.,A0127,A0127.02 - CULTIVO DE CACAO.,cultivo_fruticola,FALSE,GUAYAS,3,1787607.7,400341.4,1387266.2999999998,152594.93,-2842.45,-2842.45,2024
38141,BANORPAL S.A.,A0122,A0122.01 - CULTIVO DE BANANOS Y PLÁTANOS.,cultivo_fruticola,FALSE,EL ORO,30,1774814.2,547476.62,1227337.58,2582610.52,27722.97,27722.97,2024
155167,TROPICALFOODS S.A.,A0126,"A0126.09 - OTROS CULTIVOS DE FRUTOS OLEAGINOSOS: COCOS, ACEITUNAS, ETCÉTERA.",cultivo_fruticola,FALSE,PICHINCHA,43,1769227.91,666599.8,1102628.1099999999,2531022.24,-23817.83,-23817.83,2024
121922,ROLEMAR S.A.,A0125,"A0125.09 - OTROS CULTIVOS DE FRUTOS DE ÁRBOLES Y ARBUSTOS: PITAHAYA, TUNA, ALGARROBA, TAXOS, ETCÉTERA.",cultivo_fruticola,TRUE,GUAYAS,11,1743470.46,947746.68,795723.7799999999,272311.61,3173.47,2475.31,2024
727547,ANDEAN BERRIES&BERRIES S.A.,A0125,"A0125.01 - CULTIVO DE BAYAS GROSELLAS, GROSELLAS ESPINOSAS, KIWIS, FRAMBUESAS, FRESAS (FRUTILLAS), MORAS, MORTIÑOS (ARÁNDANOS), UVILLA Y OTRAS BAYAS.",cultivo_fruticola,TRUE,IMBABURA,43,1742532.04,197424.21,1545107.83,1428725.35,77596.3,51259.96,2024
730434,ANDILAC S.A.S.,G4630,"G4630.21 - VENTA AL POR MAYOR DE PRODUCTOS LÁCTEOS, INCLUIDO HELADOS, BOLOS, ETCÉTERA.",comercio_mayorista,FALSE,GUAYAS,12,1739238.69,206425.96,1532812.73,926992.33,0,-224609.16,2024
319137,ONE VITRO S.A.,A0122,A0122.01 - CULTIVO DE BANANOS Y PLÁTANOS.,cultivo_fruticola,FALSE,GUAYAS,28,1737430.23,16337.93,1721092.3,1407876.48,18816.13,6984.75,2024
47435,ENVAGRIF C.A. ENVASADOS AGRICOLAS Y FRUTALES,C1030,"C1030.16 - ELABORACIÓN DE COMPOTAS, MERMELADAS Y JALEAS, PURÉS Y OTRAS CONFITURAS DE FRUTAS O FRUTOS SECOS.",procesamiento,FALSE,PICHINCHA,26,1732395.22,801160.03,931235.19,1763438.66,0,-23409.94,2024
300225,SBD CIA.LTDA.,G4630,"G4630.12 - VENTA AL POR MAYOR DE FRUTAS, LEGUMBRES Y HORTALIZAS.",comercio_mayorista,FALSE,GUAYAS,21,1728477.99,325236.92,1403241.07,7148645.06,187424.69,139249.95,2024
323026,AGROPECUARIA INDUSTRIAL ZAMBRANO ALVAREZ AGROINZAMAL CIA.LTDA.,A0126,A0126.01 - CULTIVO DE PALMAS DE ACEITE (PALMA AFRICANA).,cultivo_fruticola,FALSE,SANTO DOMINGO DE LOS TSACHILAS,8,1725300.73,818323,906977.73,11854.35,132.05,103,2024
713584,EMPROCOMPT CIA.LTDA.,A0122,A0122.01 - CULTIVO DE BANANOS Y PLÁTANOS.,cultivo_fruticola,FALSE,EL ORO,3,1720404.8,276588.12,1443816.6800000002,1483082.48,87205.09,70996.39,2024
313099,MARINOSALAVA S.A.,G4630,"G4630.33 - VENTA AL POR MAYOR DE PESCADO, CRUSTÁCEOS, MOLUSCOS Y PRODUCTOS DE LA PESCA.",comercio_mayorista,FALSE,MANABI,3,1718533.38,1668114.02,50419.35999999987,1633903.32,419911.12,419911.12,2024
176239,PREGEL ECUADOR S.A. PREGELECU,G4630,G4630.99 - VENTA AL POR MAYOR DE OTROS PRODUCTOS COMESTIBLES (ENLATADOS Y CONSERVAS).,comercio_mayorista,FALSE,PICHINCHA,7,1715297.91,1024882.47,690415.44,2193993.62,42774.15,31128.89,2024
178737,PROQUINOA S.A.S.,G4620,G4620.11 - VENTA AL POR MAYOR DE CEREALES (GRANOS) Y SEMILLAS.,comercio_mayorista,FALSE,PICHINCHA,5,1714535.98,853235.99,861299.99,643348.08,-318279.76,-318279.76,2024
713019,PALTOS SANTA ELENA AGROPALTOS S.A.,A0122,"A0122.09 - OTROS CULTIVOS DE FRUTAS TROPICALES Y SUBTROPICALES: PAPAYAS, BABACOS, CHAMBUROS, AGUACATES, HIGOS, ARAZÁ, GUAYABAS, GUANÁBANA, GUABA, CHIRIMOYA, NARANJILLAS, ZAPOTES, BOROJÓ, TAMARINDO, GRANADILLAS, DÁTILES, ETCÉTERA.",cultivo_fruticola,TRUE,SANTA ELENA,15,1708929.52,-859747.28,2568676.8,135,0,-75252.36,2024
113233,DELINDECSA S.A.,G4630,"G4630.12 - VENTA AL POR MAYOR DE FRUTAS, LEGUMBRES Y HORTALIZAS.",comercio_mayorista,FALSE,GUAYAS,11,1707524.14,53706.98,1653817.16,6616463.87,0,-58472.12,2024
157443,DIMEHK BUSINESS & SHIPPING CORPORATION CIA. LTDA.,G4620,G4620.15 - VENTA AL POR MAYOR DE FLORES Y PLANTAS.,comercio_mayorista,FALSE,PICHINCHA,52,1706607.15,131582.88,1575024.27,1984495.29,42515.99,32878.81,2024
141955,FLORICOLA ATTAROSES CIA. LTDA.,G4620,G4620.15 - VENTA AL POR MAYOR DE FLORES Y PLANTAS.,comercio_mayorista,FALSE,PICHINCHA,68,1706268.76,137538.8,1568729.96,3477148.8,28130.38,21485.94,2024
104075,CAFE GARDELLA S.A.,G4630,"G4630.14 - VENTA AL POR MAYOR DE CAFÉ, CACAO, TE Y ESPECIAS.",comercio_mayorista,FALSE,GUAYAS,16,1701672,1345756,355916,3192236,0,124125,2024
109151,LADENCORP S.A.,A0122,A0122.01 - CULTIVO DE BANANOS Y PLÁTANOS.,cultivo_fruticola,FALSE,GUAYAS,23,1699675.99,4421.11,1695254.88,1218134.21,0,3222.41,2024
18010,ICAPEB S.A.S.,C1073,"C1073.21 - ELABORACIÓN DE PRODUCTOS DE CONFITERÍA: CARAMELOS, TURRÓN, GRAGEAS Y PASTILLAS DE CONFITERÍA, GOMA DE MASCAR (CHICLES), CONFITES BLANDOS, CONFITERÍA A BASE DE CHOCOLATE Y CHOCOLATE BLANCO, ETCÉTERA.",procesamiento,FALSE,PICHINCHA,1,1699353.06,1667697.97,31655.090000000084,1974063.76,-679687.12,-756571.63,2024
313302,BLUEPACIF S.A.,G4630,"G4630.33 - VENTA AL POR MAYOR DE PESCADO, CRUSTÁCEOS, MOLUSCOS Y PRODUCTOS DE LA PESCA.",comercio_mayorista,FALSE,MANABI,7,1696034.63,344525.35,1351509.2799999998,13710821.05,114986.72,110845.44,2024
133667,AGRICOLA DON PORTI S.A. DONPORTISA,A0127,A0127.02 - CULTIVO DE CACAO.,cultivo_fruticola,FALSE,GUAYAS,14,1695521.82,150428.44,1545093.3800000001,1477166.83,119620.04,98604.08,2024
205050,DISTRIBUIDORA DE PRODUCTOS ALIMENTICIOS DISCARNICOS S.A.,G4630,G4630.31 - VENTA AL POR MAYOR DE CARNE Y PRODUCTOS CÁRNICOS (INCLUIDAS LAS AVES DE CORRAL).,comercio_mayorista,FALSE,MANABI,76,1688434.26,736994.34,951439.92,14835492.84,210133.4,143150.28,2024
181193,CORPFRIEC S.A.,G4630,G4630.31 - VENTA AL POR MAYOR DE CARNE Y PRODUCTOS CÁRNICOS (INCLUIDAS LAS AVES DE CORRAL).,comercio_mayorista,FALSE,PICHINCHA,4,1688009.13,1301267.77,386741.35999999987,997644,4291.33,3262.26,2024
744458,LOFISH S.A.,G4630,"G4630.33 - VENTA AL POR MAYOR DE PESCADO, CRUSTÁCEOS, MOLUSCOS Y PRODUCTOS DE LA PESCA.",comercio_mayorista,FALSE,SANTA ELENA,11,1686144.49,364353.37,1321791.12,6618180.94,158671.66,111387.5,2024
87191,COMESTIBLES ALDORECUADOR CIA. LTDA.,G4630,"G4630.92 - VENTA AL POR MAYOR DE AZÚCAR, CHOCOLATE Y PRODUCTOS DE CONFITERÍA.",comercio_mayorista,FALSE,PICHINCHA,25,1680415.73,-18296.97,1698712.7,5196803.1,17079.96,-14506.98,2024
103833,GRANPIR S.A.,G4630,G4630.31 - VENTA AL POR MAYOR DE CARNE Y PRODUCTOS CÁRNICOS (INCLUIDAS LAS AVES DE CORRAL).,comercio_mayorista,FALSE,GUAYAS,3,1678567.62,348279.76,1330287.86,10914085.66,73994.37,45295.78,2024
134693,AGRICOLA MAYRA ROSARIO AMARO CIA. LTDA.,A0122,A0122.01 - CULTIVO DE BANANOS Y PLÁTANOS.,cultivo_fruticola,FALSE,GUAYAS,5,1677611.28,5975,1671636.28,74063.1,2307.71,1567,2024
744949,MEGABANEX S.A.S.,G4630,G4630.11 - VENTA AL POR MAYOR DE BANANO Y PLÁTANO.,comercio_mayorista,FALSE,EL ORO,16,1677507.29,166488.27,1511019.02,2232899.01,0,0,2024
178358,INDUSTRIAS PERLA FOODS INPERFOODS CIA LTDA,G4630,"G4630.92 - VENTA AL POR MAYOR DE AZÚCAR, CHOCOLATE Y PRODUCTOS DE CONFITERÍA.",comercio_mayorista,FALSE,PICHINCHA,27,1674245.75,907219.67,767026.08,1380279,-82242.06,-65838.59,2024
58656,CULTIMANGO S.A.,A0122,A0122.02 - CULTIVO DE MANGOS.,cultivo_fruticola,FALSE,GUAYAS,7,1670325.74,20229.27,1650096.47,501525.8,8516.86,2895.5,2024
742851,EMEXFRUITS S.A.,C1030,"C1030.14 - FABRICACIÓN DE PRODUCTOS ALIMENTICIOS A PARTIR DE (UN SOLO COMPONENTE) FRUTAS, LEGUMBRES Y HORTALIZAS; INCLUSO SNACKS DE PLÁTANO (CHIFLES), YUCA, FRUTAS, ETCÉTERA, EXCEPTO PAPA.",procesamiento,FALSE,MANABI,14,1668532.12,1383917.27,284614.8500000001,437834.99,-3733.2,-8981.57,2024
703181,EXPORTADORA DE FRUTAS EXPORTVAL S.A.,G4630,G4630.11 - VENTA AL POR MAYOR DE BANANO Y PLÁTANO.,comercio_mayorista,FALSE,GUAYAS,14,1657859.39,94130.06,1563729.3299999998,19861246.47,206296.82,44258.57,2024
751384,COMERCIALIZADORA LATINA COMLATAM S.A.,G4630,"G4630.95 - VENTA AL POR MAYOR DE BEBIDAS ALCOHÓLICAS, INCLUSO EL ENVASADO DE VINO A GRANEL SIN TRANSFORMACIÓN.",comercio_mayorista,FALSE,GUAYAS,3,1656033.19,209181.13,1446852.06,2961112.89,181192.88,131968.2,2024
300767,RAFILPORT S.A.,G4630,G4630.11 - VENTA AL POR MAYOR DE BANANO Y PLÁTANO.,comercio_mayorista,FALSE,EL ORO,4,1641854.07,1283107.46,358746.6100000001,14888.14,-3555.21,-3555.21,2024
332518,CACAOADVENTURES S.A.S.,A0127,A0127.02 - CULTIVO DE CACAO.,cultivo_fruticola,FALSE,PICHINCHA,3,1641661.33,-358648.58,2000309.9100000001,587528.65,2377.52,-12225.75,2024
137298,IMPORTADORA MANUEL PESANTEZ & HIJOS CIA. LTDA.,G4630,G4630.99 - VENTA AL POR MAYOR DE OTROS PRODUCTOS COMESTIBLES (ENLATADOS Y CONSERVAS).,comercio_mayorista,FALSE,AZUAY,4,1629200.13,360671.83,1268528.2999999998,2753749.3,5545.66,3743.32,2024
714941,COMERCIALIZADORA JUANA-GARDEN CIA.LTDA.,G4620,G4620.12 - VENTA AL POR MAYOR DE FRUTOS Y SEMILLAS OLEAGINOSAS.,comercio_mayorista,FALSE,PICHINCHA,4,1624628.57,596014.05,1028614.52,3641504.17,194222.12,148341.67,2024
68709,BANAETELVIRA S.A.,A0122,A0122.01 - CULTIVO DE BANANOS Y PLÁTANOS.,cultivo_fruticola,FALSE,LOS RIOS,57,1622265.8,608227.79,1014038.01,1834747.99,166999.22,162923.29,2024
25725,AGRO INDUSTRIAL FRUTA DE LA PASION C LTDA,C1030,"C1030.15 - ELABORACIÓN DE JUGOS (ZUMOS), NÉCTARES, CONCENTRADOS DE FRUTA FRESCA Y HORTALIZAS.",procesamiento,FALSE,GUAYAS,12,1622073.84,366629.79,1255444.05,392672.21,-666573.55,-666573.55,2024
97176,EXPORTACION DE PRODUCTOS BIOLOGICOS EXPROBIOLOGICO S.A.,G4630,G4630.11 - VENTA AL POR MAYOR DE BANANO Y PLÁTANO.,comercio_mayorista,FALSE,EL ORO,16,1621246.57,71736.61,1549509.96,20042050.14,20250.4,20250.4,2024
39054,INVERSIONES SAN MARTIN-CUENCA INSANC C.LTDA.,A0122,A0122.01 - CULTIVO DE BANANOS Y PLÁTANOS.,cultivo_fruticola,FALSE,EL ORO,8,1619783.68,511509.13,1108274.5499999998,4227026.01,0,190772.32,2024
59135,COMPANIA FRUTICOLA ECUATORIANA FRUTAGUA S.A.,A0122,A0122.01 - CULTIVO DE BANANOS Y PLÁTANOS.,cultivo_fruticola,FALSE,GUAYAS,13,1613732.58,829480.03,784252.55,121610.66,17756.65,17756.65,2024
709680,COMPAÑÍA AGRICOLA LUZBENIGNA C.A.,A0122,A0122.01 - CULTIVO DE BANANOS Y PLÁTANOS.,cultivo_fruticola,FALSE,EL ORO,124,1613010.96,463233.14,1149777.8199999998,1909675.91,0,57668.44,2024
72384,AGRICOLA BIOAGRO S.A.,A0122,A0122.01 - CULTIVO DE BANANOS Y PLÁTANOS.,cultivo_fruticola,FALSE,GUAYAS,4,1611807.97,526617.44,1085190.53,1780092.61,113379.14,95520.8,2024
156480,PROYECTO HIGHLAND BLOSSOMS S.A.,G4620,G4620.15 - VENTA AL POR MAYOR DE FLORES Y PLANTAS.,comercio_mayorista,FALSE,PICHINCHA,45,1600140.73,131938.29,1468202.44,747891.99,-520373.77,-519247.16,2024
167799,CECAO S.A. COMPAÑIA EXPORTADORA DE CACAO DE AROMA Y ORGANICO,G4630,"G4630.14 - VENTA AL POR MAYOR DE CAFÉ, CACAO, TE Y ESPECIAS.",comercio_mayorista,FALSE,GUAYAS,15,1598536.35,203975.16,1394561.1900000002,9371625.71,-60701.35,-60701.35,2024
319225,EXPORTADORA DE CACAO MONAR MONARCAEXP CIA.LTDA.,G4630,"G4630.14 - VENTA AL POR MAYOR DE CAFÉ, CACAO, TE Y ESPECIAS.",comercio_mayorista,FALSE,SANTO DOMINGO DE LOS TSACHILAS,6,1596834.86,177234.19,1419600.6700000002,20912669.5,112200.36,56100.18,2024
723535,PECES Y CRUSTACEOS DEL PACIFICO PEZCRUP S.A.,G4630,"G4630.33 - VENTA AL POR MAYOR DE PESCADO, CRUSTÁCEOS, MOLUSCOS Y PRODUCTOS DE LA PESCA.",comercio_mayorista,FALSE,MANABI,13,1593269.63,57190.52,1536079.1099999999,1768065.03,12164.05,6910.5,2024
132810,EXPOVILLA S.A.,A0122,A0122.01 - CULTIVO DE BANANOS Y PLÁTANOS.,cultivo_fruticola,FALSE,GUAYAS,137,1588851.83,646775.54,942076.29,3134524.05,440389.7,337148.67,2024
339808,DISPROLOP S.A.S.,G4630,G4630.31 - VENTA AL POR MAYOR DE CARNE Y PRODUCTOS CÁRNICOS (INCLUIDAS LAS AVES DE CORRAL).,comercio_mayorista,FALSE,EL ORO,41,1581955.17,126928.1,1455027.0699999998,6722595.27,28930.59,21697.94,2024
716932,DISPROWORLD CIA.LTDA.,C1073,"C1073.21 - ELABORACIÓN DE PRODUCTOS DE CONFITERÍA: CARAMELOS, TURRÓN, GRAGEAS Y PASTILLAS DE CONFITERÍA, GOMA DE MASCAR (CHICLES), CONFITES BLANDOS, CONFITERÍA A BASE DE CHOCOLATE Y CHOCOLATE BLANCO, ETCÉTERA.",procesamiento,FALSE,PICHINCHA,8,1577126.85,242540.44,1334586.4100000001,5773060,13553.03,5112.78,2024
121418,MEGAIMPULSO S.A.,G4630,"G4630.12 - VENTA AL POR MAYOR DE FRUTAS, LEGUMBRES Y HORTALIZAS.",comercio_mayorista,FALSE,EL ORO,4,1576122.4,1346445.16,229677.24,882747.15,24926.25,24926.25,2024
730042,ECUADOR FRUIT COMPANY EFC. S.A.S.,G4630,"G4630.12 - VENTA AL POR MAYOR DE FRUTAS, LEGUMBRES Y HORTALIZAS.",comercio_mayorista,FALSE,GUAYAS,50,1558150.19,621520.96,936629.23,2054429.68,109634.44,109634.44,2024
124414,DISPROYSER S.A.,G4630,G4630.99 - VENTA AL POR MAYOR DE OTROS PRODUCTOS COMESTIBLES (ENLATADOS Y CONSERVAS).,comercio_mayorista,FALSE,GUAYAS,73,1555439.16,337282.18,1218156.98,15556647.71,105766.39,76584.01,2024
368235,TROPIFARMS S.A.S.,A0122,"A0122.09 - OTROS CULTIVOS DE FRUTAS TROPICALES Y SUBTROPICALES: PAPAYAS, BABACOS, CHAMBUROS, AGUACATES, HIGOS, ARAZÁ, GUAYABAS, GUANÁBANA, GUABA, CHIRIMOYA, NARANJILLAS, ZAPOTES, BOROJÓ, TAMARINDO, GRANADILLAS, DÁTILES, ETCÉTERA.",cultivo_fruticola,TRUE,PICHINCHA,4,1555031.22,-57672.86,1612704.08,35228.17,0,-57672.86,2024
312899,DISTRIBUIDORA DE PRODUCTOS DE FIESTA DISPROFICA C.A.,G4630,"G4630.95 - VENTA AL POR MAYOR DE BEBIDAS ALCOHÓLICAS, INCLUSO EL ENVASADO DE VINO A GRANEL SIN TRANSFORMACIÓN.",comercio_mayorista,FALSE,MANABI,10,1539452.29,512403.7,1027048.5900000001,1440166.36,33522.07,24170.5,2024
38773,AGROJASAR S.A.,A0122,A0122.01 - CULTIVO DE BANANOS Y PLÁTANOS.,cultivo_fruticola,FALSE,EL ORO,39,1534687.09,459194.03,1075493.06,2350458.54,39862.05,12373.08,2024
710821,PREMIUM-SOLUCIONES S.A.,G4630,"G4630.94 - VENTA AL POR MAYOR DE BEBIDAS NO ALCOHÓLICAS (JUGOS, GASEOSAS, AGUA MINERAL, ETCÉTERA).",comercio_mayorista,FALSE,GUAYAS,4,1533854.22,188342.83,1345511.39,1969265.52,0,45491.58,2024
158333,INDUSTRIAS BORJA VELA ASOCIADOS CIA. LTDA.,C1073,"C1073.21 - ELABORACIÓN DE PRODUCTOS DE CONFITERÍA: CARAMELOS, TURRÓN, GRAGEAS Y PASTILLAS DE CONFITERÍA, GOMA DE MASCAR (CHICLES), CONFITES BLANDOS, CONFITERÍA A BASE DE CHOCOLATE Y CHOCOLATE BLANCO, ETCÉTERA.",procesamiento,FALSE,PICHINCHA,32,1532329.22,1165888.59,366440.6299999999,2943951.57,465096.42,344699.29,2024
309478,HILLDALE BUSINESS INC S.A.,G4630,G4630.11 - VENTA AL POR MAYOR DE BANANO Y PLÁTANO.,comercio_mayorista,FALSE,GUAYAS,4,1529514.75,384275.29,1145239.46,12240586.88,385209.87,385209.87,2024
96980,ROBLESTRANS CIA. LTDA.,G4630,G4630.91 - VENTA AL POR MAYOR DE ARROZ.,comercio_mayorista,FALSE,TUNGURAHUA,2,1528281.32,638932.41,889348.91,3516683.91,0,2351.19,2024
170314,CIFRUCORP S.A.,A0122,A0122.01 - CULTIVO DE BANANOS Y PLÁTANOS.,cultivo_fruticola,FALSE,GUAYAS,66,1522248.61,1106605.73,415642.8800000001,1813375.5,144223.82,124664.22,2024
104408,IMPORTADORA - EXPORTADORA SUN INTERNACIONAL S.A. IMEXSUN,A0122,A0122.01 - CULTIVO DE BANANOS Y PLÁTANOS.,cultivo_fruticola,FALSE,LOS RIOS,4,1521502.31,152631.81,1368870.5,124099.09,9176,8135.01,2024
102104,JENLUCI S.A.,G4630,"G4630.33 - VENTA AL POR MAYOR DE PESCADO, CRUSTÁCEOS, MOLUSCOS Y PRODUCTOS DE LA PESCA.",comercio_mayorista,FALSE,GUAYAS,3,1520178.72,218221.31,1301957.41,420002.71,0,5733.28,2024
182084,ECOALCHIMBORAZO S.A.,G4630,G4630.99 - VENTA AL POR MAYOR DE OTROS PRODUCTOS COMESTIBLES (ENLATADOS Y CONSERVAS).,comercio_mayorista,FALSE,CHIMBORAZO,46,1516519.13,397555.64,1118963.4899999998,8573125.98,0,76385.31,2024
169140,AGROEXPORTADORA Y COMERCIALIZADORA JUNIPERTREE CIA. LTDA.,G4630,"G4630.12 - VENTA AL POR MAYOR DE FRUTAS, LEGUMBRES Y HORTALIZAS.",comercio_mayorista,FALSE,SANTO DOMINGO DE LOS TSACHILAS,27,1515113.67,951369.1,563744.57,10447080.38,415265.27,302034.11,2024
89175,ANTURIO S CIA. LTDA.,G4630,G4630.99 - VENTA AL POR MAYOR DE OTROS PRODUCTOS COMESTIBLES (ENLATADOS Y CONSERVAS).,comercio_mayorista,FALSE,PICHINCHA,28,1514904.03,756158.68,758745.35,3359483.84,417947.01,312288.54,2024
705306,FL PROCESADOS DEL ECUADOR S.A.,A0122,"A0122.09 - OTROS CULTIVOS DE FRUTAS TROPICALES Y SUBTROPICALES: PAPAYAS, BABACOS, CHAMBUROS, AGUACATES, HIGOS, ARAZÁ, GUAYABAS, GUANÁBANA, GUABA, CHIRIMOYA, NARANJILLAS, ZAPOTES, BOROJÓ, TAMARINDO, GRANADILLAS, DÁTILES, ETCÉTERA.",cultivo_fruticola,TRUE,PICHINCHA,38,1512270.32,229914.47,1282355.85,1387287.95,0,69492.76,2024
309592,AGRICOLA SERBANANAS S.A.,A0122,A0122.01 - CULTIVO DE BANANOS Y PLÁTANOS.,cultivo_fruticola,FALSE,GUAYAS,4,1506204.97,9583.86,1496621.1099999999,1625219.49,2138.43,2138.43,2024
134662,AGRICOLA JORGE ENRIQUE LOPEZ CIA. LTDA.,A0122,A0122.01 - CULTIVO DE BANANOS Y PLÁTANOS.,cultivo_fruticola,FALSE,GUAYAS,7,1505548.73,29367.8,1476180.93,252980.55,9816.71,7286.9,2024
167996,PROVISION DE ALIMENTOS S.A. PROVISALI,G4630,"G4630.12 - VENTA AL POR MAYOR DE FRUTAS, LEGUMBRES Y HORTALIZAS.",comercio_mayorista,FALSE,GUAYAS,2,1503299.77,754513.96,748785.81,3497319.5,327821.16,217963.18,2024
100318,COMPAÑIA COMERCIAL AGRICOLA WALTER LANDETA LTDA.,A0122,A0122.01 - CULTIVO DE BANANOS Y PLÁTANOS.,cultivo_fruticola,FALSE,GUAYAS,87,1502820.72,1272466.81,230353.90999999992,1944882.15,129449.91,107494.7,2024
739972,PURATOS ECUADOR S.A.S.,G4630,G4630.93 - VENTA AL POR MAYOR DE PRODUCTOS DE PANADERÍA Y REPOSTERÍA.,comercio_mayorista,FALSE,PICHINCHA,18,1499217.34,531662.6,967554.7400000001,4129350.94,0,243480.25,2024
135093,AGRISANENRIQUE CIA. LTDA.,A0122,A0122.03 - CULTIVO DE MARACUYÁ.,cultivo_fruticola,FALSE,GUAYAS,11,1498764.43,240286.98,1258477.45,368401.61,18048.05,14192.97,2024
178409,INDUFELTA S. A.,C1073,"C1073.21 - ELABORACIÓN DE PRODUCTOS DE CONFITERÍA: CARAMELOS, TURRÓN, GRAGEAS Y PASTILLAS DE CONFITERÍA, GOMA DE MASCAR (CHICLES), CONFITES BLANDOS, CONFITERÍA A BASE DE CHOCOLATE Y CHOCOLATE BLANCO, ETCÉTERA.",procesamiento,FALSE,GUAYAS,13,1498170.11,669616.48,828553.6300000001,2678073.28,0,163703.88,2024
64479,DUMBELS S.A.,G4630,"G4630.33 - VENTA AL POR MAYOR DE PESCADO, CRUSTÁCEOS, MOLUSCOS Y PRODUCTOS DE LA PESCA.",comercio_mayorista,FALSE,MANABI,5,1495720.58,1200554.22,295166.3600000001,2710296.22,49735.12,37301.32,2024
336088,LAS QUINTAS S.A.,A0122,A0122.01 - CULTIVO DE BANANOS Y PLÁTANOS.,cultivo_fruticola,FALSE,EL ORO,18,1494914.08,12731.05,1482183.03,466551,9966.14,5119.56,2024
166493,AGROMADIVISA CIA. LTDA.,G4630,"G4630.12 - VENTA AL POR MAYOR DE FRUTAS, LEGUMBRES Y HORTALIZAS.",comercio_mayorista,FALSE,TUNGURAHUA,25,1489836.37,260816.42,1229019.9500000002,3469780.87,0,26025.6,2024
125055,COMERCIAL PESQUERA CRISTIANSEN S.A.,G4630,"G4630.33 - VENTA AL POR MAYOR DE PESCADO, CRUSTÁCEOS, MOLUSCOS Y PRODUCTOS DE LA PESCA.",comercio_mayorista,FALSE,GUAYAS,92,1488587.68,300697.42,1187890.26,17347677.44,86030.76,60560.41,2024
180326,MELUA CIA. LTDA.,G4630,G4630.13 - VENTA AL POR MAYOR DE PAPA Y TUBÉRCULOS.,comercio_mayorista,FALSE,IMBABURA,19,1484268.07,448586.28,1035681.79,1644986.76,165310.19,132080.21,2024
724402,KAIZEN'ROSES CIA.LTDA.,G4620,G4620.15 - VENTA AL POR MAYOR DE FLORES Y PLANTAS.,comercio_mayorista,FALSE,PICHINCHA,83,1480218.36,304067.34,1176151.02,2160432.04,181969.54,146434.52,2024
98486,AGRISLA S.A.,G4630,G4630.11 - VENTA AL POR MAYOR DE BANANO Y PLÁTANO.,comercio_mayorista,FALSE,LOS RIOS,6,1476593.83,892882.9,583710.93,1523202.32,28576.8,13042.91,2024
172774,DINORDER S.A.,G4630,"G4630.12 - VENTA AL POR MAYOR DE FRUTAS, LEGUMBRES Y HORTALIZAS.",comercio_mayorista,FALSE,GUAYAS,33,1468162.25,32939.35,1435222.9,1372757.2,9427.29,4456.83,2024
332904,QUALITY WINE & SPIRITS S.A.S.,G4630,"G4630.95 - VENTA AL POR MAYOR DE BEBIDAS ALCOHÓLICAS, INCLUSO EL ENVASADO DE VINO A GRANEL SIN TRANSFORMACIÓN.",comercio_mayorista,FALSE,PICHINCHA,4,1464085.12,41012.07,1423073.05,1236591.41,-97364.24,-117181.26,2024
92601,SEMIDOR CIA.LTDA.,G4630,"G4630.12 - VENTA AL POR MAYOR DE FRUTAS, LEGUMBRES Y HORTALIZAS.",comercio_mayorista,FALSE,PICHINCHA,9,1461509.35,-198384.16,1659893.51,754994.64,-85221.6,-85221.6,2024
97340,CULTICAMARON S.A.,G4630,"G4630.33 - VENTA AL POR MAYOR DE PESCADO, CRUSTÁCEOS, MOLUSCOS Y PRODUCTOS DE LA PESCA.",comercio_mayorista,FALSE,EL ORO,15,1460103.45,89671.29,1370432.16,918531.67,10014.85,10014.85,2024
36965,EXPORTADORA AGROCHONGQUI CIA. LTDA.,A0126,A0126.01 - CULTIVO DE PALMAS DE ACEITE (PALMA AFRICANA).,cultivo_fruticola,FALSE,LOS RIOS,22,1457962.12,119908.8,1338053.32,2348101.19,80949.12,63140.31,2024
181047,CHOCOCYRIL CIA. LTDA.,C1073,C1073.12 - ELABORACIÓN DE CHOCOLATE Y PRODUCTOS DE CHOCOLATE.,procesamiento,FALSE,PICHINCHA,97,1457240.25,228151.55,1229088.7,2886977.1,-253664.17,-253664.17,2024
142962,GARLANDSECUADOR S.A.,G4620,G4620.15 - VENTA AL POR MAYOR DE FLORES Y PLANTAS.,comercio_mayorista,FALSE,PICHINCHA,4,1455711.04,1219803.12,235907.91999999993,1409082.87,0,-1115745.91,2024
306625,BANANA REAL REALBANANA COMERCIALIZADORA EXPORTADORA DE BANANA SOCIEDAD ANÓNIMA,A0122,A0122.01 - CULTIVO DE BANANOS Y PLÁTANOS.,cultivo_fruticola,FALSE,GUAYAS,8,1448576.14,327441.87,1121134.27,12636716.23,117613.18,53826.12,2024
721406,AGROINDUSTRIA GAIBOR AGROGAIBOR CIA.LTDA.,G4620,G4620.11 - VENTA AL POR MAYOR DE CEREALES (GRANOS) Y SEMILLAS.,comercio_mayorista,FALSE,MANABI,4,1448573.63,602278.5,846295.1299999999,6244465.33,180839.03,131587.01,2024
303730,AGRICOLA ROMERO ALCIVAR ROMALCI S.A.,A0122,A0122.01 - CULTIVO DE BANANOS Y PLÁTANOS.,cultivo_fruticola,FALSE,GUAYAS,1,1446434.59,745.56,1445689.03,5,-54.44,-54.44,2024
53452,ECUATORIANA DE G0LOSINAS - ECUAGOLOSINAS CIA. LTDA.,C1073,"C1073.21 - ELABORACIÓN DE PRODUCTOS DE CONFITERÍA: CARAMELOS, TURRÓN, GRAGEAS Y PASTILLAS DE CONFITERÍA, GOMA DE MASCAR (CHICLES), CONFITES BLANDOS, CONFITERÍA A BASE DE CHOCOLATE Y CHOCOLATE BLANCO, ETCÉTERA.",procesamiento,FALSE,PICHINCHA,28,1441901.63,389615.68,1052285.95,1971282.24,25184.39,15617.58,2024
749500,BENANMAR S.A.S.,G4630,G4630.91 - VENTA AL POR MAYOR DE ARROZ.,comercio_mayorista,FALSE,GUAYAS,8,1436743.36,135903.99,1300839.37,4463050.85,61992.4,46494.3,2024
306934,KANDYBAO S.A.,G4630,"G4630.92 - VENTA AL POR MAYOR DE AZÚCAR, CHOCOLATE Y PRODUCTOS DE CONFITERÍA.",comercio_mayorista,FALSE,GUAYAS,16,1433562.23,795783.92,637778.3099999999,1814062.48,55713.22,57573.15,2024
179727,BANATRADE CIA. LTDA.,G4630,G4630.11 - VENTA AL POR MAYOR DE BANANO Y PLÁTANO.,comercio_mayorista,FALSE,EL ORO,14,1429371.29,134338.33,1295032.96,9077713.24,91757.8,10844.51,2024
157834,HEALTHY FOOD MARCALMAN ECUADOR S.A.S.,C1030,"C1030.12 - CONSERVACIÓN DE FRUTAS, PULPA DE FRUTAS, LEGUMBRES Y HORTALIZAS MEDIANTE EL CONGELADO, SECADO, DESHIDRATADO, INMERSIÓN EN ACEITE O VINAGRE, ENLATADO, ETCÉTERA.",procesamiento,FALSE,PICHINCHA,39,1428740.44,211704.56,1217035.88,3032617.41,56742.09,29094.43,2024
351423,TESSA FARMS S.A.S.,G4620,G4620.15 - VENTA AL POR MAYOR DE FLORES Y PLANTAS.,comercio_mayorista,FALSE,PICHINCHA,9,1421263.22,34002.52,1387260.7,7028619.66,33377.66,24768.5,2024
317915,SIDELSUR S.A.,G4630,"G4630.12 - VENTA AL POR MAYOR DE FRUTAS, LEGUMBRES Y HORTALIZAS.",comercio_mayorista,FALSE,GUAYAS,4,1418918.66,-101147.03,1520065.69,4687512.44,55827.03,24746.66,2024
302097,EXPORTADORA DE BANANO PALACIOS RAMIREZ EXBAPRAM C.LTDA.,A0122,A0122.01 - CULTIVO DE BANANOS Y PLÁTANOS.,cultivo_fruticola,FALSE,EL ORO,2,1417740.02,461465.81,956274.21,60288.71,0,35225.37,2024
137618,H&Z DISTRIBUIDORA DE PRODUCTOS DE CONSUMO MASIVO DIPCOMAS CIA.LTDA.,G4630,G4630.99 - VENTA AL POR MAYOR DE OTROS PRODUCTOS COMESTIBLES (ENLATADOS Y CONSERVAS).,comercio_mayorista,FALSE,AZUAY,20,1411995.22,426457.1,985538.12,5727371.42,69656.86,38138.18,2024
139598,ORTEGA'S COCOAFARM CIA. LTDA.,G4630,"G4630.14 - VENTA AL POR MAYOR DE CAFÉ, CACAO, TE Y ESPECIAS.",comercio_mayorista,FALSE,GUAYAS,13,1404776.51,456232.86,948543.65,28443264.29,558492.18,414706.96,2024
361393,DACAVI COCOA S.A.S.,A0127,A0127.02 - CULTIVO DE CACAO.,cultivo_fruticola,FALSE,GUAYAS,4,1404348.13,1379032.13,25316,2279803.69,1378032.13,1378032.13,2024
702457,AGRICOLA FERGAIBORE S.A.,G4620,G4620.12 - VENTA AL POR MAYOR DE FRUTOS Y SEMILLAS OLEAGINOSAS.,comercio_mayorista,FALSE,GUAYAS,3,1403529,304846,1098683,1345413,0,50172,2024
724734,YELLOWCORP CIA.LTDA.,A0122,A0122.01 - CULTIVO DE BANANOS Y PLÁTANOS.,cultivo_fruticola,FALSE,GUAYAS,5,1403203.8,-1199600.69,2602804.49,240829.18,0,-2032939.29,2024
149052,HELEANMAR S.A.,G4630,G4630.32 - VENTA AL POR MAYOR DE CAMARÓN Y LANGOSTINOS.,comercio_mayorista,FALSE,EL ORO,12,1402065.2,616865.49,785199.71,1744374.44,3424.48,1686.9,2024
89126,MAJAL S.A.,A0126,A0126.01 - CULTIVO DE PALMAS DE ACEITE (PALMA AFRICANA).,cultivo_fruticola,FALSE,PICHINCHA,16,1401541,955163.5,446377.5,298387.53,-61310.29,-61310.29,2024
122996,VERZOSI S.A.,G4630,G4630.99 - VENTA AL POR MAYOR DE OTROS PRODUCTOS COMESTIBLES (ENLATADOS Y CONSERVAS).,comercio_mayorista,FALSE,GUAYAS,28,1400694.39,167803.82,1232890.5699999998,3412627.94,0,-73680.29,2024
103463,BARNIOSA S.A.,A0122,A0122.01 - CULTIVO DE BANANOS Y PLÁTANOS.,cultivo_fruticola,FALSE,GUAYAS,78,1396962.99,955864.59,441098.4,1351876.85,-33009.82,-33009.82,2024
300780,DAGALETI COMPAÑIA DE RESPONSABILIDAD LIMITADA,G4630,G4630.91 - VENTA AL POR MAYOR DE ARROZ.,comercio_mayorista,FALSE,IMBABURA,4,1395863.47,639156.45,756707.02,8062680.55,115666.97,86750.23,2024
723288,EXPORTADORA Y COMERCIALIZADORA AGUIRRE MARISCAL EXPOAGMAR S.A.,G4630,G4630.11 - VENTA AL POR MAYOR DE BANANO Y PLÁTANO.,comercio_mayorista,FALSE,LOS RIOS,11,1393930.16,94311.93,1299618.23,9235931.44,80047.32,61358.91,2024
303208,OPENFOODS COMERCIALIZADORA DE ALIMENTOS S.A.,G4630,"G4630.12 - VENTA AL POR MAYOR DE FRUTAS, LEGUMBRES Y HORTALIZAS.",comercio_mayorista,FALSE,PICHINCHA,22,1391474.69,749140.02,642334.6699999999,2697752.53,0,96381.1,2024
739506,CORPORACION OBERMAX S.A.S.,G4630,G4630.32 - VENTA AL POR MAYOR DE CAMARÓN Y LANGOSTINOS.,comercio_mayorista,FALSE,GUAYAS,6,1387937.12,320796.48,1067140.6400000001,4580072.27,109632.18,128979.03,2024
128984,CENTERPRODUC S.A.,A0127,A0127.02 - CULTIVO DE CACAO.,cultivo_fruticola,FALSE,GUAYAS,17,1386505.88,614182.18,772323.6999999998,1257018.7,12117.5,9088.12,2024
314720,INDUSTRIA ARROCERA ALTA GRACIA S.A. INDUALTASA S.A.,G4620,G4620.11 - VENTA AL POR MAYOR DE CEREALES (GRANOS) Y SEMILLAS.,comercio_mayorista,FALSE,GUAYAS,14,1385112.68,328129.77,1056982.91,11686088.11,164382.92,94203.07,2024
745657,SWEETBAN S.A.,G4630,G4630.11 - VENTA AL POR MAYOR DE BANANO Y PLÁTANO.,comercio_mayorista,FALSE,EL ORO,5,1379584.79,255288.55,1124296.24,3365972.51,0,59138.46,2024
744890,ANDRADE COMERCIO EXTERIOR ANDRADECOMEX S.A.,G4630,G4630.11 - VENTA AL POR MAYOR DE BANANO Y PLÁTANO.,comercio_mayorista,FALSE,GUAYAS,14,1378701.81,15299.07,1363402.74,4674317.01,9808.15,4769.16,2024
363348,AGROEXPORTADORA E IMPORTADORA ULBIPESA S.A.,G4630,"G4630.14 - VENTA AL POR MAYOR DE CAFÉ, CACAO, TE Y ESPECIAS.",comercio_mayorista,FALSE,MANABI,6,1369825.72,25568.35,1344257.3699999999,9653885.89,115631.84,20568.35,2024
55206,GRUPOLUV S.A,A0122,A0122.01 - CULTIVO DE BANANOS Y PLÁTANOS.,cultivo_fruticola,FALSE,GUAYAS,4,1365318.79,974511.75,390807.04000000004,687540.82,34443.13,26865.64,2024
162045,NEOPALMA S.A.,A0126,A0126.01 - CULTIVO DE PALMAS DE ACEITE (PALMA AFRICANA).,cultivo_fruticola,FALSE,SANTO DOMINGO DE LOS TSACHILAS,16,1364697.65,-237973.75,1602671.4,217636.34,-178271.5,-178271.5,2024
124064,SAMANESA S.A.,A0122,A0122.01 - CULTIVO DE BANANOS Y PLÁTANOS.,cultivo_fruticola,FALSE,LOS RIOS,36,1361830.39,404455.52,957374.8699999999,1139332.63,25294.27,13991.1,2024
32358,DELVERANO IMPORTACIONES DELVERAN CIA. LTDA.,G4630,G4630.91 - VENTA AL POR MAYOR DE ARROZ.,comercio_mayorista,FALSE,AZUAY,5,1361652.65,120263.94,1241388.71,293810.52,-15429.03,-15429.03,2024
737437,VEGGETA S.A.S.,A0122,A0122.01 - CULTIVO DE BANANOS Y PLÁTANOS.,cultivo_fruticola,FALSE,GUAYAS,21,1360935.87,28877.38,1332058.4900000002,1034263.31,32367.4,24354.85,2024
97368,SAPRIET S.A.,A0122,A0122.01 - CULTIVO DE BANANOS Y PLÁTANOS.,cultivo_fruticola,FALSE,EL ORO,169,1360413.89,63841.36,1296572.5299999998,2144984.55,29157.7,29157.7,2024
67263,TORBIERI S.A.,A0122,A0122.02 - CULTIVO DE MANGOS.,cultivo_fruticola,FALSE,GUAYAS,2,1346247.5,163286.74,1182960.76,214000,-1863.03,-2364.13,2024
164542,ROSAS DEL MANZANO ROSSMANZANO CIA. LTDA.,G4620,G4620.15 - VENTA AL POR MAYOR DE FLORES Y PLANTAS.,comercio_mayorista,FALSE,PICHINCHA,8,1343186.53,850467.62,492718.91000000003,1239146.88,8120.12,8120.12,2024
90809,VIDINTERNACIONAL S.A,G4630,"G4630.95 - VENTA AL POR MAYOR DE BEBIDAS ALCOHÓLICAS, INCLUSO EL ENVASADO DE VINO A GRANEL SIN TRANSFORMACIÓN.",comercio_mayorista,FALSE,PICHINCHA,2,1342808.96,739882.78,602926.1799999999,1160813.77,34909.84,18535.48,2024
749819,SERVICIOS AGRICOLAS RIOVERDE S.A.,G4630,G4630.11 - VENTA AL POR MAYOR DE BANANO Y PLÁTANO.,comercio_mayorista,FALSE,LOS RIOS,6,1339449.13,-46521.68,1385970.8099999998,518921.2,0,-47321.68,2024
93360,OLEAGINOSAS DEL NORTE OLENSA S.A.,A0126,A0126.01 - CULTIVO DE PALMAS DE ACEITE (PALMA AFRICANA).,cultivo_fruticola,FALSE,ESMERALDAS,10,1328113.11,638508.02,689605.0900000001,173470.31,2837.98,2154.68,2024
1,ACEITES TROPICALES SOCIEDAD ANONIMA ATSA,A0126,A0126.01 - CULTIVO DE PALMAS DE ACEITE (PALMA AFRICANA).,cultivo_fruticola,FALSE,SANTO DOMINGO DE LOS TSACHILAS,9,1324395.03,1270375.22,54019.810000000056,230613.27,4407.38,716.67,2024
143660,COMERCIAL AGRICOLA PALNASA CIA. LTDA.,G4630,G4630.97 - VENTA AL POR MAYOR DE ALIMENTO PARA MASCOTAS (ANIMALES DOMÉSTICOS).,comercio_mayorista,FALSE,PICHINCHA,2,1322177.1,920967.14,401209.9600000001,479062.8,53132.36,32128.39,2024
733731,EXPORTADORA NEUES LEBEN S.A.S.,G4630,G4630.11 - VENTA AL POR MAYOR DE BANANO Y PLÁTANO.,comercio_mayorista,FALSE,GUAYAS,23,1320077.23,283678.16,1036399.0700000001,7118204.97,31926.2,31926.2,2024
62012,PRODUCCION AVICOLA VARGAS TAPIA PROAVIVARTA S.A.,G4630,G4630.31 - VENTA AL POR MAYOR DE CARNE Y PRODUCTOS CÁRNICOS (INCLUIDAS LAS AVES DE CORRAL).,comercio_mayorista,FALSE,PICHINCHA,12,1318503.8,-1060620.36,2379124.16,5556083.89,2276.58,-5907.58,2024
344632,EXPORTADORES DEL PACIFICO EXPA S.A.S.,G4630,G4630.32 - VENTA AL POR MAYOR DE CAMARÓN Y LANGOSTINOS.,comercio_mayorista,FALSE,GUAYAS,172,1317755.19,64975.18,1252780.01,19225270.68,33129.97,22026.46,2024
153159,BANCHISFOOD S.A.,C1030,"C1030.14 - FABRICACIÓN DE PRODUCTOS ALIMENTICIOS A PARTIR DE (UN SOLO COMPONENTE) FRUTAS, LEGUMBRES Y HORTALIZAS; INCLUSO SNACKS DE PLÁTANO (CHIFLES), YUCA, FRUTAS, ETCÉTERA, EXCEPTO PAPA.",procesamiento,FALSE,PICHINCHA,44,1312510.15,585246.74,727263.4099999999,2289305.98,100776.62,57870.06,2024
57493,CORPIMILIT S.A.,G4630,"G4630.21 - VENTA AL POR MAYOR DE PRODUCTOS LÁCTEOS, INCLUIDO HELADOS, BOLOS, ETCÉTERA.",comercio_mayorista,FALSE,GUAYAS,4,1311195.63,1311195.63,0,14000,0,252.03,2024
715424,EXPORTADORA HRG S.A.,A0122,A0122.01 - CULTIVO DE BANANOS Y PLÁTANOS.,cultivo_fruticola,FALSE,EL ORO,4,1309248.61,607978.01,701270.6000000001,4054533.84,0,414424.98,2024
360411,AGRIPASNAR S.A.S.,A0127,A0127.02 - CULTIVO DE CACAO.,cultivo_fruticola,FALSE,GUAYAS,5,1307487.92,177185.92,1130302,10985330.78,229932.73,172185.92,2024
62143,"AGRICOLA ESPERANZA S.A., AGRIESPERSA",A0122,A0122.01 - CULTIVO DE BANANOS Y PLÁTANOS.,cultivo_fruticola,FALSE,GUAYAS,59,1305831.19,444618.13,861213.0599999999,2251337.31,39618.13,39618.13,2024
330096,DISTRIGLOBAL S.A.,G4630,G4630.23 - VENTA AL POR MAYOR DE ACEITES Y GRASAS COMESTIBLES DE ORIGEN ANIMAL O VEGETAL.,comercio_mayorista,FALSE,GUAYAS,4,1303025.96,84838.08,1218187.88,2418165.72,0,24842.17,2024
168426,VALKATISA S.A.,G4630,G4630.31 - VENTA AL POR MAYOR DE CARNE Y PRODUCTOS CÁRNICOS (INCLUIDAS LAS AVES DE CORRAL).,comercio_mayorista,FALSE,GUAYAS,11,1300353.37,395472.99,904880.3800000001,10738959.51,30613.4,22010.05,2024
306498,AGRÍCOLA EXPORTADORA JCCOCOA S.A.,A0127,A0127.02 - CULTIVO DE CACAO.,cultivo_fruticola,FALSE,EL ORO,10,1298654.64,130506.33,1168148.3099999998,30083306.32,107121.95,43460.34,2024
743514,PRODUCTOS ALIMENTICIOS DOBLE A PROADA S.A.S.,C1030,"C1030.14 - FABRICACIÓN DE PRODUCTOS ALIMENTICIOS A PARTIR DE (UN SOLO COMPONENTE) FRUTAS, LEGUMBRES Y HORTALIZAS; INCLUSO SNACKS DE PLÁTANO (CHIFLES), YUCA, FRUTAS, ETCÉTERA, EXCEPTO PAPA.",procesamiento,FALSE,PICHINCHA,37,1298641.16,306596.78,992044.3799999999,2232711.85,91993.96,63199.51,2024
737700,AGRICOLAPESANTEZ AGUIRRE PESAGRO CIA.LTDA.,A0122,A0122.01 - CULTIVO DE BANANOS Y PLÁTANOS.,cultivo_fruticola,FALSE,EL ORO,38,1292899.69,81471.82,1211427.8699999999,737975.74,45364.31,37479.85,2024
319011,TROPICBAN S.A.,A0122,A0122.01 - CULTIVO DE BANANOS Y PLÁTANOS.,cultivo_fruticola,FALSE,EL ORO,5,1290008,420961.22,869046.78,388325.11,3390.14,-692.54,2024
313514,WORLDBANANAS S.A.,G4630,G4630.11 - VENTA AL POR MAYOR DE BANANO Y PLÁTANO.,comercio_mayorista,FALSE,EL ORO,21,1284047.41,-562931.63,1846979.04,22020500.29,-1331971.78,-1331971.78,2024
171092,CORPORACION LANCOFRUIT SA,C1030,"C1030.14 - FABRICACIÓN DE PRODUCTOS ALIMENTICIOS A PARTIR DE (UN SOLO COMPONENTE) FRUTAS, LEGUMBRES Y HORTALIZAS; INCLUSO SNACKS DE PLÁTANO (CHIFLES), YUCA, FRUTAS, ETCÉTERA, EXCEPTO PAPA.",procesamiento,FALSE,EL ORO,4,1281674,436160,845514,1188051,20837,13783,2024
368957,SANMIGUELFRUITEC S.A.S.,A0122,A0122.01 - CULTIVO DE BANANOS Y PLÁTANOS.,cultivo_fruticola,FALSE,GUAYAS,1,1279117,495486.45,783630.55,105502.2,13370,13370,2024
719825,COMERCIALIZADORA MORENO&NARANJO S.A.,G4630,"G4630.92 - VENTA AL POR MAYOR DE AZÚCAR, CHOCOLATE Y PRODUCTOS DE CONFITERÍA.",comercio_mayorista,FALSE,GUAYAS,4,1271203.25,3092.49,1268110.76,1102703.85,3858.22,-79.09,2024
721486,LÁCTEOS MÉNDEZ LACMENDEZ CIA.LTDA.,G4630,"G4630.21 - VENTA AL POR MAYOR DE PRODUCTOS LÁCTEOS, INCLUIDO HELADOS, BOLOS, ETCÉTERA.",comercio_mayorista,FALSE,CAÑAR,13,1264864.57,312495.92,952368.6500000001,7183503.62,3749.26,1823.47,2024
342147,DILICAUSTRO CIA.LTDA.,G4630,"G4630.95 - VENTA AL POR MAYOR DE BEBIDAS ALCOHÓLICAS, INCLUSO EL ENVASADO DE VINO A GRANEL SIN TRANSFORMACIÓN.",comercio_mayorista,FALSE,AZUAY,17,1260385.7,206047.31,1054338.39,2408046.78,34360.76,25461.32,2024
711067,INSUPLAT S.A.,G4630,G4630.11 - VENTA AL POR MAYOR DE BANANO Y PLÁTANO.,comercio_mayorista,FALSE,MANABI,4,1260182.31,375552.25,884630.06,3182356.18,0,42774.17,2024
717527,DISTRIBUIDORAELMAR CIA.LTDA.,G4630,G4630.99 - VENTA AL POR MAYOR DE OTROS PRODUCTOS COMESTIBLES (ENLATADOS Y CONSERVAS).,comercio_mayorista,FALSE,MANABI,38,1255820.72,272319.48,983501.24,5651162.86,100749.99,75562.49,2024
749373,PETMANAGEMENT S.A.S.,G4630,G4630.97 - VENTA AL POR MAYOR DE ALIMENTO PARA MASCOTAS (ANIMALES DOMÉSTICOS).,comercio_mayorista,FALSE,PICHINCHA,64,1254289.83,-76521.9,1330811.73,5757230.04,-107479.21,-107479.21,2024
741973,AGROENAJA S.A.S.,G4620,G4620.11 - VENTA AL POR MAYOR DE CEREALES (GRANOS) Y SEMILLAS.,comercio_mayorista,FALSE,GUAYAS,3,1254239.29,509134.33,745104.96,187712.21,-2096.73,-2096.73,2024
173878,BEBIDAS DURAN BEBIDURANSA S.A.,G4630,"G4630.95 - VENTA AL POR MAYOR DE BEBIDAS ALCOHÓLICAS, INCLUSO EL ENVASADO DE VINO A GRANEL SIN TRANSFORMACIÓN.",comercio_mayorista,FALSE,GUAYAS,4,1247102.87,651004.84,596098.0300000001,271872.25,0,-73003.15,2024
712934,HSBD S.A.,A0122,"A0122.09 - OTROS CULTIVOS DE FRUTAS TROPICALES Y SUBTROPICALES: PAPAYAS, BABACOS, CHAMBUROS, AGUACATES, HIGOS, ARAZÁ, GUAYABAS, GUANÁBANA, GUABA, CHIRIMOYA, NARANJILLAS, ZAPOTES, BOROJÓ, TAMARINDO, GRANADILLAS, DÁTILES, ETCÉTERA.",cultivo_fruticola,TRUE,LOS RIOS,26,1240978.07,742040.3,498937.77,860052.45,218863.75,208964.35,2024
83830,INMOBILIARIA TIERRA LINDA INTILI S A,A0122,A0122.01 - CULTIVO DE BANANOS Y PLÁTANOS.,cultivo_fruticola,FALSE,GUAYAS,3,1233864.21,784876.41,448987.79999999993,948866.17,-101522.47,-111821.95,2024
743576,CHEETA FRUIT COMPANY S.A.S.,G4630,G4630.11 - VENTA AL POR MAYOR DE BANANO Y PLÁTANO.,comercio_mayorista,FALSE,GUAYAS,5,1231852.73,182850.11,1049002.62,7131270.87,232916.3,158102.92,2024
58464,INDUSTRIAL LINGESA S.A.,G4630,G4630.99 - VENTA AL POR MAYOR DE OTROS PRODUCTOS COMESTIBLES (ENLATADOS Y CONSERVAS).,comercio_mayorista,FALSE,GUAYAS,24,1230695.51,239266.58,991428.93,2068313.59,-4976.89,-21533.66,2024
173796,KATEFLOWERS S.A.,G4620,G4620.15 - VENTA AL POR MAYOR DE FLORES Y PLANTAS.,comercio_mayorista,FALSE,PICHINCHA,114,1228114.4,996709.8,231404.59999999986,1379651.26,-9785.64,-17997.65,2024
723727,ROSTRATISDUO S.A.,G4630,"G4630.33 - VENTA AL POR MAYOR DE PESCADO, CRUSTÁCEOS, MOLUSCOS Y PRODUCTOS DE LA PESCA.",comercio_mayorista,FALSE,MANABI,4,1228035.4,102865.41,1125169.99,2958803.71,174373.9,142625.09,2024
156074,BETELFLOWER COMERCIALIZADORA PRODUCTORA DE FLORES CIA. LTDA.,G4620,G4620.15 - VENTA AL POR MAYOR DE FLORES Y PLANTAS.,comercio_mayorista,FALSE,PICHINCHA,41,1223742.08,441638.33,782103.75,1425225.54,26776.14,16221.52,2024
22871,DUSAL C LTDA,G4630,G4630.11 - VENTA AL POR MAYOR DE BANANO Y PLÁTANO.,comercio_mayorista,FALSE,GUAYAS,1,1219129.96,619457.22,599672.74,4569294.91,640133.74,590650.25,2024
29507,AGRIOFAN CIA.LTDA.,A0122,A0122.01 - CULTIVO DE BANANOS Y PLÁTANOS.,cultivo_fruticola,FALSE,EL ORO,4,1216163.51,206028.62,1010134.89,532156.03,32737.55,27189.93,2024
114450,HUEVONOVA S.A.,G4630,G4630.22 - VENTA AL POR MAYOR DE HUEVOS Y PRODUCTOS A BASE DE HUEVOS.,comercio_mayorista,FALSE,GUAYAS,7,1215654.89,217951.05,997703.8399999999,3348915.93,27117.76,27117.76,2024
722184,TC-ENTRE RIOS S.A.,A0122,A0122.01 - CULTIVO DE BANANOS Y PLÁTANOS.,cultivo_fruticola,FALSE,LOS RIOS,7,1208149.09,473595.2,734553.8900000001,1502870,0,52154.97,2024
4992,PRODUCTOS ELABORADOS BOLIVAR S.A. PEBSA,C1030,"C1030.12 - CONSERVACIÓN DE FRUTAS, PULPA DE FRUTAS, LEGUMBRES Y HORTALIZAS MEDIANTE EL CONGELADO, SECADO, DESHIDRATADO, INMERSIÓN EN ACEITE O VINAGRE, ENLATADO, ETCÉTERA.",procesamiento,FALSE,GUAYAS,38,1207779.55,657477.42,550302.13,1235772.05,0,-122035.46,2024
732630,IRUBI TERRA S.A.S.,A0122,"A0122.09 - OTROS CULTIVOS DE FRUTAS TROPICALES Y SUBTROPICALES: PAPAYAS, BABACOS, CHAMBUROS, AGUACATES, HIGOS, ARAZÁ, GUAYABAS, GUANÁBANA, GUABA, CHIRIMOYA, NARANJILLAS, ZAPOTES, BOROJÓ, TAMARINDO, GRANADILLAS, DÁTILES, ETCÉTERA.",cultivo_fruticola,TRUE,PICHINCHA,15,1205125.49,843.21,1204282.28,750763.98,11697.17,5249.65,2024
38408,SAMAYACU C. LTDA.,A0122,A0122.01 - CULTIVO DE BANANOS Y PLÁTANOS.,cultivo_fruticola,FALSE,EL ORO,83,1199568.51,838378,361190.51,1363093.7,-97874.99,-97874.99,2024
713514,AGRÍCOLA CAFE DE GALÁPAGOS COFFEEGAL S.A.,A0127,A0127.01 - CULTIVO DE CAFÉ.,cultivo_fruticola,FALSE,GALAPAGOS,4,1194762.15,631.37,1194130.7799999998,4191,-168.63,-168.63,2024
748845,AGRICOLA MORALU S.A.,G4630,"G4630.12 - VENTA AL POR MAYOR DE FRUTAS, LEGUMBRES Y HORTALIZAS.",comercio_mayorista,FALSE,GUAYAS,2,1194299.34,847404.36,346894.9800000001,107309.16,15478.63,14404.23,2024
122084,FRUPACSA FRUTAS DEL PACIFICO S.A.,A0122,A0122.04 - CULTIVO DE PIÑAS.,cultivo_fruticola,FALSE,GUAYAS,75,1193792.59,11085.77,1182706.82,724150.48,9427.91,9427.91,2024
710887,EXPORTADORA ALKATIFF AGRO LOPEZ CIA.LTDA.,A0127,A0127.02 - CULTIVO DE CACAO.,cultivo_fruticola,FALSE,ESMERALDAS,5,1193219.77,294842.02,898377.75,7349933.61,112946.91,87186.3,2024
173144,CRISBECORP S.A.,G4630,"G4630.12 - VENTA AL POR MAYOR DE FRUTAS, LEGUMBRES Y HORTALIZAS.",comercio_mayorista,FALSE,GUAYAS,3,1188773,269206.38,919566.62,129006.76,29608.26,23050.13,2024
176484,DISTRIBUIDORA TORRES DISFERTOR CIA. LTDA.,G4630,"G4630.94 - VENTA AL POR MAYOR DE BEBIDAS NO ALCOHÓLICAS (JUGOS, GASEOSAS, AGUA MINERAL, ETCÉTERA).",comercio_mayorista,FALSE,PICHINCHA,17,1186295.67,168039.33,1018256.34,3615536.28,0,11580.2,2024
707429,FRUTAS DEL SUR FRUTSUD S.A.,A0122,"A0122.09 - OTROS CULTIVOS DE FRUTAS TROPICALES Y SUBTROPICALES: PAPAYAS, BABACOS, CHAMBUROS, AGUACATES, HIGOS, ARAZÁ, GUAYABAS, GUANÁBANA, GUABA, CHIRIMOYA, NARANJILLAS, ZAPOTES, BOROJÓ, TAMARINDO, GRANADILLAS, DÁTILES, ETCÉTERA.",cultivo_fruticola,TRUE,EL ORO,9,1184083.94,314527.84,869556.0999999999,746781.46,5468.21,5468.21,2024
181700,COMERCIALIZADORA IMPORLICORES S.A.,G4630,"G4630.95 - VENTA AL POR MAYOR DE BEBIDAS ALCOHÓLICAS, INCLUSO EL ENVASADO DE VINO A GRANEL SIN TRANSFORMACIÓN.",comercio_mayorista,FALSE,PICHINCHA,12,1183421.72,318221.84,865199.8799999999,1770291.29,16165.16,11012.41,2024
1468,AGROBRISA S.A.,G4630,"G4630.14 - VENTA AL POR MAYOR DE CAFÉ, CACAO, TE Y ESPECIAS.",comercio_mayorista,FALSE,GUAYAS,6,1182915.87,327197.14,855718.7300000001,1532655.97,44104.37,25563.8,2024
58067,PELLIKARI S.A.,G4630,G4630.11 - VENTA AL POR MAYOR DE BANANO Y PLÁTANO.,comercio_mayorista,FALSE,GUAYAS,2,1180410.17,1025803.37,154606.79999999993,494720.54,105098.48,83921.91,2024
348501,AGRONUTRIENTES PINO S.A.S.,G4620,G4620.11 - VENTA AL POR MAYOR DE CEREALES (GRANOS) Y SEMILLAS.,comercio_mayorista,FALSE,GUAYAS,6,1180264.49,122041,1058223.49,1934002.02,8960.02,10541.2,2024
42531,TADURA SA,A0122,A0122.01 - CULTIVO DE BANANOS Y PLÁTANOS.,cultivo_fruticola,FALSE,GUAYAS,42,1179944.83,913846.4,266098.43000000005,1382620.57,32434.83,18948.67,2024
71681,DOLERSA S.A.,G4630,"G4630.21 - VENTA AL POR MAYOR DE PRODUCTOS LÁCTEOS, INCLUIDO HELADOS, BOLOS, ETCÉTERA.",comercio_mayorista,FALSE,GUAYAS,13,1178623.71,1163490.01,15133.699999999953,140250,4542.03,960.48,2024
756522,CONSORCIO ALIMENTANDO ECUADOR - CONALEC S.A.S.,C1030,"C1030.11 - ELABORACIÓN DE ALIMENTOS COMPUESTOS (MEZCLA) PRINCIPALMENTE DE FRUTAS LEGUMBRES U HORTALIZAS, EXCEPTO PLATOS PREPARADOS EN FORMA CONGELADA O ENLATADA LISTOS PARA CONSUMIR.",procesamiento,FALSE,PICHINCHA,4,1178514.97,-61513.04,1240028.01,401.24,0,-63013.04,2024
330558,PURELIVE PROVEEDORES S.A.S.,G4630,G4630.31 - VENTA AL POR MAYOR DE CARNE Y PRODUCTOS CÁRNICOS (INCLUIDAS LAS AVES DE CORRAL).,comercio_mayorista,FALSE,PICHINCHA,6,1177554.47,48325.44,1129229.03,2346887.89,26533.79,16412.22,2024
726475,GREEN FRUITSCOM CIA.LTDA.,A0122,"A0122.09 - OTROS CULTIVOS DE FRUTAS TROPICALES Y SUBTROPICALES: PAPAYAS, BABACOS, CHAMBUROS, AGUACATES, HIGOS, ARAZÁ, GUAYABAS, GUANÁBANA, GUABA, CHIRIMOYA, NARANJILLAS, ZAPOTES, BOROJÓ, TAMARINDO, GRANADILLAS, DÁTILES, ETCÉTERA.",cultivo_fruticola,TRUE,MORONA SANTIAGO,4,1173242.08,734982.65,438259.43000000005,3510700.53,0,408266.84,2024
87714,INMOBILIARIA SAN TELMO S.A. SANTELMOSA,G4620,G4620.12 - VENTA AL POR MAYOR DE FRUTOS Y SEMILLAS OLEAGINOSAS.,comercio_mayorista,FALSE,PICHINCHA,3,1165393.26,902996.3,262396.95999999996,306195.42,7567.91,1853.99,2024
728775,MC FRUITS MCFRUITSEC CIA.LTDA.,A0122,"A0122.09 - OTROS CULTIVOS DE FRUTAS TROPICALES Y SUBTROPICALES: PAPAYAS, BABACOS, CHAMBUROS, AGUACATES, HIGOS, ARAZÁ, GUAYABAS, GUANÁBANA, GUABA, CHIRIMOYA, NARANJILLAS, ZAPOTES, BOROJÓ, TAMARINDO, GRANADILLAS, DÁTILES, ETCÉTERA.",cultivo_fruticola,TRUE,GUAYAS,21,1160248.31,479422.08,680826.23,1184342.26,35889.95,26917.46,2024
101457,PRODOSMIL S.A.,G4630,G4630.11 - VENTA AL POR MAYOR DE BANANO Y PLÁTANO.,comercio_mayorista,FALSE,GUAYAS,10,1159841.16,249579.6,910261.5599999999,463038.46,0,11688.85,2024
147508,DISTMANÁ CIA.LTDA.,G4630,G4630.31 - VENTA AL POR MAYOR DE CARNE Y PRODUCTOS CÁRNICOS (INCLUIDAS LAS AVES DE CORRAL).,comercio_mayorista,FALSE,PICHINCHA,149,1156176.49,-321405.99,1477582.48,22734450,0,-74382.52,2024
164145,SOLAGRICULTOR CIA. LTDA.,G4630,"G4630.12 - VENTA AL POR MAYOR DE FRUTAS, LEGUMBRES Y HORTALIZAS.",comercio_mayorista,FALSE,PICHINCHA,4,1155155.07,767081.62,388073.45000000007,234361.54,0,-373.05,2024
125150,GREEN NATURAL PRODUCTS S.A. GREENATUPRO,G4630,G4630.31 - VENTA AL POR MAYOR DE CARNE Y PRODUCTOS CÁRNICOS (INCLUIDAS LAS AVES DE CORRAL).,comercio_mayorista,FALSE,GUAYAS,12,1152786.62,97471.64,1055314.9800000002,1015283.81,76909.95,58341.83,2024
97444,AGRICOLA SANTA ROSARIO AGRISANROSA CIA. LTDA.,A0122,A0122.01 - CULTIVO DE BANANOS Y PLÁTANOS.,cultivo_fruticola,FALSE,EL ORO,5,1152494.46,29512.59,1122981.8699999999,39296.67,27747.47,26720.08,2024
183024,ORGANICSUPPLY S.A.,G4630,G4630.99 - VENTA AL POR MAYOR DE OTROS PRODUCTOS COMESTIBLES (ENLATADOS Y CONSERVAS).,comercio_mayorista,FALSE,SANTO DOMINGO DE LOS TSACHILAS,5,1150027.45,824603.35,325424.1,4264431.43,-69310.81,-69310.81,2024
728615,MANDRAGORA VERDE MANDRAVERDE S.A.S.,C1073,C1073.12 - ELABORACIÓN DE CHOCOLATE Y PRODUCTOS DE CHOCOLATE.,procesamiento,FALSE,GUAYAS,1,1149412.08,200925.65,948486.43,1002275.39,19955.2,14892.96,2024
718639,NATURPESCA S.A.,G4630,G4630.32 - VENTA AL POR MAYOR DE CAMARÓN Y LANGOSTINOS.,comercio_mayorista,FALSE,GUAYAS,6,1148659.77,161860.3,986799.47,5225358.28,132826.19,56925.51,2024
315161,BIOBERRIES ECUADOR BIOECU S.A.S.,C1030,"C1030.12 - CONSERVACIÓN DE FRUTAS, PULPA DE FRUTAS, LEGUMBRES Y HORTALIZAS MEDIANTE EL CONGELADO, SECADO, DESHIDRATADO, INMERSIÓN EN ACEITE O VINAGRE, ENLATADO, ETCÉTERA.",procesamiento,FALSE,MANABI,2,1145120.29,23112.95,1122007.34,169093.44,0,-187303.12,2024
33231,INDUSTRIAS EDMUNDO ROMULO BONILLA ERBOINDUSTRIAS CIA. LTDA.,G4620,G4620.11 - VENTA AL POR MAYOR DE CEREALES (GRANOS) Y SEMILLAS.,comercio_mayorista,FALSE,AZUAY,6,1144525.62,543561.13,600964.4900000001,1513177.58,101644.45,101644.45,2024
128394,ABUZAIDI S.A.,A0127,A0127.02 - CULTIVO DE CACAO.,cultivo_fruticola,FALSE,LOS RIOS,4,1143757.41,214521.92,929235.4899999999,68156.95,0,-7773.6,2024
119537,HACIENDA VILMITA HAVILMI S.A.,A0122,A0122.01 - CULTIVO DE BANANOS Y PLÁTANOS.,cultivo_fruticola,FALSE,LOS RIOS,33,1142296.37,736219.92,406076.45000000007,523892.47,26565.1,21328.05,2024
306633,BANANASHI S.A.,A0122,A0122.01 - CULTIVO DE BANANOS Y PLÁTANOS.,cultivo_fruticola,FALSE,GUAYAS,1,1140722.09,120146.59,1020575.5000000001,579.93,0,-136777.77,2024
106919,TROPICALAGRO S.A.,A0122,A0122.01 - CULTIVO DE BANANOS Y PLÁTANOS.,cultivo_fruticola,FALSE,GUAYAS,4,1138645.52,200335.1,938310.42,2374666.82,72172.45,16856.57,2024
305645,PRIETO EXPORT SA AGRICOLA PRIETOEXPORT S.A.,G4630,G4630.11 - VENTA AL POR MAYOR DE BANANO Y PLÁTANO.,comercio_mayorista,FALSE,EL ORO,4,1134743.17,449861.46,684881.71,7390063.53,217655.14,217655.14,2024
753064,TERRALAMINA S.A.,A0122,A0122.01 - CULTIVO DE BANANOS Y PLÁTANOS.,cultivo_fruticola,FALSE,GUAYAS,4,1130438.2,248922.28,881515.9199999999,109653.33,0,2108.53,2024
717785,ESMEITALIA S.A.,G4630,"G4630.95 - VENTA AL POR MAYOR DE BEBIDAS ALCOHÓLICAS, INCLUSO EL ENVASADO DE VINO A GRANEL SIN TRANSFORMACIÓN.",comercio_mayorista,FALSE,GUAYAS,23,1129643.38,1103.48,1128539.9,707890.4,67.82,52.9,2024
710351,DISTRIBUIDORA Y COMERCIALIZADORA DE BEBIDAS DICOMBEB S.A.,G4630,"G4630.95 - VENTA AL POR MAYOR DE BEBIDAS ALCOHÓLICAS, INCLUSO EL ENVASADO DE VINO A GRANEL SIN TRANSFORMACIÓN.",comercio_mayorista,FALSE,GUAYAS,24,1128069.56,-89821.21,1217890.77,1775405.77,0,-201942.23,2024
752462,INDUSAGRO SOCIEDAD POR ACCIONES SIMPLIFICADA,G4630,G4630.91 - VENTA AL POR MAYOR DE ARROZ.,comercio_mayorista,FALSE,GUAYAS,1,1123748.53,43704.42,1080044.11,2792846.25,44939.23,33704.42,2024
312586,DISTELIA COMERCIALIZADORA DE PRODUCTOS CIA.LTDA.,G4630,G4630.23 - VENTA AL POR MAYOR DE ACEITES Y GRASAS COMESTIBLES DE ORIGEN ANIMAL O VEGETAL.,comercio_mayorista,FALSE,EL ORO,26,1118676.39,159463.72,959212.6699999999,3214538.87,0,80204.14,2024
116335,SIDITRA S.A.,A0122,A0122.01 - CULTIVO DE BANANOS Y PLÁTANOS.,cultivo_fruticola,FALSE,EL ORO,20,1112548.2,555785.36,556762.84,662982.69,21322.99,3197.07,2024
319979,ARCAFLOWER LIFE S.A.S.,G4620,G4620.15 - VENTA AL POR MAYOR DE FLORES Y PLANTAS.,comercio_mayorista,FALSE,PICHINCHA,6,1111863.19,313519.4,798343.7899999999,4284433.55,106019.38,79819.93,2024
346524,DISTRIBUIDORA DEL NORTE DISTNORTE S.A.S.,G4630,"G4630.21 - VENTA AL POR MAYOR DE PRODUCTOS LÁCTEOS, INCLUIDO HELADOS, BOLOS, ETCÉTERA.",comercio_mayorista,FALSE,IMBABURA,32,1111250.23,91213.35,1020036.88,3613680.66,80801.49,60126.99,2024
359970,"AGRICOLA DEL ECUADOR, BANANA VITAMINS S.A.S.",G4630,G4630.11 - VENTA AL POR MAYOR DE BANANO Y PLÁTANO.,comercio_mayorista,FALSE,GUAYAS,15,1110609.8,105199.64,1005410.16,449241.66,11820.14,6399.64,2024
735030,IRCADA S.A.,G4630,G4630.11 - VENTA AL POR MAYOR DE BANANO Y PLÁTANO.,comercio_mayorista,FALSE,EL ORO,5,1109884.86,180241.39,929643.4700000001,1961181.2,0,11731.1,2024
131032,TACAO S. A.,G4630,"G4630.92 - VENTA AL POR MAYOR DE AZÚCAR, CHOCOLATE Y PRODUCTOS DE CONFITERÍA.",comercio_mayorista,FALSE,GUAYAS,4,1108896.43,341942.47,766953.96,1831601.02,26179.83,8701.28,2024
735059,SERVICIOS INTEGRADOS DSOLANOS CIA.LTDA.,A0122,A0122.01 - CULTIVO DE BANANOS Y PLÁTANOS.,cultivo_fruticola,FALSE,EL ORO,2,1108880.4,34876.03,1074004.3699999999,125616.39,0,984.71,2024
721088,AGRÍCOLA GUTIERREZ AGROGUT S.A.,A0122,A0122.01 - CULTIVO DE BANANOS Y PLÁTANOS.,cultivo_fruticola,FALSE,GUAYAS,11,1104723.99,855221.19,249502.80000000005,1022118.65,280073.64,260960.3,2024
729136,INDUSTRIA ALIMENTARIA DEL SUR INALSUR S.A.S.,G4630,G4630.31 - VENTA AL POR MAYOR DE CARNE Y PRODUCTOS CÁRNICOS (INCLUIDAS LAS AVES DE CORRAL).,comercio_mayorista,FALSE,EL ORO,20,1103210.26,513876.6,589333.66,1278115.68,329748.88,329748.88,2024
753370,GLI - ECUADOR S.A.S.,G4630,"G4630.94 - VENTA AL POR MAYOR DE BEBIDAS NO ALCOHÓLICAS (JUGOS, GASEOSAS, AGUA MINERAL, ETCÉTERA).",comercio_mayorista,FALSE,PICHINCHA,65,1100286.89,-727102.18,1827389.0699999998,772524.95,-1024959.14,-1024959.14,2024
91750,CORTEVA AGRISCIENCE DE ECUADOR S.A.,G4620,G4620.19 - VENTA AL POR MAYOR DE OTRAS MATERIAS PRIMAS AGROPECUARIAS.,comercio_mayorista,FALSE,PICHINCHA,9,1099481.83,709344.01,390137.82000000007,1665868.87,0,376.31,2024
734493,PRODUCCION AGRICOLA COSTA SUR PROAGRICOSUR S.A.,G4630,G4630.11 - VENTA AL POR MAYOR DE BANANO Y PLÁTANO.,comercio_mayorista,FALSE,EL ORO,7,1098318.04,236826.45,861491.5900000001,2743641.92,0,89660.63,2024
91401,CUSIMANO IMPORT CIA. LTDA,G4630,G4630.99 - VENTA AL POR MAYOR DE OTROS PRODUCTOS COMESTIBLES (ENLATADOS Y CONSERVAS).,comercio_mayorista,FALSE,PICHINCHA,8,1096592.98,720978.75,375614.23,1329535.85,251047.6,169659.5,2024
308841,PRODUFRU S.A.,A0122,"A0122.09 - OTROS CULTIVOS DE FRUTAS TROPICALES Y SUBTROPICALES: PAPAYAS, BABACOS, CHAMBUROS, AGUACATES, HIGOS, ARAZÁ, GUAYABAS, GUANÁBANA, GUABA, CHIRIMOYA, NARANJILLAS, ZAPOTES, BOROJÓ, TAMARINDO, GRANADILLAS, DÁTILES, ETCÉTERA.",cultivo_fruticola,TRUE,GUAYAS,17,1095541.02,63765.02,1031776,807627.45,1875.61,1875.61,2024
350950,TAMASCO S.A.S.,G4630,G4630.97 - VENTA AL POR MAYOR DE ALIMENTO PARA MASCOTAS (ANIMALES DOMÉSTICOS).,comercio_mayorista,FALSE,PICHINCHA,2,1091043.23,-176982.72,1268025.95,1199654.74,-131603.59,-132027.11,2024
83606,KIBU S.A.,A0122,A0122.02 - CULTIVO DE MANGOS.,cultivo_fruticola,FALSE,GUAYAS,8,1088081.25,96394.47,991686.78,373376.67,10664.9,7202.14,2024
738253,BANANAPACIFIC S.A.,A0122,A0122.01 - CULTIVO DE BANANOS Y PLÁTANOS.,cultivo_fruticola,FALSE,LOS RIOS,3,1086770,257826,828944,118102,-100473,-100473,2024
747103,VERY BLUE S.A.S.,A0125,"A0125.01 - CULTIVO DE BAYAS GROSELLAS, GROSELLAS ESPINOSAS, KIWIS, FRAMBUESAS, FRESAS (FRUTILLAS), MORAS, MORTIÑOS (ARÁNDANOS), UVILLA Y OTRAS BAYAS.",cultivo_fruticola,TRUE,PICHINCHA,14,1086438.41,938530.15,147908.2599999999,463516.85,27528.03,23812.62,2024
360272,CORPORACION CON LAR S.A.S.,G4630,"G4630.94 - VENTA AL POR MAYOR DE BEBIDAS NO ALCOHÓLICAS (JUGOS, GASEOSAS, AGUA MINERAL, ETCÉTERA).",comercio_mayorista,FALSE,LOS RIOS,4,1078879.45,762533.98,316345.47,3511262.32,1003378.64,752533.98,2024
754199,DELINAFARMS CIA.LTDA.,A0125,"A0125.09 - OTROS CULTIVOS DE FRUTOS DE ÁRBOLES Y ARBUSTOS: PITAHAYA, TUNA, ALGARROBA, TAXOS, ETCÉTERA.",cultivo_fruticola,TRUE,PICHINCHA,4,1078838.07,787067.43,291770.64,4311212.41,0,-45314.09,2024
133940,SANMICOR S.A.,G4630,G4630.11 - VENTA AL POR MAYOR DE BANANO Y PLÁTANO.,comercio_mayorista,FALSE,GUAYAS,50,1077919.36,794303.7,283615.66000000015,1751599.91,0,90065.99,2024
323396,AGRIBANDERONES S.A.S.,A0122,"A0122.09 - OTROS CULTIVOS DE FRUTAS TROPICALES Y SUBTROPICALES: PAPAYAS, BABACOS, CHAMBUROS, AGUACATES, HIGOS, ARAZÁ, GUAYABAS, GUANÁBANA, GUABA, CHIRIMOYA, NARANJILLAS, ZAPOTES, BOROJÓ, TAMARINDO, GRANADILLAS, DÁTILES, ETCÉTERA.",cultivo_fruticola,TRUE,PICHINCHA,9,1077916.4,-623344.08,1701260.48,10642.77,-121029.07,-127293.92,2024
307321,FINCA-PROCEL CIA.LTDA.,A0125,"A0125.09 - OTROS CULTIVOS DE FRUTOS DE ÁRBOLES Y ARBUSTOS: PITAHAYA, TUNA, ALGARROBA, TAXOS, ETCÉTERA.",cultivo_fruticola,TRUE,TUNGURAHUA,2,1076416.03,-129937.62,1206353.65,223749.16,211.92,-291.81,2024
720181,EXFRUTEC S.A.,A0122,A0122.01 - CULTIVO DE BANANOS Y PLÁTANOS.,cultivo_fruticola,FALSE,GUAYAS,5,1075520.52,329518.83,746001.69,6855363.12,163938.02,126132.63,2024
170391,EXPORTADORA AGRICULTORES BANANEROS DEL SUR S.A. EXAGRISURSA,A0122,A0122.01 - CULTIVO DE BANANOS Y PLÁTANOS.,cultivo_fruticola,FALSE,EL ORO,9,1075059.52,450878.57,624180.95,4144127.19,18652.32,18652.32,2024
714555,INDUSTRIA ALIMENTICIA FLAVORS & SCENTS CIA.LTDA.,C1030,"C1030.12 - CONSERVACIÓN DE FRUTAS, PULPA DE FRUTAS, LEGUMBRES Y HORTALIZAS MEDIANTE EL CONGELADO, SECADO, DESHIDRATADO, INMERSIÓN EN ACEITE O VINAGRE, ENLATADO, ETCÉTERA.",procesamiento,FALSE,PICHINCHA,2,1074453.76,-450025.38,1524479.1400000001,3252.7,-159526.49,-159561.49,2024
165096,AGROMAGNOLIA CIA. LTDA.,G4630,"G4630.12 - VENTA AL POR MAYOR DE FRUTAS, LEGUMBRES Y HORTALIZAS.",comercio_mayorista,FALSE,SUCUMBIOS,29,1072794.74,791500.24,281294.5,491455.77,0,-1704.42,2024
126028,BANAGUILLO S.A.,A0122,A0122.01 - CULTIVO DE BANANOS Y PLÁTANOS.,cultivo_fruticola,FALSE,GUAYAS,6,1070062.26,1063335.12,6727.139999999898,61250,0,-24103.38,2024
744906,AGRICOLA DEL ROSARIO CIA.LTDA.,A0122,A0122.01 - CULTIVO DE BANANOS Y PLÁTANOS.,cultivo_fruticola,FALSE,EL ORO,2,1068025.47,349857.81,718167.6599999999,357137.5,0,181554.37,2024
46494,COMPANIA DE IMPORTACION Y EXPORTACION KAVECAFE ECUATORIANA S.A.,G4630,"G4630.14 - VENTA AL POR MAYOR DE CAFÉ, CACAO, TE Y ESPECIAS.",comercio_mayorista,FALSE,GUAYAS,8,1062990.3,699427.13,363563.17000000004,1089190.75,0,61725.46,2024
134921,AGROVEGETALES S.A.,A0122,A0122.01 - CULTIVO DE BANANOS Y PLÁTANOS.,cultivo_fruticola,FALSE,GUAYAS,11,1060919.11,144905.75,916013.3600000001,14825779.48,856.6,-79850.05,2024
745251,INSUMOS AGRÍCOLAS TERRACROP S.A.,G4620,G4620.19 - VENTA AL POR MAYOR DE OTRAS MATERIAS PRIMAS AGROPECUARIAS.,comercio_mayorista,FALSE,GUAYAS,2,1054526,745753.92,308772.07999999996,1183368,0,287532.01,2024
119543,HACIENDA MARJORIE DAMARJO S.A.,A0122,A0122.01 - CULTIVO DE BANANOS Y PLÁTANOS.,cultivo_fruticola,FALSE,LOS RIOS,32,1051368.73,494480.36,556888.37,676613.23,23066.53,16333.39,2024
305097,DISTRIBUCIONES LOPEZ C. DISTRILOPEZ S.A.,G4630,"G4630.21 - VENTA AL POR MAYOR DE PRODUCTOS LÁCTEOS, INCLUIDO HELADOS, BOLOS, ETCÉTERA.",comercio_mayorista,FALSE,GUAYAS,14,1049914,304549,745365,3311422,15637,9782,2024
62152,AGRIPENSA AGRICOLA PENINSULAR S.A.,G4630,"G4630.14 - VENTA AL POR MAYOR DE CAFÉ, CACAO, TE Y ESPECIAS.",comercio_mayorista,FALSE,GUAYAS,7,1047894,190182,857712,983637,155280,142909,2024
38546,MORENMOS S.A.,A0122,A0122.01 - CULTIVO DE BANANOS Y PLÁTANOS.,cultivo_fruticola,FALSE,EL ORO,42,1044753.84,554948.33,489805.51,1009643,16463.55,6367.12,2024
59833,DEXTER S.A. (DEXTERSA),A0122,A0122.01 - CULTIVO DE BANANOS Y PLÁTANOS.,cultivo_fruticola,FALSE,LOS RIOS,74,1044202.13,864468.15,179733.97999999998,1750477.46,99404.7,80665.05,2024
134465,AGANPI S.A.,A0127,A0127.02 - CULTIVO DE CACAO.,cultivo_fruticola,FALSE,GUAYAS,8,1043827.66,385787.26,658040.4,608132.94,47535.73,35651.8,2024
133467,LOPEZCORP S.A.,G4630,"G4630.94 - VENTA AL POR MAYOR DE BEBIDAS NO ALCOHÓLICAS (JUGOS, GASEOSAS, AGUA MINERAL, ETCÉTERA).",comercio_mayorista,FALSE,LOS RIOS,24,1043527.6,344054.44,699473.1599999999,4328781.34,39266.39,26741,2024
302365,BALSA FORESTS BALFORESTS CIA.LTDA.,A0127,A0127.02 - CULTIVO DE CACAO.,cultivo_fruticola,FALSE,SANTO DOMINGO DE LOS TSACHILAS,4,1037891.83,218227.15,819664.6799999999,305990.91,207948.83,207948.83,2024
716862,DORIFRUIT S.A.,A0122,A0122.01 - CULTIVO DE BANANOS Y PLÁTANOS.,cultivo_fruticola,FALSE,GUAYAS,7,1033806.39,178853.37,854953.02,3310453.48,37441.93,19822.8,2024
348122,EXPORTADORA DE CACAO FINO DE AROMA REYCACAO S.A.S.,G4630,"G4630.14 - VENTA AL POR MAYOR DE CAFÉ, CACAO, TE Y ESPECIAS.",comercio_mayorista,FALSE,LOS RIOS,10,1032247.31,197356.65,834890.66,15601647.9,0,87994.13,2024
314692,AGROINDUSTRIA ECUATORIANA EXPORESPIN S.A.,G4630,"G4630.14 - VENTA AL POR MAYOR DE CAFÉ, CACAO, TE Y ESPECIAS.",comercio_mayorista,FALSE,SANTO DOMINGO DE LOS TSACHILAS,3,1031170.77,286789.42,744381.3500000001,3223838.4,77357.99,52216.64,2024
722089,ECUARECETAS S.A.,G4630,"G4630.95 - VENTA AL POR MAYOR DE BEBIDAS ALCOHÓLICAS, INCLUSO EL ENVASADO DE VINO A GRANEL SIN TRANSFORMACIÓN.",comercio_mayorista,FALSE,PICHINCHA,2,1029735.42,23457.84,1006277.5800000001,815684.07,49314.29,21609.63,2024
720361,AMI RUNA ECUADOR LLC,G4630,"G4630.21 - VENTA AL POR MAYOR DE PRODUCTOS LÁCTEOS, INCLUIDO HELADOS, BOLOS, ETCÉTERA.",comercio_mayorista,FALSE,PICHINCHA,3,1029688.67,-423710.6,1453399.27,148028.13,-235115.5,-235115.5,2024
149361,OROTRUST S.A.,G4630,"G4630.12 - VENTA AL POR MAYOR DE FRUTAS, LEGUMBRES Y HORTALIZAS.",comercio_mayorista,FALSE,GUAYAS,3,1028168.8,464922.62,563246.18,1999872.87,135266.6,101724.95,2024
115447,AGRICOLA MEBY S.A.,A0122,A0122.01 - CULTIVO DE BANANOS Y PLÁTANOS.,cultivo_fruticola,FALSE,GUAYAS,2,1027260.71,1027260.71,0,257164.74,0,-42970.53,2024
170592,SANTANA BREWING COMPANY SANBRECO S.A.,G4630,"G4630.95 - VENTA AL POR MAYOR DE BEBIDAS ALCOHÓLICAS, INCLUSO EL ENVASADO DE VINO A GRANEL SIN TRANSFORMACIÓN.",comercio_mayorista,FALSE,PICHINCHA,4,1026134.13,7660.75,1018473.38,226041.05,-160447,-80455.76,2024
142145,PANPE ALIMENTOS CIA. LTDA.,G4630,"G4630.95 - VENTA AL POR MAYOR DE BEBIDAS ALCOHÓLICAS, INCLUSO EL ENVASADO DE VINO A GRANEL SIN TRANSFORMACIÓN.",comercio_mayorista,FALSE,PICHINCHA,147,1024800,314500.73,710299.27,5211416.69,223828.02,139522.93,2024
304488,ECUAFIELDS C.L.,G4630,"G4630.12 - VENTA AL POR MAYOR DE FRUTAS, LEGUMBRES Y HORTALIZAS.",comercio_mayorista,FALSE,CHIMBORAZO,7,1023792.29,146209.52,877582.77,5038655.79,241643.46,105805.52,2024
149767,COMPAÑÍA GRUIMASEL S.A.,A0126,A0126.01 - CULTIVO DE PALMAS DE ACEITE (PALMA AFRICANA).,cultivo_fruticola,FALSE,SANTO DOMINGO DE LOS TSACHILAS,7,1021631.26,-2515861.06,3537492.3200000003,121009.26,-118683.51,-118683.51,2024
303614,AGRICOLA RODRIGUEZ & ASOCIADOS PITAKAWSAY CIA.LTDA.,A0125,"A0125.09 - OTROS CULTIVOS DE FRUTOS DE ÁRBOLES Y ARBUSTOS: PITAHAYA, TUNA, ALGARROBA, TAXOS, ETCÉTERA.",cultivo_fruticola,TRUE,MANABI,18,1021595.17,783676.94,237918.2300000001,507974.58,9248.12,3533.47,2024
137670,AGRIBALO S. A.,G4630,G4630.11 - VENTA AL POR MAYOR DE BANANO Y PLÁTANO.,comercio_mayorista,FALSE,EL ORO,44,1020420.43,315482.83,704937.6000000001,1587520.54,67648.28,51487.86,2024
643,ILCSA S.A.,G4620,G4620.19 - VENTA AL POR MAYOR DE OTRAS MATERIAS PRIMAS AGROPECUARIAS.,comercio_mayorista,FALSE,CARCHI,5,1016040.49,926654.69,89385.80000000005,1610677.8,132532.97,93824.16,2024
178762,CARAVELA-ECUADOR S.A.,G4630,G4630.99 - VENTA AL POR MAYOR DE OTROS PRODUCTOS COMESTIBLES (ENLATADOS Y CONSERVAS).,comercio_mayorista,FALSE,PICHINCHA,7,1014655.67,49323.28,965332.39,55999.64,-119490.37,-119490.37,2024
176615,COMPAÑIA PRODUCTORA Y EXPORTADORA PANAGLOBAL CIA. LTDA.,G4630,G4630.99 - VENTA AL POR MAYOR DE OTROS PRODUCTOS COMESTIBLES (ENLATADOS Y CONSERVAS).,comercio_mayorista,FALSE,PICHINCHA,19,1012846.98,28262.6,984584.38,1779695.69,21845.19,16325.14,2024
13120,DISTRIBUIDORA PAEZ MALDONADO CIA LTDA,G4630,G4630.99 - VENTA AL POR MAYOR DE OTROS PRODUCTOS COMESTIBLES (ENLATADOS Y CONSERVAS).,comercio_mayorista,FALSE,MANABI,2,1010974.25,227057.88,783916.37,3023869.23,-466523.34,-466523.34,2024
97599,BELKRUZ S.A.,A0122,A0122.01 - CULTIVO DE BANANOS Y PLÁTANOS.,cultivo_fruticola,FALSE,EL ORO,3,1009582.84,178485.38,831097.46,1754084.15,33076.79,31074.57,2024
336231,ECOPACHA CORPORATION S.A.S.,G4620,G4620.15 - VENTA AL POR MAYOR DE FLORES Y PLANTAS.,comercio_mayorista,FALSE,PICHINCHA,32,1002221.64,133131.32,869090.3200000001,870303.1,0,15978.65,2024
95804,AGROPECUARIA ALTAMIRA AGROALTAMIRA S.A.,G4620,G4620.21 - VENTA AL POR MAYOR DE ANIMALES VIVOS.,comercio_mayorista,FALSE,MANABI,4,1001938.41,799953.28,201985.13,43601.25,-92403.64,-92403.64,2024
335042,ECUADOR DIVINE ECUADIVINE S.A.S.,G4630,"G4630.12 - VENTA AL POR MAYOR DE FRUTAS, LEGUMBRES Y HORTALIZAS.",comercio_mayorista,FALSE,GUAYAS,4,1000827.41,223577.13,777250.28,6218469.51,0,37500,2024
77316,BEMAX S.A.,A0122,A0122.01 - CULTIVO DE BANANOS Y PLÁTANOS.,cultivo_fruticola,FALSE,GUAYAS,13,998766.15,231791.92,766974.23,515453.94,17467.99,12133.59,2024
308931,SMART AGRO FOOD AGRONOINVESTMENTS CIA.LTDA.,G4620,G4620.11 - VENTA AL POR MAYOR DE CEREALES (GRANOS) Y SEMILLAS.,comercio_mayorista,FALSE,GUAYAS,2,997642.9,172127.64,825515.26,1873077.76,95682.76,71440.5,2024
732971,AGROASEMAD CIA.LTDA.,G4620,G4620.11 - VENTA AL POR MAYOR DE CEREALES (GRANOS) Y SEMILLAS.,comercio_mayorista,FALSE,LOS RIOS,6,994128.62,145224.17,848904.45,1048863.45,31004.25,30994.25,2024
310975,EXPORTING JAEM S.A.,A0122,"A0122.09 - OTROS CULTIVOS DE FRUTAS TROPICALES Y SUBTROPICALES: PAPAYAS, BABACOS, CHAMBUROS, AGUACATES, HIGOS, ARAZÁ, GUAYABAS, GUANÁBANA, GUABA, CHIRIMOYA, NARANJILLAS, ZAPOTES, BOROJÓ, TAMARINDO, GRANADILLAS, DÁTILES, ETCÉTERA.",cultivo_fruticola,TRUE,SANTO DOMINGO DE LOS TSACHILAS,3,992425.04,278998.53,713426.51,1656262.3,0,16285.26,2024
729746,NACIONBANANA S.A.,G4630,G4630.11 - VENTA AL POR MAYOR DE BANANO Y PLÁTANO.,comercio_mayorista,FALSE,EL ORO,8,989818.23,724127.71,265690.52,2237873.45,288113.85,288113.85,2024
735887,AVIFRUIT S.A.S.,A0122,"A0122.09 - OTROS CULTIVOS DE FRUTAS TROPICALES Y SUBTROPICALES: PAPAYAS, BABACOS, CHAMBUROS, AGUACATES, HIGOS, ARAZÁ, GUAYABAS, GUANÁBANA, GUABA, CHIRIMOYA, NARANJILLAS, ZAPOTES, BOROJÓ, TAMARINDO, GRANADILLAS, DÁTILES, ETCÉTERA.",cultivo_fruticola,TRUE,MANABI,17,989238.99,283212.21,706026.78,454151.49,61319.51,61623.52,2024
126531,RAHAN MERISTEM DEL ECUADOR CIA.LTDA.,A0122,A0122.01 - CULTIVO DE BANANOS Y PLÁTANOS.,cultivo_fruticola,FALSE,GUAYAS,34,986901.99,446336.07,540565.9199999999,1104901.08,0,-20040.69,2024
309626,AGRICOLA BANANSOL S.A.,A0122,A0122.01 - CULTIVO DE BANANOS Y PLÁTANOS.,cultivo_fruticola,FALSE,EL ORO,4,986636.56,55491.5,931145.06,635559.1,1193.95,1193.95,2024
98611,BANARIV C. LTDA.,G4630,G4630.11 - VENTA AL POR MAYOR DE BANANO Y PLÁTANO.,comercio_mayorista,FALSE,GUAYAS,15,984890.67,224731.55,760159.1200000001,1349671.51,-1285.4,-8016.21,2024
97509,AGROCARIBE S.A.,A0122,A0122.01 - CULTIVO DE BANANOS Y PLÁTANOS.,cultivo_fruticola,FALSE,EL ORO,11,984456.5,183002.94,801453.56,4664146.02,3001.98,2694.57,2024
712161,LICOMUNDO S.A.,G4630,"G4630.95 - VENTA AL POR MAYOR DE BEBIDAS ALCOHÓLICAS, INCLUSO EL ENVASADO DE VINO A GRANEL SIN TRANSFORMACIÓN.",comercio_mayorista,FALSE,GUAYAS,10,981398.93,8873.12,972525.81,1304815.98,3618.56,1350.17,2024
31942,ALTAFLOR PLANTACIONES CIA. LTDA.,G4620,G4620.15 - VENTA AL POR MAYOR DE FLORES Y PLANTAS.,comercio_mayorista,FALSE,AZUAY,1,981372.1,649948.15,331423.94999999995,24450.48,8748.78,8748.78,2024
140189,VALBELCITRICOS S.A.,G4630,"G4630.12 - VENTA AL POR MAYOR DE FRUTAS, LEGUMBRES Y HORTALIZAS.",comercio_mayorista,FALSE,GUAYAS,3,981181.01,419102.63,562078.38,641377.69,0,12755.88,2024
706660,TROPICALREPUBLIC S.A.,A0122,A0122.01 - CULTIVO DE BANANOS Y PLÁTANOS.,cultivo_fruticola,FALSE,GUAYAS,23,980983.16,211906.33,769076.8300000001,10369392.33,0,9704.33,2024
725168,COSTJOHN S.A.,A0122,A0122.01 - CULTIVO DE BANANOS Y PLÁTANOS.,cultivo_fruticola,FALSE,SANTA ELENA,3,978519.89,264492.86,714027.03,557709.25,65112.99,59199.92,2024
79645,AGRICOLA ALEGALDI S.A.,A0122,A0122.01 - CULTIVO DE BANANOS Y PLÁTANOS.,cultivo_fruticola,FALSE,LOS RIOS,11,978068.83,761723.97,216344.86,923615.1,0,45078.7,2024
316478,PRODUCCION AGRICOLA ALCIVAR PROAGROALCIVAR CIA.LTDA.,A0127,A0127.02 - CULTIVO DE CACAO.,cultivo_fruticola,FALSE,MANABI,4,977257.69,154547.54,822710.1499999999,3484008.26,99971.25,99971.25,2024
755930,CHOCOVELZ S.A.,G4630,"G4630.14 - VENTA AL POR MAYOR DE CAFÉ, CACAO, TE Y ESPECIAS.",comercio_mayorista,FALSE,GUAYAS,4,970179.07,184828.88,785350.19,4693904.27,0,170328.88,2024
102436,DIMAL S.A.,G4620,G4620.12 - VENTA AL POR MAYOR DE FRUTOS Y SEMILLAS OLEAGINOSAS.,comercio_mayorista,FALSE,GUAYAS,12,963915.17,199309.45,764605.72,282006.51,-43984.37,-43984.37,2024
736555,NU MEGA INGREDIENTS ECUADOR NMI S.A.,G4630,"G4630.33 - VENTA AL POR MAYOR DE PESCADO, CRUSTÁCEOS, MOLUSCOS Y PRODUCTOS DE LA PESCA.",comercio_mayorista,FALSE,MANABI,4,963327.63,-1053730.29,2017057.92,323262.06,-583024.93,-583024.93,2024
305570,DASAMDIST CIA.LTDA.,G4620,G4620.11 - VENTA AL POR MAYOR DE CEREALES (GRANOS) Y SEMILLAS.,comercio_mayorista,FALSE,AZUAY,11,958653.13,32133.86,926519.27,2018645.65,2203.54,1570.02,2024
109895,JOKAY S.A.,A0122,A0122.01 - CULTIVO DE BANANOS Y PLÁTANOS.,cultivo_fruticola,FALSE,GUAYAS,1,957885.14,-271148.6,1229033.74,1177542.15,0,-263078.5,2024
154877,SOLUCIONES EN DISTRIBUCION Y TRADE MARKETING SOLDISTRADE CIA. LTDA,G4630,G4630.97 - VENTA AL POR MAYOR DE ALIMENTO PARA MASCOTAS (ANIMALES DOMÉSTICOS).,comercio_mayorista,FALSE,PICHINCHA,15,957046.55,199801.81,757244.74,4253601.85,0,25578.66,2024
55505,ELISIOPOLIS S.A,A0122,A0122.02 - CULTIVO DE MANGOS.,cultivo_fruticola,FALSE,GUAYAS,5,957033.22,552305.81,404727.4099999999,229774.8,909.83,703.48,2024
48920,CHOCOLATES DE IRMA SOCIEDAD ANONIMA CHOCOIRMA,C1073,C1073.12 - ELABORACIÓN DE CHOCOLATE Y PRODUCTOS DE CHOCOLATE.,procesamiento,FALSE,PICHINCHA,3,954731,750291.34,204439.66000000003,54189.53,2419.76,-1705.31,2024
732811,PROORIENTE S.A.S.,G4630,G4630.31 - VENTA AL POR MAYOR DE CARNE Y PRODUCTOS CÁRNICOS (INCLUIDAS LAS AVES DE CORRAL).,comercio_mayorista,FALSE,SUCUMBIOS,49,954211.07,108100.3,846110.7699999999,9574286.31,162094.22,107950.3,2024
733012,BANAZOO S.A.S.,A0122,A0122.01 - CULTIVO DE BANANOS Y PLÁTANOS.,cultivo_fruticola,FALSE,GUAYAS,8,952877.94,55390.83,897487.11,207452.39,0,-3890.21,2024
713945,SURSEMILLAS S.A.,G4620,G4620.11 - VENTA AL POR MAYOR DE CEREALES (GRANOS) Y SEMILLAS.,comercio_mayorista,FALSE,PICHINCHA,11,952658.17,600001.68,352656.49,1988696.47,388518.25,260765.73,2024
171148,TROPEDUR S.A.,G4630,G4630.32 - VENTA AL POR MAYOR DE CAMARÓN Y LANGOSTINOS.,comercio_mayorista,FALSE,GUAYAS,3,948718.75,244580.33,704138.42,334108.34,39185,36628.16,2024
318285,TIERRA DORADA GOLDENLAND S.A.,G4630,"G4630.14 - VENTA AL POR MAYOR DE CAFÉ, CACAO, TE Y ESPECIAS.",comercio_mayorista,FALSE,SANTO DOMINGO DE LOS TSACHILAS,4,944605.23,545684.54,398920.68999999994,6141733.05,238122.47,238122.47,2024
88061,COMPAÑIA AGROINDUSTRIAL OBRAGRO S.A.,G4630,"G4630.12 - VENTA AL POR MAYOR DE FRUTAS, LEGUMBRES Y HORTALIZAS.",comercio_mayorista,FALSE,PICHINCHA,9,943068.29,688023.82,255044.4700000001,253781.9,29412.35,24580.52,2024
127625,BILANSCORP S.A.,A0122,A0122.02 - CULTIVO DE MANGOS.,cultivo_fruticola,FALSE,GUAYAS,5,941185.96,298551.06,642634.8999999999,1089217.86,58761.72,44071.29,2024
703967,DISTRIBUIDORA DE LA SIERRA XEPS CIA.LTDA.,G4630,"G4630.95 - VENTA AL POR MAYOR DE BEBIDAS ALCOHÓLICAS, INCLUSO EL ENVASADO DE VINO A GRANEL SIN TRANSFORMACIÓN.",comercio_mayorista,FALSE,PICHINCHA,17,940359.65,104826.23,835533.42,1521542.47,805.86,-7866.33,2024
328353,PRODUCTOS ALIMENTICIOS PRALSA S.A.,C1030,"C1030.14 - FABRICACIÓN DE PRODUCTOS ALIMENTICIOS A PARTIR DE (UN SOLO COMPONENTE) FRUTAS, LEGUMBRES Y HORTALIZAS; INCLUSO SNACKS DE PLÁTANO (CHIFLES), YUCA, FRUTAS, ETCÉTERA, EXCEPTO PAPA.",procesamiento,FALSE,MANABI,2,938690.51,735934.6,202755.91000000003,42390.51,0,6962.82,2024
716954,BERACABANANA S.A.,A0122,A0122.01 - CULTIVO DE BANANOS Y PLÁTANOS.,cultivo_fruticola,FALSE,EL ORO,41,937293.16,823891.79,113401.37,1110745.12,76809.04,21416.76,2024
735106,MARDELICIAS S.A.,G4630,"G4630.33 - VENTA AL POR MAYOR DE PESCADO, CRUSTÁCEOS, MOLUSCOS Y PRODUCTOS DE LA PESCA.",comercio_mayorista,FALSE,MANABI,44,930267.63,447031.97,483235.66000000003,6186423.06,162819.84,105783.16,2024
724417,REFORESTAMOS S.A.,G4630,G4630.11 - VENTA AL POR MAYOR DE BANANO Y PLÁTANO.,comercio_mayorista,FALSE,GUAYAS,16,930056.27,91900.95,838155.3200000001,1095086.21,24217.26,16690.49,2024
151950,AGRICOLA PITACAVA CIA. LTDA.,A0122,"A0122.09 - OTROS CULTIVOS DE FRUTAS TROPICALES Y SUBTROPICALES: PAPAYAS, BABACOS, CHAMBUROS, AGUACATES, HIGOS, ARAZÁ, GUAYABAS, GUANÁBANA, GUABA, CHIRIMOYA, NARANJILLAS, ZAPOTES, BOROJÓ, TAMARINDO, GRANADILLAS, DÁTILES, ETCÉTERA.",cultivo_fruticola,TRUE,PICHINCHA,52,928134.75,147225.39,780909.36,1002752.22,-120052.81,-120052.81,2024
734328,AGROMORENO CIA.LTDA.,A0122,A0122.01 - CULTIVO DE BANANOS Y PLÁTANOS.,cultivo_fruticola,FALSE,AZUAY,6,927832.79,-16279.64,944112.43,185900.97,15801.58,13942.58,2024
108173,AGROPECUARIA GANADERA ACUICOLA S.A. AGRONACUI,G4630,G4630.31 - VENTA AL POR MAYOR DE CARNE Y PRODUCTOS CÁRNICOS (INCLUIDAS LAS AVES DE CORRAL).,comercio_mayorista,FALSE,GUAYAS,7,927332.71,174117.67,753215.0399999999,1319620.81,8043.07,-3099.34,2024
68867,PILOT S.A.,A0122,A0122.02 - CULTIVO DE MANGOS.,cultivo_fruticola,FALSE,GUAYAS,5,927222.76,-219334.03,1146556.79,413349.18,8288.84,8065.44,2024
324415,RURUKUNA FARMS RURUKUNAFARM S.A.S.,A0125,"A0125.09 - OTROS CULTIVOS DE FRUTOS DE ÁRBOLES Y ARBUSTOS: PITAHAYA, TUNA, ALGARROBA, TAXOS, ETCÉTERA.",cultivo_fruticola,TRUE,GUAYAS,19,926701.88,49161.25,877540.63,896620.82,37076.91,25924.74,2024
713650,PROVERMONTINA S.A.,G4620,G4620.11 - VENTA AL POR MAYOR DE CEREALES (GRANOS) Y SEMILLAS.,comercio_mayorista,FALSE,PICHINCHA,31,926295.79,306423.53,619872.26,2809326.36,-70910.76,-70910.76,2024
138418,BOSQUEFLOWERS S.A.,G4620,G4620.15 - VENTA AL POR MAYOR DE FLORES Y PLANTAS.,comercio_mayorista,FALSE,COTOPAXI,50,925626.25,588047.44,337578.81000000006,1630933.07,41607.39,33369.15,2024
306924,EXPORTADORA Y EMPACADORA FEI YANG FEIYANG S.A.,G4630,"G4630.33 - VENTA AL POR MAYOR DE PESCADO, CRUSTÁCEOS, MOLUSCOS Y PRODUCTOS DE LA PESCA.",comercio_mayorista,FALSE,MANABI,6,925583.06,560969.61,364613.45000000007,1475777.17,75681.48,75681.48,2024
3696,SEALTIEL S.A.,A0122,"A0122.09 - OTROS CULTIVOS DE FRUTAS TROPICALES Y SUBTROPICALES: PAPAYAS, BABACOS, CHAMBUROS, AGUACATES, HIGOS, ARAZÁ, GUAYABAS, GUANÁBANA, GUABA, CHIRIMOYA, NARANJILLAS, ZAPOTES, BOROJÓ, TAMARINDO, GRANADILLAS, DÁTILES, ETCÉTERA.",cultivo_fruticola,TRUE,GUAYAS,8,925334.45,638075.42,287259.0299999999,68761.77,6988.84,5451.3,2024
317611,MIRANDANOS S.A.,A0122,"A0122.09 - OTROS CULTIVOS DE FRUTAS TROPICALES Y SUBTROPICALES: PAPAYAS, BABACOS, CHAMBUROS, AGUACATES, HIGOS, ARAZÁ, GUAYABAS, GUANÁBANA, GUABA, CHIRIMOYA, NARANJILLAS, ZAPOTES, BOROJÓ, TAMARINDO, GRANADILLAS, DÁTILES, ETCÉTERA.",cultivo_fruticola,TRUE,CARCHI,3,921648.56,-125391.03,1047039.5900000001,170696.66,4422.55,3449.59,2024
142503,BURTONI S.A.,G4620,G4620.19 - VENTA AL POR MAYOR DE OTRAS MATERIAS PRIMAS AGROPECUARIAS.,comercio_mayorista,FALSE,GUAYAS,6,918948.28,227708.62,691239.66,4322411.97,79330.25,59497.69,2024
735626,PACIFIC ORIGINS PACORI S.A.S.,G4630,"G4630.12 - VENTA AL POR MAYOR DE FRUTAS, LEGUMBRES Y HORTALIZAS.",comercio_mayorista,FALSE,GUAYAS,8,918890.09,280080.69,638809.3999999999,2117704.19,-4653.01,-28593.83,2024
318036,PITAREM S.A.,G4630,"G4630.12 - VENTA AL POR MAYOR DE FRUTAS, LEGUMBRES Y HORTALIZAS.",comercio_mayorista,FALSE,MANABI,3,916416.08,150013.34,766402.74,46935,8022.05,6016.54,2024
157479,AGROCOMERCIAL GLOCLAFACE CIA. LTDA.,G4630,G4630.31 - VENTA AL POR MAYOR DE CARNE Y PRODUCTOS CÁRNICOS (INCLUIDAS LAS AVES DE CORRAL).,comercio_mayorista,FALSE,PICHINCHA,4,916107.65,352343.13,563764.52,8135915.9,200153.66,150115.25,2024
164336,COMERCIALIZADORA Y EXPORTADORA DE MARISCOS AUREA CEMAUREA S.A.,G4630,"G4630.33 - VENTA AL POR MAYOR DE PESCADO, CRUSTÁCEOS, MOLUSCOS Y PRODUCTOS DE LA PESCA.",comercio_mayorista,FALSE,GUAYAS,18,915671.93,146550.36,769121.5700000001,2946352.22,20910.47,3257.28,2024
148931,BANAVAN S.A.,G4630,G4630.11 - VENTA AL POR MAYOR DE BANANO Y PLÁTANO.,comercio_mayorista,FALSE,LOS RIOS,4,911862.62,79192.84,832669.78,1730233.48,59156.27,59156.27,2024
163497,AUQUINORTE CIA. LTDA.,G4620,G4620.15 - VENTA AL POR MAYOR DE FLORES Y PLANTAS.,comercio_mayorista,FALSE,IMBABURA,4,910883.01,657516.12,253366.89,185960.27,13926.76,10012.9,2024
109765,MADELI S.A.,G4630,G4630.31 - VENTA AL POR MAYOR DE CARNE Y PRODUCTOS CÁRNICOS (INCLUIDAS LAS AVES DE CORRAL).,comercio_mayorista,FALSE,SANTO DOMINGO DE LOS TSACHILAS,37,906561.67,41550.05,865011.62,12748047.48,39894.09,22645.43,2024
312198,BANANAS ORGANICAS CHEVEZ BANORCH CIA.LTDA.,A0122,A0122.01 - CULTIVO DE BANANOS Y PLÁTANOS.,cultivo_fruticola,FALSE,LOS RIOS,2,904778.89,-35585.56,940364.45,52618.34,-104669.25,-105254.92,2024
89605,CENACOP S.A,G4630,G4630.31 - VENTA AL POR MAYOR DE CARNE Y PRODUCTOS CÁRNICOS (INCLUIDAS LAS AVES DE CORRAL).,comercio_mayorista,FALSE,COTOPAXI,42,904469.78,130298.68,774171.1000000001,8217170.59,0,-16113.43,2024
345593,DISBAN S.A.,G4620,G4620.11 - VENTA AL POR MAYOR DE CEREALES (GRANOS) Y SEMILLAS.,comercio_mayorista,FALSE,LOS RIOS,8,903122.83,5000.74,898122.09,1454001.99,5579.1,4184.33,2024
342396,MARKETER SHRIMP MARKIMP S.A.,G4630,G4630.32 - VENTA AL POR MAYOR DE CAMARÓN Y LANGOSTINOS.,comercio_mayorista,FALSE,GUAYAS,6,893902.43,41051.18,852851.25,993307.57,0,7064.27,2024
163582,ALIMENTOS TAWA S.A.,C1030,"C1030.17 - FABRICACIÓN DE ALIMENTOS PERECIBLES A BASE DE FRUTAS, LEGUMBRES Y HORTALIZAS COMO: ENSALADAS EMPAQUETADAS, HORTALIZAS PELADAS Y CORTADAS, TOFU (CUAJADA DE SOYA).",procesamiento,FALSE,PICHINCHA,10,886780.18,64842.84,821937.3400000001,842900.96,17014.14,14668.1,2024
737715,IMPORTADORA EVVA FRUITS S.A.S.,G4630,"G4630.12 - VENTA AL POR MAYOR DE FRUTAS, LEGUMBRES Y HORTALIZAS.",comercio_mayorista,FALSE,GUAYAS,10,886394.61,-63057.32,949451.9299999999,3054616,-113748.89,-113748.89,2024
708115,NIMCOFFEE S.A.,G4630,"G4630.14 - VENTA AL POR MAYOR DE CAFÉ, CACAO, TE Y ESPECIAS.",comercio_mayorista,FALSE,GUAYAS,3,885397.65,192899.75,692497.9,3478.26,536.28,334.76,2024
722336,LUKCA S.A.,A0127,A0127.02 - CULTIVO DE CACAO.,cultivo_fruticola,FALSE,GUAYAS,2,885397.55,64594.61,820802.9400000001,301338.97,15144.96,12723.63,2024
114106,NEWTRADE S.A.,G4630,G4630.91 - VENTA AL POR MAYOR DE ARROZ.,comercio_mayorista,FALSE,GUAYAS,4,884771.72,379922.03,504849.68999999994,5014.01,2912.43,2184.4,2024
720556,CANDYMELOWS CANDYSA S.A.,C1073,"C1073.21 - ELABORACIÓN DE PRODUCTOS DE CONFITERÍA: CARAMELOS, TURRÓN, GRAGEAS Y PASTILLAS DE CONFITERÍA, GOMA DE MASCAR (CHICLES), CONFITES BLANDOS, CONFITERÍA A BASE DE CHOCOLATE Y CHOCOLATE BLANCO, ETCÉTERA.",procesamiento,FALSE,PICHINCHA,12,883050.03,510368.58,372681.45,638934.77,9893.01,7598.76,2024
737758,AGRICOLA SANRAMON S.A.S.,A0127,A0127.01 - CULTIVO DE CAFÉ.,cultivo_fruticola,FALSE,MANABI,4,880011.32,880011.32,0,611261.47,0,0,2024
148091,COMPLATZAM S.A.S.,A0122,A0122.01 - CULTIVO DE BANANOS Y PLÁTANOS.,cultivo_fruticola,FALSE,MANABI,8,879575.52,341893.73,537681.79,743052,42794.37,27037.48,2024
718143,KACAOACOSTA CIA.LTDA.,A0127,A0127.02 - CULTIVO DE CACAO.,cultivo_fruticola,FALSE,GUAYAS,4,877356.03,163041.03,714315,12975788.19,39433.19,21949.89,2024
308067,AGROFORTALEZA S.A.,G4620,G4620.19 - VENTA AL POR MAYOR DE OTRAS MATERIAS PRIMAS AGROPECUARIAS.,comercio_mayorista,FALSE,GUAYAS,16,876839.26,374792.77,502046.49,1275472.31,0,64039.44,2024
725244,FRIENDLY ORGANIC FOODS FFS S.A.,G4630,"G4630.12 - VENTA AL POR MAYOR DE FRUTAS, LEGUMBRES Y HORTALIZAS.",comercio_mayorista,FALSE,GUAYAS,10,876411.71,308602.83,567808.8799999999,18622140.87,110350.71,90812.65,2024
344134,PARÍS COCOA S.A.S.,C1030,"C1030.14 - FABRICACIÓN DE PRODUCTOS ALIMENTICIOS A PARTIR DE (UN SOLO COMPONENTE) FRUTAS, LEGUMBRES Y HORTALIZAS; INCLUSO SNACKS DE PLÁTANO (CHIFLES), YUCA, FRUTAS, ETCÉTERA, EXCEPTO PAPA.",procesamiento,FALSE,GUAYAS,4,869884.45,73635.64,796248.8099999999,3339756.47,88162.65,69948.77,2024
119582,HACIENDA LA GORDITA HALAGOR S.A.,A0122,A0122.01 - CULTIVO DE BANANOS Y PLÁTANOS.,cultivo_fruticola,FALSE,LOS RIOS,30,867380.35,310236.24,557144.11,752558.22,17051.21,9571.39,2024
63780,CAMEONCE S. A.,A0122,A0122.01 - CULTIVO DE BANANOS Y PLÁTANOS.,cultivo_fruticola,FALSE,GUAYAS,41,865373.28,492875.07,372498.21,1503952.39,63732,46835.88,2024
725898,BONCAO S.A.,A0127,A0127.02 - CULTIVO DE CACAO.,cultivo_fruticola,FALSE,LOS RIOS,5,864931.73,161061.5,703870.23,8758323.19,165087.77,55845.72,2024
320414,MIKACAO S.A.,A0127,A0127.02 - CULTIVO DE CACAO.,cultivo_fruticola,FALSE,GUAYAS,5,859603.5,333258.09,526345.4099999999,24473998.79,0,245716.72,2024
177120,PRODUCTORA DE ALIMENTOS CHANDUY CIA.LTDA. PROACHAY,C1030,"C1030.14 - FABRICACIÓN DE PRODUCTOS ALIMENTICIOS A PARTIR DE (UN SOLO COMPONENTE) FRUTAS, LEGUMBRES Y HORTALIZAS; INCLUSO SNACKS DE PLÁTANO (CHIFLES), YUCA, FRUTAS, ETCÉTERA, EXCEPTO PAPA.",procesamiento,FALSE,SANTA ELENA,4,859108.86,53949.57,805159.29,204144.98,410.62,122.11,2024
310104,INDUSTRIAS EXPORTADORAS ''LA MANÁ'' INEXLAM C.A.,G4630,"G4630.12 - VENTA AL POR MAYOR DE FRUTAS, LEGUMBRES Y HORTALIZAS.",comercio_mayorista,FALSE,PICHINCHA,7,856864.43,223397.84,633466.5900000001,2607320.19,59338.73,41964.23,2024
313784,U&C FRUITS S.A.,G4630,"G4630.12 - VENTA AL POR MAYOR DE FRUTAS, LEGUMBRES Y HORTALIZAS.",comercio_mayorista,FALSE,GUAYAS,2,856677.67,292819.79,563857.8800000001,119956.74,0,1809.58,2024
317836,SERVICIOS AGROPECUARIOS INTEGRALES SERAGRIN CIA.LTDA.,A0126,A0126.01 - CULTIVO DE PALMAS DE ACEITE (PALMA AFRICANA).,cultivo_fruticola,FALSE,SANTO DOMINGO DE LOS TSACHILAS,7,855901.11,68496.34,787404.77,1711130.43,47480.48,35493.57,2024
60853,COMERCIALIZADORA FREIRE LESCANO E HIJOS S.A.,G4630,G4630.99 - VENTA AL POR MAYOR DE OTROS PRODUCTOS COMESTIBLES (ENLATADOS Y CONSERVAS).,comercio_mayorista,FALSE,SUCUMBIOS,32,854527.47,40265.5,814261.97,3202421.94,0,1086.17,2024
178676,TERRASEMILLAS S.A.,G4620,"G4620.14 - VENTA AL POR MAYOR DE DESECHOS, RESIDUOS Y PRODUCTOS DERIVADOS USADOS PARA ALIMENTAR ANIMALES (FORRAJE), INCLUYE MATERIAS PRIMAS AGRARIAS.",comercio_mayorista,FALSE,PICHINCHA,8,852499.55,332224.09,520275.46,1530854.07,0,66680.58,2024
324656,TERRAFERT S.A.S.,A0122,A0122.01 - CULTIVO DE BANANOS Y PLÁTANOS.,cultivo_fruticola,FALSE,GUAYAS,3,850942.66,383455.39,467487.27,1793692.83,164332.75,146591.71,2024
140307,DISTRIBUIDORA ROLDAN PINOARGOTE S.A DISROLPINSA,G4630,G4630.23 - VENTA AL POR MAYOR DE ACEITES Y GRASAS COMESTIBLES DE ORIGEN ANIMAL O VEGETAL.,comercio_mayorista,FALSE,GUAYAS,16,847486.01,36530.78,810955.23,2755857.95,483.79,362.85,2024
726064,TROPICAL FRUITS TROPFRUIT S.A.,A0122,"A0122.09 - OTROS CULTIVOS DE FRUTAS TROPICALES Y SUBTROPICALES: PAPAYAS, BABACOS, CHAMBUROS, AGUACATES, HIGOS, ARAZÁ, GUAYABAS, GUANÁBANA, GUABA, CHIRIMOYA, NARANJILLAS, ZAPOTES, BOROJÓ, TAMARINDO, GRANADILLAS, DÁTILES, ETCÉTERA.",cultivo_fruticola,TRUE,SANTA ELENA,2,847002.38,108746.92,738255.46,121.52,-10243.11,-10243.11,2024
89555,SYLVERMIEL S.A,C1073,"C1073.21 - ELABORACIÓN DE PRODUCTOS DE CONFITERÍA: CARAMELOS, TURRÓN, GRAGEAS Y PASTILLAS DE CONFITERÍA, GOMA DE MASCAR (CHICLES), CONFITES BLANDOS, CONFITERÍA A BASE DE CHOCOLATE Y CHOCOLATE BLANCO, ETCÉTERA.",procesamiento,FALSE,PICHINCHA,18,843934.15,608699.16,235234.99,1304229.27,172221.97,127028.77,2024
64032,MORA MARICH CIA. LTDA.,G4630,G4630.11 - VENTA AL POR MAYOR DE BANANO Y PLÁTANO.,comercio_mayorista,FALSE,EL ORO,46,843762.44,647960.62,195801.81999999995,1171178.15,122294.16,110380.71,2024
119147,CASSIAN S.A.,G4630,G4630.91 - VENTA AL POR MAYOR DE ARROZ.,comercio_mayorista,FALSE,GUAYAS,5,842617.25,252039.44,590577.81,821093.14,-27729.62,-27969.93,2024
201416,COMERCIALIZADORA INJORI CIA. LTDA.,G4620,G4620.11 - VENTA AL POR MAYOR DE CEREALES (GRANOS) Y SEMILLAS.,comercio_mayorista,FALSE,LOJA,13,842147.25,289379.96,552767.29,1879352.34,60299.72,34665.86,2024
136704,MANGIATA S.A.,A0122,A0122.01 - CULTIVO DE BANANOS Y PLÁTANOS.,cultivo_fruticola,FALSE,GUAYAS,37,837891.51,183183.09,654708.42,377588.7,0,152.69,2024
734927,INDUCAFEXPORTO S.A.S.,G4630,"G4630.14 - VENTA AL POR MAYOR DE CAFÉ, CACAO, TE Y ESPECIAS.",comercio_mayorista,FALSE,AZUAY,15,836463.41,193476.29,642987.12,1201314.19,21481.21,15796.08,2024
148784,MUNDO MARINO MUDMARI S.A.,G4630,"G4630.33 - VENTA AL POR MAYOR DE PESCADO, CRUSTÁCEOS, MOLUSCOS Y PRODUCTOS DE LA PESCA.",comercio_mayorista,FALSE,SANTA ELENA,4,836068.93,213984.45,622084.48,32954.55,-25431.26,-25431.26,2024
751383,KALUBANANA S.A.,G4630,G4630.11 - VENTA AL POR MAYOR DE BANANO Y PLÁTANO.,comercio_mayorista,FALSE,GUAYAS,1,833754.58,436573.78,397180.79999999993,321143.05,0,49935.05,2024
107439,COMPAÑIA AGRICOLA MARGARA (COMARGARA) S.A.,A0122,A0122.01 - CULTIVO DE BANANOS Y PLÁTANOS.,cultivo_fruticola,FALSE,GUAYAS,27,826108.44,101355.42,724753.0199999999,864588.36,26162.47,16656.3,2024
321440,DISMAG DISTRIBUIDORA CIA.LTDA.,G4630,G4630.31 - VENTA AL POR MAYOR DE CARNE Y PRODUCTOS CÁRNICOS (INCLUIDAS LAS AVES DE CORRAL).,comercio_mayorista,FALSE,IMBABURA,41,825728.41,55974.17,769754.24,7869411.35,0,1200.43,2024
710438,AOG FOODS S.A.,C1073,C1073.12 - ELABORACIÓN DE CHOCOLATE Y PRODUCTOS DE CHOCOLATE.,procesamiento,FALSE,PICHINCHA,1,824288.77,105898.45,718390.3200000001,619560.88,-327451.53,-333524.61,2024
306590,DISTRIBUIDORA SUÁREZ & MUÑOZ MULMARK S.A.,G4630,"G4630.95 - VENTA AL POR MAYOR DE BEBIDAS ALCOHÓLICAS, INCLUSO EL ENVASADO DE VINO A GRANEL SIN TRANSFORMACIÓN.",comercio_mayorista,FALSE,PICHINCHA,2,823596.51,271895.52,551700.99,1666735.18,18298.38,18298.38,2024
740556,JELIQUIR S.A.S.,A0125,"A0125.09 - OTROS CULTIVOS DE FRUTOS DE ÁRBOLES Y ARBUSTOS: PITAHAYA, TUNA, ALGARROBA, TAXOS, ETCÉTERA.",cultivo_fruticola,TRUE,MANABI,2,823278.14,-127975.38,951253.52,66606.04,-30664.21,-30664.21,2024
701235,FERTICULTIVA S.A.,G4620,G4620.11 - VENTA AL POR MAYOR DE CEREALES (GRANOS) Y SEMILLAS.,comercio_mayorista,FALSE,SANTO DOMINGO DE LOS TSACHILAS,3,822068,394559,427509,1531,0,-42922,2024
349857,AGROMUNDOIF S.A.S.,G4620,G4620.11 - VENTA AL POR MAYOR DE CEREALES (GRANOS) Y SEMILLAS.,comercio_mayorista,FALSE,PICHINCHA,4,821244.62,53156.76,768087.86,1634181.2,20175.71,8841.04,2024
745040,EXPORTADORA DE FRUTAS TROPICALES DEL SUR EXPORSUR S.A.,A0122,A0122.01 - CULTIVO DE BANANOS Y PLÁTANOS.,cultivo_fruticola,FALSE,EL ORO,8,814065.9,408373,405692.9,1208725.86,119305.02,104721.32,2024
719748,TOALSI S.A.,G4620,G4620.19 - VENTA AL POR MAYOR DE OTRAS MATERIAS PRIMAS AGROPECUARIAS.,comercio_mayorista,FALSE,GUAYAS,3,810514.74,318492.3,492022.44,1634571.48,0,73330.6,2024
744577,GUSALRI FRUITS CIA.LTDA.,A0125,"A0125.09 - OTROS CULTIVOS DE FRUTOS DE ÁRBOLES Y ARBUSTOS: PITAHAYA, TUNA, ALGARROBA, TAXOS, ETCÉTERA.",cultivo_fruticola,TRUE,MANABI,2,809345.98,800534.93,8811.04999999993,314995.56,178310.45,175300.51,2024
31434,FRAGANLICOR CIA. LTDA.,G4630,"G4630.95 - VENTA AL POR MAYOR DE BEBIDAS ALCOHÓLICAS, INCLUSO EL ENVASADO DE VINO A GRANEL SIN TRANSFORMACIÓN.",comercio_mayorista,FALSE,AZUAY,2,808886.77,774176.38,34710.390000000014,1396327.96,0,1284.53,2024
38372,PREDIOS Y CULTIVOS RURALES PREDICUR S.A.,A0122,A0122.01 - CULTIVO DE BANANOS Y PLÁTANOS.,cultivo_fruticola,FALSE,GUAYAS,26,804866.96,362522.71,442344.24999999994,2740825.94,168825.81,124742.74,2024
45684,LATINOAMERICANA DE JUGOS SA LAJUGOSA,C1030,"C1030.15 - ELABORACIÓN DE JUGOS (ZUMOS), NÉCTARES, CONCENTRADOS DE FRUTA FRESCA Y HORTALIZAS.",procesamiento,FALSE,PICHINCHA,24,803065.88,99727.35,703338.53,1028994.18,4590.03,3442.52,2024
81401,SEGRATI S.A.,G4630,"G4630.12 - VENTA AL POR MAYOR DE FRUTAS, LEGUMBRES Y HORTALIZAS.",comercio_mayorista,FALSE,GUAYAS,5,802599.35,156396.59,646202.76,3506327.03,41735.86,26374.87,2024
110455,BANANERA MOISTEFAMY S.A.,G4630,G4630.11 - VENTA AL POR MAYOR DE BANANO Y PLÁTANO.,comercio_mayorista,FALSE,GUAYAS,39,801625.5,156337.64,645287.86,1199812.89,7080.53,7080.53,2024
734834,PESANTEZCACAO S.A.,A0127,A0127.02 - CULTIVO DE CACAO.,cultivo_fruticola,FALSE,GUAYAS,2,801449.21,10232.35,791216.86,3704648.33,2549.13,1911.85,2024
100103,BELCET S.A.,G4630,"G4630.14 - VENTA AL POR MAYOR DE CAFÉ, CACAO, TE Y ESPECIAS.",comercio_mayorista,FALSE,MANABI,11,800502.58,409396.27,391106.30999999994,2796167.94,38261.28,25826.36,2024
310140,CORPORACIÓN C&RAGROEXPORT S.A.S.,G4630,"G4630.12 - VENTA AL POR MAYOR DE FRUTAS, LEGUMBRES Y HORTALIZAS.",comercio_mayorista,FALSE,MANABI,2,799191.08,332456.53,466734.54999999993,8155548.91,170717.71,133159.81,2024
10999,FABRICA BIOS CIA LTDA,C1073,C1073.12 - ELABORACIÓN DE CHOCOLATE Y PRODUCTOS DE CHOCOLATE.,procesamiento,FALSE,PICHINCHA,44,792519.95,173020.53,619499.4199999999,1960804.89,21354.48,21354.48,2024
300551,AGRÍCOLA TIERRA DEL CACAO GRANCACAO CIA.LTDA.,A0122,"A0122.09 - OTROS CULTIVOS DE FRUTAS TROPICALES Y SUBTROPICALES: PAPAYAS, BABACOS, CHAMBUROS, AGUACATES, HIGOS, ARAZÁ, GUAYABAS, GUANÁBANA, GUABA, CHIRIMOYA, NARANJILLAS, ZAPOTES, BOROJÓ, TAMARINDO, GRANADILLAS, DÁTILES, ETCÉTERA.",cultivo_fruticola,TRUE,GUAYAS,1,791364.85,398402.6,392962.25,969,469,351.75,2024
715686,COMERCIALIZADORA DE PRODUCTOS Y SERVICIOS PARA LA FLORICULTURA YURAKUNA TIKAY YURAKAY S.A.,G4620,G4620.19 - VENTA AL POR MAYOR DE OTRAS MATERIAS PRIMAS AGROPECUARIAS.,comercio_mayorista,FALSE,PICHINCHA,9,788027.99,174224.9,613803.09,1483496.72,78433.82,66397.41,2024
715575,EXPOTERRAMARIA S.A.,G4630,G4630.11 - VENTA AL POR MAYOR DE BANANO Y PLÁTANO.,comercio_mayorista,FALSE,EL ORO,11,786914.9,5333.9,781581,115688.4,3610.08,2981.63,2024
719978,BETAGROSA S.A.,G4630,"G4630.12 - VENTA AL POR MAYOR DE FRUTAS, LEGUMBRES Y HORTALIZAS.",comercio_mayorista,FALSE,GUAYAS,2,785955.59,785197.15,758.4399999999441,26974.84,262.48,132.73,2024
36795,AGRHOSPASE CIA. LTDA.,G4630,G4630.11 - VENTA AL POR MAYOR DE BANANO Y PLÁTANO.,comercio_mayorista,FALSE,EL ORO,39,775500.52,623107.2,152393.32000000007,1362581.99,238210.63,223849.72,2024
701028,DELIKUNTU LA DELICIA CIA.LTDA.,A0127,A0127.02 - CULTIVO DE CACAO.,cultivo_fruticola,FALSE,MORONA SANTIAGO,5,774964.85,263844.28,511120.56999999995,82994.09,2648.32,1912.1,2024
114441,FOLIC S.A.,A0122,A0122.01 - CULTIVO DE BANANOS Y PLÁTANOS.,cultivo_fruticola,FALSE,GUAYAS,59,774060.54,651903.35,122157.19000000006,1197937.32,100501.03,87885.25,2024
330299,BELLAVISTA BONC S.A.S.,A0125,"A0125.09 - OTROS CULTIVOS DE FRUTOS DE ÁRBOLES Y ARBUSTOS: PITAHAYA, TUNA, ALGARROBA, TAXOS, ETCÉTERA.",cultivo_fruticola,TRUE,MANABI,15,773798.65,153486.72,620311.93,1522373.75,12892.43,10429.71,2024
91236,COMERCIAL AGRICOLA SAN JOSE CASAJ CIA. LTDA.,A0126,A0126.01 - CULTIVO DE PALMAS DE ACEITE (PALMA AFRICANA).,cultivo_fruticola,FALSE,PICHINCHA,4,771564.85,364877.14,406687.70999999996,199564.39,5402.42,3498.39,2024
61174,STOPPINO S.A.,A0122,A0122.01 - CULTIVO DE BANANOS Y PLÁTANOS.,cultivo_fruticola,FALSE,GUAYAS,5,770702.41,275113.2,495589.21,324782.09,210870.05,0,2024
34638,EXOCEP S.A.,A0122,A0122.01 - CULTIVO DE BANANOS Y PLÁTANOS.,cultivo_fruticola,FALSE,MANABI,65,770452.56,404224.21,366228.35000000003,1720870.07,-9674.47,-9674.47,2024
729719,CARNEVOROS S.A.S.,G4630,G4630.31 - VENTA AL POR MAYOR DE CARNE Y PRODUCTOS CÁRNICOS (INCLUIDAS LAS AVES DE CORRAL).,comercio_mayorista,FALSE,PICHINCHA,16,767867.54,6651.62,761215.92,2071886.63,-35578.95,-30971.66,2024
30408,FRUTAS VEGETALES CARNES C LTDA FRUVECA,C1030,"C1030.11 - ELABORACIÓN DE ALIMENTOS COMPUESTOS (MEZCLA) PRINCIPALMENTE DE FRUTAS LEGUMBRES U HORTALIZAS, EXCEPTO PLATOS PREPARADOS EN FORMA CONGELADA O ENLATADA LISTOS PARA CONSUMIR.",procesamiento,FALSE,AZUAY,8,767162.72,689281.08,77881.64000000001,170145.1,0,16005.19,2024
325127,LUKFRUIT S.A.,G4620,G4620.12 - VENTA AL POR MAYOR DE FRUTOS Y SEMILLAS OLEAGINOSAS.,comercio_mayorista,FALSE,GUAYAS,8,766014.78,2596.42,763418.36,25255.9,-43019,-43019,2024
128374,PREDIAL AGRICOLA RIO VINCES S.A. RIVINSA,G4630,"G4630.12 - VENTA AL POR MAYOR DE FRUTAS, LEGUMBRES Y HORTALIZAS.",comercio_mayorista,FALSE,GUAYAS,2,764223.91,6594.46,757629.4500000001,60000,0,9584.59,2024
741250,BLUEAGRO S.A.S.,A0122,"A0122.09 - OTROS CULTIVOS DE FRUTAS TROPICALES Y SUBTROPICALES: PAPAYAS, BABACOS, CHAMBUROS, AGUACATES, HIGOS, ARAZÁ, GUAYABAS, GUANÁBANA, GUABA, CHIRIMOYA, NARANJILLAS, ZAPOTES, BOROJÓ, TAMARINDO, GRANADILLAS, DÁTILES, ETCÉTERA.",cultivo_fruticola,TRUE,PICHINCHA,20,761808.01,-1282.94,763090.95,422492.17,0,8239.55,2024
178853,PESCANDES PROCESADORA DE ALIMENTOS S.A.S.,G4630,"G4630.33 - VENTA AL POR MAYOR DE PESCADO, CRUSTÁCEOS, MOLUSCOS Y PRODUCTOS DE LA PESCA.",comercio_mayorista,FALSE,PICHINCHA,16,758882.59,126815.55,632067.0399999999,2080611.55,0,9579.07,2024
164667,LANGOSTECA S.A.,G4630,G4630.32 - VENTA AL POR MAYOR DE CAMARÓN Y LANGOSTINOS.,comercio_mayorista,FALSE,EL ORO,3,756002.4,648560.73,107441.67000000004,139334.75,1189.19,927.5,2024
723200,CAMARON POMADA ECUADOR CAMPPER S.A.,G4630,"G4630.33 - VENTA AL POR MAYOR DE PESCADO, CRUSTÁCEOS, MOLUSCOS Y PRODUCTOS DE LA PESCA.",comercio_mayorista,FALSE,GUAYAS,2,754969.33,48980.43,705988.8999999999,79417.07,-20044.54,-20044.54,2024
81905,TONAROLI S.A.,A0122,A0122.01 - CULTIVO DE BANANOS Y PLÁTANOS.,cultivo_fruticola,FALSE,GUAYAS,10,754229.12,601749.07,152480.05000000005,1276619.36,99588.03,43410.92,2024
344866,MIRANDAFLOWERS S.A.S.,G4620,G4620.15 - VENTA AL POR MAYOR DE FLORES Y PLANTAS.,comercio_mayorista,FALSE,PICHINCHA,49,752397.29,-286635.79,1039033.0800000001,1164355.66,-163593.03,-155672.58,2024
360662,INDUSTRIAS FERROMO S.A.S.,C1073,"C1073.21 - ELABORACIÓN DE PRODUCTOS DE CONFITERÍA: CARAMELOS, TURRÓN, GRAGEAS Y PASTILLAS DE CONFITERÍA, GOMA DE MASCAR (CHICLES), CONFITES BLANDOS, CONFITERÍA A BASE DE CHOCOLATE Y CHOCOLATE BLANCO, ETCÉTERA.",procesamiento,FALSE,PICHINCHA,5,751674.92,463605.92,288069.00000000006,426423.17,18636.47,18636.47,2024
357208,NALUEC S.A.S.,C1030,"C1030.12 - CONSERVACIÓN DE FRUTAS, PULPA DE FRUTAS, LEGUMBRES Y HORTALIZAS MEDIANTE EL CONGELADO, SECADO, DESHIDRATADO, INMERSIÓN EN ACEITE O VINAGRE, ENLATADO, ETCÉTERA.",procesamiento,FALSE,TUNGURAHUA,2,750113.78,131724.36,618389.42,1228790.62,111724.36,111724.36,2024
176869,ECAED S.A.,G4630,G4630.11 - VENTA AL POR MAYOR DE BANANO Y PLÁTANO.,comercio_mayorista,FALSE,EL ORO,4,748922.7,58013.77,690908.9299999999,316827.12,31316.54,27982.33,2024
31571,BURCASA CIA. LTDA.,G4630,G4630.32 - VENTA AL POR MAYOR DE CAMARÓN Y LANGOSTINOS.,comercio_mayorista,FALSE,GUAYAS,6,746820.7,127393.09,619427.61,482456.82,7976.2,1037.31,2024
755249,CREBALSA S.A.S.,G4620,G4620.19 - VENTA AL POR MAYOR DE OTRAS MATERIAS PRIMAS AGROPECUARIAS.,comercio_mayorista,FALSE,GUAYAS,2,745719.6,48975.31,696744.29,1880188.45,62649.08,46975.31,2024
712524,PRODUCTORA Y EXPORTADORA TIKABAMBA S.A.,G4620,G4620.15 - VENTA AL POR MAYOR DE FLORES Y PLANTAS.,comercio_mayorista,FALSE,PICHINCHA,61,743200.13,24546.07,718654.06,1375820.35,3791.12,-3648.85,2024
717676,ALL FIELDS ECUADOR S.A.,C1030,"C1030.14 - FABRICACIÓN DE PRODUCTOS ALIMENTICIOS A PARTIR DE (UN SOLO COMPONENTE) FRUTAS, LEGUMBRES Y HORTALIZAS; INCLUSO SNACKS DE PLÁTANO (CHIFLES), YUCA, FRUTAS, ETCÉTERA, EXCEPTO PAPA.",procesamiento,FALSE,GUAYAS,7,735367.65,150952.08,584415.5700000001,182317.45,0,-173937.66,2024
92764,PALMAVALL CIA. LTDA.,A0126,A0126.01 - CULTIVO DE PALMAS DE ACEITE (PALMA AFRICANA).,cultivo_fruticola,FALSE,ESMERALDAS,19,732537.91,267198.1,465339.81000000006,325483.2,-6500.89,-5173.76,2024
721913,HARVESTLIFE CIA.LTDA.,A0122,"A0122.09 - OTROS CULTIVOS DE FRUTAS TROPICALES Y SUBTROPICALES: PAPAYAS, BABACOS, CHAMBUROS, AGUACATES, HIGOS, ARAZÁ, GUAYABAS, GUANÁBANA, GUABA, CHIRIMOYA, NARANJILLAS, ZAPOTES, BOROJÓ, TAMARINDO, GRANADILLAS, DÁTILES, ETCÉTERA.",cultivo_fruticola,TRUE,SANTA ELENA,2,730023.02,243298.31,486724.71,27683.15,-65638.77,-65638.77,2024
329478,MARAMEL S.A.,G4630,G4630.11 - VENTA AL POR MAYOR DE BANANO Y PLÁTANO.,comercio_mayorista,FALSE,GUAYAS,5,728879.71,64298.57,664581.14,2285086.16,20915.53,59629.12,2024
123088,TURISABEL S.A.,A0122,"A0122.09 - OTROS CULTIVOS DE FRUTAS TROPICALES Y SUBTROPICALES: PAPAYAS, BABACOS, CHAMBUROS, AGUACATES, HIGOS, ARAZÁ, GUAYABAS, GUANÁBANA, GUABA, CHIRIMOYA, NARANJILLAS, ZAPOTES, BOROJÓ, TAMARINDO, GRANADILLAS, DÁTILES, ETCÉTERA.",cultivo_fruticola,TRUE,GALAPAGOS,1,726591.71,9016.8,717574.9099999999,1000,5.97,-175.52,2024
71953,REALVEG S.A.,C1030,"C1030.12 - CONSERVACIÓN DE FRUTAS, PULPA DE FRUTAS, LEGUMBRES Y HORTALIZAS MEDIANTE EL CONGELADO, SECADO, DESHIDRATADO, INMERSIÓN EN ACEITE O VINAGRE, ENLATADO, ETCÉTERA.",procesamiento,FALSE,GUAYAS,9,725779.6,-452249.12,1178028.72,173209.2,-305255.68,-302199.86,2024
733549,GUANAVIDA S.A.,C1030,"C1030.12 - CONSERVACIÓN DE FRUTAS, PULPA DE FRUTAS, LEGUMBRES Y HORTALIZAS MEDIANTE EL CONGELADO, SECADO, DESHIDRATADO, INMERSIÓN EN ACEITE O VINAGRE, ENLATADO, ETCÉTERA.",procesamiento,FALSE,SANTA ELENA,11,725370.35,138758.13,586612.22,590958.47,0,-136535.16,2024
100235,DRINZO S.A.,G4630,G4630.97 - VENTA AL POR MAYOR DE ALIMENTO PARA MASCOTAS (ANIMALES DOMÉSTICOS).,comercio_mayorista,FALSE,GUAYAS,4,723372.67,84584.66,638788.01,115468.46,-33157.98,-17264.84,2024
100638,RIO AZUL S.A. BLUERIVER,A0126,A0126.01 - CULTIVO DE PALMAS DE ACEITE (PALMA AFRICANA).,cultivo_fruticola,FALSE,SANTO DOMINGO DE LOS TSACHILAS,6,720139.57,341957.73,378181.83999999997,278072.53,0,19217.47,2024
752591,LYRANDA S.A.S.,G4630,"G4630.21 - VENTA AL POR MAYOR DE PRODUCTOS LÁCTEOS, INCLUIDO HELADOS, BOLOS, ETCÉTERA.",comercio_mayorista,FALSE,PICHINCHA,13,719904.96,61157.37,658747.59,795811.63,79468.97,67886.49,2024
306836,AGRICOLA FRANANT DEPASAGRI DEPASAGRI S.A.,A0127,A0127.02 - CULTIVO DE CACAO.,cultivo_fruticola,FALSE,GUAYAS,7,718049.33,685177.85,32871.47999999998,513794.17,85435.87,79736.2,2024
369845,THEOCALO S.A.S.,G4630,"G4630.14 - VENTA AL POR MAYOR DE CAFÉ, CACAO, TE Y ESPECIAS.",comercio_mayorista,FALSE,EL ORO,4,715504.9,85074.45,630430.4500000001,1377848.43,108186.79,84074.45,2024
124101,M.J.D. SEAFOOD S.A.,G4630,"G4630.33 - VENTA AL POR MAYOR DE PESCADO, CRUSTÁCEOS, MOLUSCOS Y PRODUCTOS DE LA PESCA.",comercio_mayorista,FALSE,GUAYAS,4,714398.17,129722.52,584675.65,3001221.95,29934.12,29934.12,2024
754899,ACOLAC GARCIAZ CIA.LTDA.,G4630,"G4630.21 - VENTA AL POR MAYOR DE PRODUCTOS LÁCTEOS, INCLUIDO HELADOS, BOLOS, ETCÉTERA.",comercio_mayorista,FALSE,AZUAY,14,712903.59,83639.88,629263.71,3779224.76,0,11593.9,2024
742765,CHOCOVAL S.A.S.,G4630,"G4630.14 - VENTA AL POR MAYOR DE CAFÉ, CACAO, TE Y ESPECIAS.",comercio_mayorista,FALSE,GUAYAS,4,712895.77,5080.37,707815.4,293129.15,1261.59,984.04,2024
370402,CORAL DEL MAR CORDELMAR S.A.S.,G4630,"G4630.33 - VENTA AL POR MAYOR DE PESCADO, CRUSTÁCEOS, MOLUSCOS Y PRODUCTOS DE LA PESCA.",comercio_mayorista,FALSE,MANABI,3,712592.72,10932.3,701660.4199999999,712192.72,0,10532.3,2024
703840,AGROFORTUNE S.A.,A0122,A0122.01 - CULTIVO DE BANANOS Y PLÁTANOS.,cultivo_fruticola,FALSE,GUAYAS,2,709494.51,549943.1,159551.41000000003,15000,280.38,210.28,2024
747924,EXPOSOUR S.A.S.,G4630,"G4630.12 - VENTA AL POR MAYOR DE FRUTAS, LEGUMBRES Y HORTALIZAS.",comercio_mayorista,FALSE,MANABI,6,705319.34,184096.15,521223.18999999994,2602623.65,164019.38,53708.37,2024
130598,AGRICOLA MENDOZA CARDENAS S.A. AGRICOMECSA,G4630,"G4630.14 - VENTA AL POR MAYOR DE CAFÉ, CACAO, TE Y ESPECIAS.",comercio_mayorista,FALSE,BOLIVAR,8,704859.78,459310.84,245548.94,6813711.85,306990.24,225018.6,2024
183262,MIRABOSQUES CIA.LTDA.,A0122,"A0122.09 - OTROS CULTIVOS DE FRUTAS TROPICALES Y SUBTROPICALES: PAPAYAS, BABACOS, CHAMBUROS, AGUACATES, HIGOS, ARAZÁ, GUAYABAS, GUANÁBANA, GUABA, CHIRIMOYA, NARANJILLAS, ZAPOTES, BOROJÓ, TAMARINDO, GRANADILLAS, DÁTILES, ETCÉTERA.",cultivo_fruticola,TRUE,PICHINCHA,2,701070.81,329664.88,371405.93000000005,109863.73,1117.83,871.91,2024
165348,AGROEMANUEL S.A.,G4620,G4620.12 - VENTA AL POR MAYOR DE FRUTOS Y SEMILLAS OLEAGINOSAS.,comercio_mayorista,FALSE,LOS RIOS,2,700659.85,663663.42,36996.429999999935,342194.95,242154.55,238892.46,2024
98249,COFFEETRADE S.A.,G4630,G4630.11 - VENTA AL POR MAYOR DE BANANO Y PLÁTANO.,comercio_mayorista,FALSE,GUAYAS,4,700170.19,693707.53,6462.659999999916,565320.76,11050,8619,2024
702344,NARANCACAO S.A.,G4630,"G4630.14 - VENTA AL POR MAYOR DE CAFÉ, CACAO, TE Y ESPECIAS.",comercio_mayorista,FALSE,GUAYAS,3,694400.31,153883.27,540517.04,1548817.37,38513.3,28884.97,2024
64277,TRANSCHIV S.A.,G4620,"G4620.14 - VENTA AL POR MAYOR DE DESECHOS, RESIDUOS Y PRODUCTOS DERIVADOS USADOS PARA ALIMENTAR ANIMALES (FORRAJE), INCLUYE MATERIAS PRIMAS AGRARIAS.",comercio_mayorista,FALSE,MANABI,4,694339.18,240216.06,454123.12000000005,1116331.75,30107.61,22580.71,2024
88743,AGRICOLA PAZKAR CIA. LTDA.,A0126,A0126.01 - CULTIVO DE PALMAS DE ACEITE (PALMA AFRICANA).,cultivo_fruticola,FALSE,PICHINCHA,14,694310.93,-8793.89,703104.8200000001,478971.17,0,-5988.34,2024
318334,FRISH ALIMENTOS CIA.LTDA.,G4630,"G4630.33 - VENTA AL POR MAYOR DE PESCADO, CRUSTÁCEOS, MOLUSCOS Y PRODUCTOS DE LA PESCA.",comercio_mayorista,FALSE,TUNGURAHUA,11,692922.52,104304.93,588617.5900000001,1966759.07,0,62091.22,2024
34248,CASA DISTRIBUIDORA ALIATIS S.A. CADIALALIATIS,G4630,"G4630.94 - VENTA AL POR MAYOR DE BEBIDAS NO ALCOHÓLICAS (JUGOS, GASEOSAS, AGUA MINERAL, ETCÉTERA).",comercio_mayorista,FALSE,MANABI,2,690668.08,600000,90668.07999999996,1483349.94,0,0,2024
756906,KCOCOA EXPORT S.A.,A0127,A0127.02 - CULTIVO DE CACAO.,cultivo_fruticola,FALSE,GUAYAS,2,688165.42,96573.4,591592.02,3244015.49,133018.61,95773.4,2024
318363,SWEET-BANANA S.A.,G4630,G4630.11 - VENTA AL POR MAYOR DE BANANO Y PLÁTANO.,comercio_mayorista,FALSE,GUAYAS,4,683071.85,9288.16,673783.69,6340406.23,8488.16,8488.16,2024
718279,EXPOTRADING S.A.,G4630,G4630.11 - VENTA AL POR MAYOR DE BANANO Y PLÁTANO.,comercio_mayorista,FALSE,LOS RIOS,4,679998.22,298815.8,381182.42,2150348.79,41297335,30705.39,2024
170135,FLORES INMORTALIZADAS INMORTFLOR S.A.,G4620,G4620.15 - VENTA AL POR MAYOR DE FLORES Y PLANTAS.,comercio_mayorista,FALSE,PICHINCHA,51,679769.67,174077.7,505691.97000000003,1111845.61,-102060.15,-44114.31,2024
58663,VALDEN VALDENSA S.A.,A0122,A0122.01 - CULTIVO DE BANANOS Y PLÁTANOS.,cultivo_fruticola,FALSE,GUAYAS,4,677834.33,256382.98,421451.35,30600,4035.71,2879.67,2024
308346,ERICKA Y GABRIELA SANCHEZ AGROERIGASAN CIA.LTDA.,A0122,A0122.01 - CULTIVO DE BANANOS Y PLÁTANOS.,cultivo_fruticola,FALSE,GUAYAS,7,676977.72,492500,184477.71999999997,518375.8,0,0,2024
125717,ELBE S.A.,G4630,"G4630.95 - VENTA AL POR MAYOR DE BEBIDAS ALCOHÓLICAS, INCLUSO EL ENVASADO DE VINO A GRANEL SIN TRANSFORMACIÓN.",comercio_mayorista,FALSE,GUAYAS,9,673998.68,104949.46,569049.2200000001,692505.33,449.7,449.7,2024
39838,AGRICOLA HERMANOS CARRION PAZMIÑO C. LTDA.,G4630,"G4630.12 - VENTA AL POR MAYOR DE FRUTAS, LEGUMBRES Y HORTALIZAS.",comercio_mayorista,FALSE,EL ORO,1,671556.17,614173.52,57382.65000000002,812702.07,0,78567.29,2024
173830,SECONRET S.A.,A0122,A0122.01 - CULTIVO DE BANANOS Y PLÁTANOS.,cultivo_fruticola,FALSE,GUAYAS,119,670629.55,214882.31,455747.24000000005,2394075.55,28529.84,23353.89,2024
96059,APRONAM S.A.,G4630,"G4630.21 - VENTA AL POR MAYOR DE PRODUCTOS LÁCTEOS, INCLUIDO HELADOS, BOLOS, ETCÉTERA.",comercio_mayorista,FALSE,MANABI,31,670214.56,-38447.11,708661.67,5235086.24,-261436.95,-207848.15,2024
145893,RODRÍGUEZ OLEAS DISTRIBUCIONES ECUADOR ROLDEG S.A.,G4630,"G4630.33 - VENTA AL POR MAYOR DE PESCADO, CRUSTÁCEOS, MOLUSCOS Y PRODUCTOS DE LA PESCA.",comercio_mayorista,FALSE,MANABI,8,668764.29,224547.82,444216.47000000003,857132.46,42771.75,35714.2,2024
331083,COMERCIAL FELIPITO S.A.S.,G4630,G4630.93 - VENTA AL POR MAYOR DE PRODUCTOS DE PANADERÍA Y REPOSTERÍA.,comercio_mayorista,FALSE,GUAYAS,6,668210.66,77173.19,591037.47,2826950.93,0,41006.58,2024
735893,STARSEA S.A.,G4620,G4620.19 - VENTA AL POR MAYOR DE OTRAS MATERIAS PRIMAS AGROPECUARIAS.,comercio_mayorista,FALSE,GUAYAS,5,667913.41,287472.43,380440.98000000004,423241.81,86819.88,68148.62,2024
334833,FRIGOLO S.A.S.,G4630,"G4630.21 - VENTA AL POR MAYOR DE PRODUCTOS LÁCTEOS, INCLUIDO HELADOS, BOLOS, ETCÉTERA.",comercio_mayorista,FALSE,ESMERALDAS,50,665776.5,50526.83,615249.67,4367809.91,3768.95,-147.82,2024
336566,SUBASTAR-ECUADOR S.A.S.,G4620,G4620.21 - VENTA AL POR MAYOR DE ANIMALES VIVOS.,comercio_mayorista,FALSE,PICHINCHA,3,665034.8,657922.88,7111.920000000042,51745.81,0,-144168.99,2024
127263,GLOBIMEX S.A.,G4620,G4620.21 - VENTA AL POR MAYOR DE ANIMALES VIVOS.,comercio_mayorista,FALSE,GUAYAS,2,663523.88,196751.45,466772.43,800.77,-2946.87,-2946.87,2024
315292,IRENECUADOR S.A.,G4630,G4630.11 - VENTA AL POR MAYOR DE BANANO Y PLÁTANO.,comercio_mayorista,FALSE,EL ORO,9,661727.98,52064.66,609663.32,7919396.05,22258.24,22258.24,2024
728947,EXPOPLATANO S.A.,A0122,A0122.01 - CULTIVO DE BANANOS Y PLÁTANOS.,cultivo_fruticola,FALSE,GUAYAS,2,655945.35,-194.47,656139.82,52527.68,-339.36,-562.36,2024
85260,DISTRIBUCIONES Y REPRESENTACIONES REPYDISA C.A.,G4630,G4630.99 - VENTA AL POR MAYOR DE OTROS PRODUCTOS COMESTIBLES (ENLATADOS Y CONSERVAS).,comercio_mayorista,FALSE,PICHINCHA,2,653778.58,570690.4,83088.17999999993,898506.48,0,-45856.76,2024
309295,COMERCIALIZADORA Y EXPORTADORA PITAYUMI S.A.,A0125,"A0125.09 - OTROS CULTIVOS DE FRUTOS DE ÁRBOLES Y ARBUSTOS: PITAHAYA, TUNA, ALGARROBA, TAXOS, ETCÉTERA.",cultivo_fruticola,TRUE,MORONA SANTIAGO,5,651772.65,71169.89,580602.76,1448657.62,21249.56,12018.32,2024
61881,DISTRIBUIDORA MONTENEGRO MURILLO DIMMIA S.A.,G4630,G4630.31 - VENTA AL POR MAYOR DE CARNE Y PRODUCTOS CÁRNICOS (INCLUIDAS LAS AVES DE CORRAL).,comercio_mayorista,FALSE,CARCHI,33,650652.4,118892.66,531759.74,7534592.98,-39985.84,-39985.84,2024
159573,TEOCOA CHOCOLATERIE CIA. LTDA.,C1073,C1073.12 - ELABORACIÓN DE CHOCOLATE Y PRODUCTOS DE CHOCOLATE.,procesamiento,FALSE,PICHINCHA,2,649955.15,180353.81,469601.34,344521.98,7271.06,5671.43,2024
151400,ALIMENTOS MANABITAS ALMABI S.A.,G4630,G4630.31 - VENTA AL POR MAYOR DE CARNE Y PRODUCTOS CÁRNICOS (INCLUIDAS LAS AVES DE CORRAL).,comercio_mayorista,FALSE,MANABI,39,649935.58,389062.77,260872.80999999994,1055542.15,-43038.33,-43828.23,2024
707999,BAPIÑEX S.A.,A0122,A0122.01 - CULTIVO DE BANANOS Y PLÁTANOS.,cultivo_fruticola,FALSE,GUAYAS,3,646643.01,77320.42,569322.59,5831488.86,40624.42,40624.42,2024
78689,SOCIAL DEAL SOCIALDEAL S.A.,G4630,"G4630.12 - VENTA AL POR MAYOR DE FRUTAS, LEGUMBRES Y HORTALIZAS.",comercio_mayorista,FALSE,GUAYAS,15,646223,128278.77,517944.23,2580680.32,-224799.88,-176145.43,2024
179760,ASEZOVETTY S. A.,G4630,G4630.97 - VENTA AL POR MAYOR DE ALIMENTO PARA MASCOTAS (ANIMALES DOMÉSTICOS).,comercio_mayorista,FALSE,GUAYAS,20,645104.16,20739.51,624364.65,1144745.1,0,-66446.58,2024
703599,COMERCSUR S.A.,G4630,G4630.31 - VENTA AL POR MAYOR DE CARNE Y PRODUCTOS CÁRNICOS (INCLUIDAS LAS AVES DE CORRAL).,comercio_mayorista,FALSE,LOJA,10,640583.06,601611.3,38971.76000000001,173350.67,49593.35,47958.22,2024
717860,COMERCIALIZADORA AGRICOLA ''COMERAGRICSA'' DON ROQUE S.A.,A0122,A0122.01 - CULTIVO DE BANANOS Y PLÁTANOS.,cultivo_fruticola,FALSE,LOS RIOS,5,639360.08,-401665.02,1041025.1,1144348.78,8855.89,6684.87,2024
728135,SEMILLAS & CLONES ASD DEL ECUADOR ECUSEM S.A.,G4620,G4620.12 - VENTA AL POR MAYOR DE FRUTOS Y SEMILLAS OLEAGINOSAS.,comercio_mayorista,FALSE,PICHINCHA,1,639079.73,241532.27,397547.45999999996,921887,21405.37,15817.84,2024
176948,GIOFEMAL S.A.,A0122,A0122.01 - CULTIVO DE BANANOS Y PLÁTANOS.,cultivo_fruticola,FALSE,GUAYAS,43,638173.61,58671.17,579502.44,1270813.7,40943.56,28997.96,2024
737642,ALNATURESA CIA.LTDA.,C1030,C1030.23 - ELABORACIÓN DE PAPAS FRITAS Y SNACKS DE PAPAS.,procesamiento,FALSE,TUNGURAHUA,4,637450,-215524,852974,297200,-88391,-88391,2024
733354,EL CISNE CORP. CISCORP S.A.,G4630,G4630.11 - VENTA AL POR MAYOR DE BANANO Y PLÁTANO.,comercio_mayorista,FALSE,GUAYAS,2,634136.31,634023.81,112.5,21260.77,0,1347.15,2024
144355,GREEN SOUL FLOR ETERNA CIA. LTDA.,G4620,G4620.15 - VENTA AL POR MAYOR DE FLORES Y PLANTAS.,comercio_mayorista,FALSE,PICHINCHA,8,633914.34,82670.53,551243.8099999999,1209169.94,5413.32,5413.32,2024
304958,EXPORTADORA DE BANANO ECUATORIANO DE CALIDAD QUALITYBANANA S.A.,A0122,A0122.01 - CULTIVO DE BANANOS Y PLÁTANOS.,cultivo_fruticola,FALSE,EL ORO,10,632428.48,288370.97,344057.51,13024968.01,228830.54,137125.51,2024
130664,ALDANACORP S.A.,C1030,"C1030.11 - ELABORACIÓN DE ALIMENTOS COMPUESTOS (MEZCLA) PRINCIPALMENTE DE FRUTAS LEGUMBRES U HORTALIZAS, EXCEPTO PLATOS PREPARADOS EN FORMA CONGELADA O ENLATADA LISTOS PARA CONSUMIR.",procesamiento,FALSE,MANABI,4,630890.19,181505.1,449385.08999999997,1279791.24,52163.89,28333.01,2024
319023,JEFFISH S.A.,G4630,"G4630.33 - VENTA AL POR MAYOR DE PESCADO, CRUSTÁCEOS, MOLUSCOS Y PRODUCTOS DE LA PESCA.",comercio_mayorista,FALSE,MANABI,8,630356.7,172477.43,457879.26999999996,1395516.64,29373.17,22029.88,2024
353845,MAXIAGRO S.A.S.,G4630,"G4630.12 - VENTA AL POR MAYOR DE FRUTAS, LEGUMBRES Y HORTALIZAS.",comercio_mayorista,FALSE,GUAYAS,2,628784.46,-2957.51,631741.97,1250,0,0,2024
97262,NOSTERRA S.A.,A0122,A0122.01 - CULTIVO DE BANANOS Y PLÁTANOS.,cultivo_fruticola,FALSE,EL ORO,49,628357.13,332774.11,295583.02,601077.92,10561.53,10561.53,2024
64117,NATAVAR CIA. LTDA.,A0126,A0126.01 - CULTIVO DE PALMAS DE ACEITE (PALMA AFRICANA).,cultivo_fruticola,FALSE,GUAYAS,5,626825.6,323746.91,303078.69,827499.3,84301.66,84301.66,2024
751961,MANACHIPSPLANTAIN S.A.S.,C1030,"C1030.14 - FABRICACIÓN DE PRODUCTOS ALIMENTICIOS A PARTIR DE (UN SOLO COMPONENTE) FRUTAS, LEGUMBRES Y HORTALIZAS; INCLUSO SNACKS DE PLÁTANO (CHIFLES), YUCA, FRUTAS, ETCÉTERA, EXCEPTO PAPA.",procesamiento,FALSE,MANABI,4,625662.25,260000,365662.25,1834808.67,259900,259900,2024
95449,UNITERRA S.A.,G4620,G4620.12 - VENTA AL POR MAYOR DE FRUTOS Y SEMILLAS OLEAGINOSAS.,comercio_mayorista,FALSE,PICHINCHA,1,624546.15,79486.44,545059.71,100614.99,-44210.4,-44210.4,2024
142505,SERFODER S.A.,A0122,"A0122.09 - OTROS CULTIVOS DE FRUTAS TROPICALES Y SUBTROPICALES: PAPAYAS, BABACOS, CHAMBUROS, AGUACATES, HIGOS, ARAZÁ, GUAYABAS, GUANÁBANA, GUABA, CHIRIMOYA, NARANJILLAS, ZAPOTES, BOROJÓ, TAMARINDO, GRANADILLAS, DÁTILES, ETCÉTERA.",cultivo_fruticola,TRUE,GUAYAS,3,623929.84,78704.75,545225.09,91946.72,12120.45,9371.48,2024
126420,RANIDEC S.A.S.,G4620,G4620.11 - VENTA AL POR MAYOR DE CEREALES (GRANOS) Y SEMILLAS.,comercio_mayorista,FALSE,PICHINCHA,5,623152.17,433043.82,190108.35000000003,61806.98,9997.72,7548.6,2024
750127,NORTH-LOGISTIX S.A.S.,G4630,"G4630.94 - VENTA AL POR MAYOR DE BEBIDAS NO ALCOHÓLICAS (JUGOS, GASEOSAS, AGUA MINERAL, ETCÉTERA).",comercio_mayorista,FALSE,SANTO DOMINGO DE LOS TSACHILAS,6,622371.72,37202.22,585169.5,3264694.09,30170.65,22627.99,2024
93067,PALMAGAN CIA. LTDA.,A0126,A0126.01 - CULTIVO DE PALMAS DE ACEITE (PALMA AFRICANA).,cultivo_fruticola,FALSE,ESMERALDAS,20,621217.97,208869.18,412348.79,380943.82,59404.03,45350.31,2024
751784,DISLICOR HUGOBONIFAZ S.A.S.,G4630,"G4630.95 - VENTA AL POR MAYOR DE BEBIDAS ALCOHÓLICAS, INCLUSO EL ENVASADO DE VINO A GRANEL SIN TRANSFORMACIÓN.",comercio_mayorista,FALSE,SANTO DOMINGO DE LOS TSACHILAS,2,620061.64,71851.58,548210.06,1136853.92,75233.29,50924.25,2024
147017,SOLOAGRO S.A.,G4620,G4620.15 - VENTA AL POR MAYOR DE FLORES Y PLANTAS.,comercio_mayorista,FALSE,AZUAY,14,617601.19,442851.01,174750.17999999993,1815688.4,56478.6,41311.71,2024
99750,CLAVEMAX S.A.,A0122,A0122.01 - CULTIVO DE BANANOS Y PLÁTANOS.,cultivo_fruticola,FALSE,GUAYAS,4,616486.08,135918.12,480567.95999999996,74215.6,292.51,219.38,2024
146964,AVICOLA VALENTINA S.A. AVIVALENSA,G4630,G4630.31 - VENTA AL POR MAYOR DE CARNE Y PRODUCTOS CÁRNICOS (INCLUIDAS LAS AVES DE CORRAL).,comercio_mayorista,FALSE,GUAYAS,6,615464.17,100725.78,514738.39,1596382.94,50225.31,36032.99,2024
95897,TRANSARVASAL S.A.,G4620,"G4620.14 - VENTA AL POR MAYOR DE DESECHOS, RESIDUOS Y PRODUCTOS DERIVADOS USADOS PARA ALIMENTAR ANIMALES (FORRAJE), INCLUYE MATERIAS PRIMAS AGRARIAS.",comercio_mayorista,FALSE,MANABI,4,615235.29,392016.44,223218.85000000003,1369914.06,67300.16,50475.12,2024
164588,NARANJAGRI S.A.,A0122,"A0122.09 - OTROS CULTIVOS DE FRUTAS TROPICALES Y SUBTROPICALES: PAPAYAS, BABACOS, CHAMBUROS, AGUACATES, HIGOS, ARAZÁ, GUAYABAS, GUANÁBANA, GUABA, CHIRIMOYA, NARANJILLAS, ZAPOTES, BOROJÓ, TAMARINDO, GRANADILLAS, DÁTILES, ETCÉTERA.",cultivo_fruticola,TRUE,GUAYAS,7,615012.94,381422.88,233590.05999999994,954743.54,69991.16,58609.66,2024
144200,ALTERMANN S.A.,G4630,"G4630.21 - VENTA AL POR MAYOR DE PRODUCTOS LÁCTEOS, INCLUIDO HELADOS, BOLOS, ETCÉTERA.",comercio_mayorista,FALSE,GUAYAS,19,611652.37,20852.82,590799.55,642350.04,0,1301.81,2024
324194,HEBE S.A.,G4620,G4620.19 - VENTA AL POR MAYOR DE OTRAS MATERIAS PRIMAS AGROPECUARIAS.,comercio_mayorista,FALSE,GUAYAS,2,609160.29,142462.98,466697.31000000006,416267.32,12938.79,10092.26,2024
363522,ALICADE S.A.S.,G4620,G4620.11 - VENTA AL POR MAYOR DE CEREALES (GRANOS) Y SEMILLAS.,comercio_mayorista,FALSE,SANTO DOMINGO DE LOS TSACHILAS,32,608819.21,9288.42,599530.7899999999,442453.3,6372.99,8788.42,2024
133422,NEGOMUN S.A.,A0122,"A0122.09 - OTROS CULTIVOS DE FRUTAS TROPICALES Y SUBTROPICALES: PAPAYAS, BABACOS, CHAMBUROS, AGUACATES, HIGOS, ARAZÁ, GUAYABAS, GUANÁBANA, GUABA, CHIRIMOYA, NARANJILLAS, ZAPOTES, BOROJÓ, TAMARINDO, GRANADILLAS, DÁTILES, ETCÉTERA.",cultivo_fruticola,TRUE,GUAYAS,14,606732.25,233142.26,373589.99,532146.02,43872.4,38372.25,2024
314894,PESCADOS Y MARISCOS DEL PACIFICO PACIMARPES S.A.,G4630,"G4630.33 - VENTA AL POR MAYOR DE PESCADO, CRUSTÁCEOS, MOLUSCOS Y PRODUCTOS DE LA PESCA.",comercio_mayorista,FALSE,SANTA ELENA,6,605376.1,240251.36,365124.74,2338626.4,99778.67,74834.01,2024
734805,BUENA ESPERANZA BEMC CIA.LTDA.,A0122,A0122.01 - CULTIVO DE BANANOS Y PLÁTANOS.,cultivo_fruticola,FALSE,GUAYAS,107,604971.73,153824.42,451147.30999999994,1345635.04,86229.3,62442.64,2024
730598,CITRUSFACTORY S.A.S.,C1030,"C1030.14 - FABRICACIÓN DE PRODUCTOS ALIMENTICIOS A PARTIR DE (UN SOLO COMPONENTE) FRUTAS, LEGUMBRES Y HORTALIZAS; INCLUSO SNACKS DE PLÁTANO (CHIFLES), YUCA, FRUTAS, ETCÉTERA, EXCEPTO PAPA.",procesamiento,FALSE,GUAYAS,25,604704.55,-255153.82,859858.3700000001,538980.15,-319482.47,-319482.47,2024
327371,AGROCONFIANZA COMPAÑIA ANÓNIMA,A0122,A0122.01 - CULTIVO DE BANANOS Y PLÁTANOS.,cultivo_fruticola,FALSE,EL ORO,4,604470.34,356081.69,248388.64999999997,365134.03,131979.63,128386.54,2024
134213,MAFODI S.A.,G4630,"G4630.33 - VENTA AL POR MAYOR DE PESCADO, CRUSTÁCEOS, MOLUSCOS Y PRODUCTOS DE LA PESCA.",comercio_mayorista,FALSE,GUAYAS,25,602521.2,217621.78,384899.4199999999,2560587.87,149933.71,110073.66,2024
371741,L'ORO DEL PACIFICO OROPAC S.A.S.,G4630,"G4630.33 - VENTA AL POR MAYOR DE PESCADO, CRUSTÁCEOS, MOLUSCOS Y PRODUCTOS DE LA PESCA.",comercio_mayorista,FALSE,GUAYAS,4,601141.56,23497.24,577644.3200000001,371977.88,25839.95,21497.24,2024
725474,CAMPOSTARSA S.A.,A0122,A0122.01 - CULTIVO DE BANANOS Y PLÁTANOS.,cultivo_fruticola,FALSE,LOS RIOS,7,600804.1,517508.32,83295.77999999997,519681.65,92893.5,92893.5,2024
102510,PACIFIC EXPORT AND COMERCE S.A. (PACEXCOMSA),G4620,G4620.12 - VENTA AL POR MAYOR DE FRUTOS Y SEMILLAS OLEAGINOSAS.,comercio_mayorista,FALSE,GUAYAS,10,597445.84,212859.32,384586.51999999996,290537.86,0,30266.36,2024
106212,GLOBECUADOR S.A.,G4630,"G4630.12 - VENTA AL POR MAYOR DE FRUTAS, LEGUMBRES Y HORTALIZAS.",comercio_mayorista,FALSE,GUAYAS,6,595944.1,135831.19,460112.91,456737.97,1049.92,1235.2,2024
133391,AGRICOLA KOMUNA S.A. AGRIKOMUNA,G4630,"G4630.12 - VENTA AL POR MAYOR DE FRUTAS, LEGUMBRES Y HORTALIZAS.",comercio_mayorista,FALSE,GUAYAS,5,592659.17,-5214.93,597874.1000000001,528638.98,-108199.5,-108199.5,2024
727325,MANAHAYA S.A.,A0125,"A0125.09 - OTROS CULTIVOS DE FRUTOS DE ÁRBOLES Y ARBUSTOS: PITAHAYA, TUNA, ALGARROBA, TAXOS, ETCÉTERA.",cultivo_fruticola,TRUE,MANABI,6,592523.71,78960.07,513563.63999999996,630281.52,16474.91,16474.91,2024
177554,LEGUMEXPRESS S.A.,G4630,"G4630.12 - VENTA AL POR MAYOR DE FRUTAS, LEGUMBRES Y HORTALIZAS.",comercio_mayorista,FALSE,GUAYAS,15,586068.51,118265.04,467803.47000000003,1352491.04,-11952.52,-11952.52,2024
324707,MAGNIFICAST S.A.S.,G4620,G4620.15 - VENTA AL POR MAYOR DE FLORES Y PLANTAS.,comercio_mayorista,FALSE,PICHINCHA,47,585690.29,264801.72,320888.57000000007,746049.83,2734.94,3217.58,2024
727216,AGRICOLA PITASUEÑOS S.A.,A0125,"A0125.09 - OTROS CULTIVOS DE FRUTOS DE ÁRBOLES Y ARBUSTOS: PITAHAYA, TUNA, ALGARROBA, TAXOS, ETCÉTERA.",cultivo_fruticola,TRUE,GUAYAS,5,581543.59,142290.54,439253.04999999993,112597.84,1973.95,1344.57,2024
313558,K FRUIT NIKMAT S.A.,G4630,"G4630.12 - VENTA AL POR MAYOR DE FRUTAS, LEGUMBRES Y HORTALIZAS.",comercio_mayorista,FALSE,PICHINCHA,1,578918.03,-814188.37,1393106.4,5251.22,-13055.62,-13055.62,2024
321105,ARANDINOGROUP S.A.S.,A0122,"A0122.09 - OTROS CULTIVOS DE FRUTAS TROPICALES Y SUBTROPICALES: PAPAYAS, BABACOS, CHAMBUROS, AGUACATES, HIGOS, ARAZÁ, GUAYABAS, GUANÁBANA, GUABA, CHIRIMOYA, NARANJILLAS, ZAPOTES, BOROJÓ, TAMARINDO, GRANADILLAS, DÁTILES, ETCÉTERA.",cultivo_fruticola,TRUE,PICHINCHA,7,576449.28,135405.69,441043.59,187132.48,0,-31522.73,2024
309401,KAACAO S.A.,C1073,"C1073.30 - SERVICIOS DE APOYO A LA ELABORACIÓN DE CACAO, CHOCOLATE Y PRODUCTOS DE CONFITERÍA A CAMBIO DE UNA RETRIBUCIÓN O POR CONTRATO.",procesamiento,FALSE,MANABI,12,573007.05,-679884.11,1252891.1600000001,257141.45,-160869.86,-128527.02,2024
127506,FONOCUSTIC S.A.,A0122,A0122.01 - CULTIVO DE BANANOS Y PLÁTANOS.,cultivo_fruticola,FALSE,GUAYAS,29,570830.79,528890.08,41940.71000000008,459005.39,2101.6,2101.6,2024
148757,BJF TRADING S.A.,G4620,"G4620.14 - VENTA AL POR MAYOR DE DESECHOS, RESIDUOS Y PRODUCTOS DERIVADOS USADOS PARA ALIMENTAR ANIMALES (FORRAJE), INCLUYE MATERIAS PRIMAS AGRARIAS.",comercio_mayorista,FALSE,GUAYAS,10,570703.08,221723.91,348979.1699999999,1516946.12,50119.17,35573.25,2024
734711,EXPORTADORA COAQUE (EXPOCOAQUE) S.A.S.,G4630,G4630.32 - VENTA AL POR MAYOR DE CAMARÓN Y LANGOSTINOS.,comercio_mayorista,FALSE,MANABI,3,568393.37,14691.09,553702.28,335013.1,5880.43,3751.41,2024
4584,SOCIEDAD EN PREDIOS RUSTICOS AGROPECUARIA EL TREBOL S.A.,G4630,"G4630.12 - VENTA AL POR MAYOR DE FRUTAS, LEGUMBRES Y HORTALIZAS.",comercio_mayorista,FALSE,GUAYAS,6,565192.31,235569.39,329622.92000000004,220803.86,87706.28,79241.84,2024
708834,AGROSTARCORP S.A.,G4620,G4620.19 - VENTA AL POR MAYOR DE OTRAS MATERIAS PRIMAS AGROPECUARIAS.,comercio_mayorista,FALSE,GUAYAS,3,564829.11,144451.94,420377.17,621372.48,31450.37,24531.29,2024
707406,AGRICOLA BANANERA SOLORZANO ANDRADE BANASOLAND CIA.LTDA.,A0122,A0122.01 - CULTIVO DE BANANOS Y PLÁTANOS.,cultivo_fruticola,FALSE,SANTO DOMINGO DE LOS TSACHILAS,45,563906.19,218630.48,345275.70999999996,1263321.26,40415.77,40415.77,2024
735303,SURCACAO S.A.S.,C1073,"C1073.11 - ELABORACIÓN DE CACAO, MANTECA, GRASA Y ACEITE DE CACAO.",procesamiento,FALSE,GUAYAS,4,555441.44,6497.79,548943.6499999999,564503.39,415.22,228.71,2024
747971,CCGTRADING ECUADOR S.A.S.,G4630,"G4630.33 - VENTA AL POR MAYOR DE PESCADO, CRUSTÁCEOS, MOLUSCOS Y PRODUCTOS DE LA PESCA.",comercio_mayorista,FALSE,MANABI,5,553218.51,369512.07,183706.44,416016.17,299153.27,233314.46,2024
124989,COSECHAGRO S.A.,G4630,G4630.11 - VENTA AL POR MAYOR DE BANANO Y PLÁTANO.,comercio_mayorista,FALSE,GUAYAS,20,552582.75,503711.96,48870.78999999998,806980.49,40700.73,37596.57,2024
738825,VANNAMEISHRIMP S.A.S.,G4630,G4630.32 - VENTA AL POR MAYOR DE CAMARÓN Y LANGOSTINOS.,comercio_mayorista,FALSE,EL ORO,2,550924.71,194990.9,355933.80999999994,3281076.48,104455.54,73021.65,2024
734903,SANT CARLO´S FRUITSTORE S.A.S.,G4630,"G4630.12 - VENTA AL POR MAYOR DE FRUTAS, LEGUMBRES Y HORTALIZAS.",comercio_mayorista,FALSE,GUAYAS,13,549286.65,185490.24,363796.41000000003,582681.53,35356.86,28599.32,2024
738916,PLANTAALMUDENA S.A.S.,G4630,G4630.31 - VENTA AL POR MAYOR DE CARNE Y PRODUCTOS CÁRNICOS (INCLUIDAS LAS AVES DE CORRAL).,comercio_mayorista,FALSE,SANTO DOMINGO DE LOS TSACHILAS,3,547702.42,32734.12,514968.30000000005,751163.69,-199510.22,-99755.11,2024
356644,DIGRANOS S.A.S.,G4620,G4620.11 - VENTA AL POR MAYOR DE CEREALES (GRANOS) Y SEMILLAS.,comercio_mayorista,FALSE,GUAYAS,4,546831.03,37575.05,509255.98000000004,3242704.3,0,36249.52,2024
717694,KOLOSINTERNATIONAL S.A.,A0126,A0126.01 - CULTIVO DE PALMAS DE ACEITE (PALMA AFRICANA).,cultivo_fruticola,FALSE,GUAYAS,12,542667.22,138335.25,404331.97,2741449.38,61703.07,45721.98,2024
346261,EDUANDRES AVICOLA CARRILLO S.A.S.,G4630,G4630.31 - VENTA AL POR MAYOR DE CARNE Y PRODUCTOS CÁRNICOS (INCLUIDAS LAS AVES DE CORRAL).,comercio_mayorista,FALSE,GUAYAS,2,541500,2350.3,539149.7,85002.91,377.91,377.91,2024
351128,ALISSROSES S.A.S.,G4620,G4620.15 - VENTA AL POR MAYOR DE FLORES Y PLANTAS.,comercio_mayorista,FALSE,PICHINCHA,147,538013.86,-95082.44,633096.3,689769.8,-100082.44,-100082.44,2024
66012,CORPORACION AGROINDUSTRIAL ECUATORIANA (CORAGRO) S.A.,A0122,A0122.02 - CULTIVO DE MANGOS.,cultivo_fruticola,FALSE,GUAYAS,1,537940.99,537340.99,600,4000,0,830.17,2024
736591,AGROVIP S.A.S.,G4620,G4620.19 - VENTA AL POR MAYOR DE OTRAS MATERIAS PRIMAS AGROPECUARIAS.,comercio_mayorista,FALSE,GUAYAS,1,537636.51,-107175.1,644811.61,2732415.19,31335.32,26102,2024
350184,PESCAFOODS S.A.S.,G4630,"G4630.33 - VENTA AL POR MAYOR DE PESCADO, CRUSTÁCEOS, MOLUSCOS Y PRODUCTOS DE LA PESCA.",comercio_mayorista,FALSE,GUAYAS,3,537296.33,96605.99,440690.33999999997,7308963.63,0,123510.74,2024
319323,SOYAMHA S.A.,A0127,A0127.02 - CULTIVO DE CACAO.,cultivo_fruticola,FALSE,GUAYAS,9,531508.45,-22829.38,554337.83,255716.25,11371.07,13377.72,2024
28951,ESCUALEM S.A.,G4630,"G4630.33 - VENTA AL POR MAYOR DE PESCADO, CRUSTÁCEOS, MOLUSCOS Y PRODUCTOS DE LA PESCA.",comercio_mayorista,FALSE,GUAYAS,15,530926.99,147502.58,383424.41000000003,3157004.68,12400.51,5228.91,2024
37541,DISTRIBUIDORA OLEAS ASTUDILLO CIA. LTDA.,G4630,"G4630.94 - VENTA AL POR MAYOR DE BEBIDAS NO ALCOHÓLICAS (JUGOS, GASEOSAS, AGUA MINERAL, ETCÉTERA).",comercio_mayorista,FALSE,TUNGURAHUA,22,529599.56,144934.88,384664.68000000005,2459297.51,0,13303.43,2024
304188,OPERACIONES AGROINDUSTRIALES EVOLUTIONFOODS CIA.LTDA.,C1073,C1073.12 - ELABORACIÓN DE CHOCOLATE Y PRODUCTOS DE CHOCOLATE.,procesamiento,FALSE,PICHINCHA,7,524827.47,219191.26,305636.20999999996,350301.99,-14413.69,-14413.69,2024
91024,FUPORDI S.A.,G4630,"G4630.12 - VENTA AL POR MAYOR DE FRUTAS, LEGUMBRES Y HORTALIZAS.",comercio_mayorista,FALSE,PICHINCHA,7,524039.11,24684.21,499354.89999999997,9271442.58,-68783.24,-76503.34,2024
309210,YOURPETS S.A.,G4630,G4630.97 - VENTA AL POR MAYOR DE ALIMENTO PARA MASCOTAS (ANIMALES DOMÉSTICOS).,comercio_mayorista,FALSE,GUAYAS,4,523517.15,182828.02,340689.13,641537.21,-1216.63,-4114.33,2024
369286,EXPOLLFASEA S.A.S.,G4630,"G4630.33 - VENTA AL POR MAYOR DE PESCADO, CRUSTÁCEOS, MOLUSCOS Y PRODUCTOS DE LA PESCA.",comercio_mayorista,FALSE,EL ORO,1,518979.29,-1035.71,520015,1133,-1535.71,-1535.71,2024
97489,BANANO ORENSE DE EXPORTACION BANOEXPORT S.A.,A0122,A0122.01 - CULTIVO DE BANANOS Y PLÁTANOS.,cultivo_fruticola,FALSE,EL ORO,51,516147.67,796.47,515351.2,1402732.66,0,-57958.88,2024
341277,CANOPY ECUADOR S.A.S.,G4620,G4620.15 - VENTA AL POR MAYOR DE FLORES Y PLANTAS.,comercio_mayorista,FALSE,PICHINCHA,4,511900.76,-67084.81,578985.5700000001,172604.65,4144.97,1679.98,2024
72157,INRILEC S.A.,G4630,G4630.32 - VENTA AL POR MAYOR DE CAMARÓN Y LANGOSTINOS.,comercio_mayorista,FALSE,EL ORO,4,506885.78,74337.13,432548.65,340722.56,4403.44,3350.36,2024
729773,ECUABLUE S.A.S. B.I.C.,A0125,"A0125.01 - CULTIVO DE BAYAS GROSELLAS, GROSELLAS ESPINOSAS, KIWIS, FRAMBUESAS, FRESAS (FRUTILLAS), MORAS, MORTIÑOS (ARÁNDANOS), UVILLA Y OTRAS BAYAS.",cultivo_fruticola,TRUE,PICHINCHA,14,506048.73,65988.23,440060.5,784704.97,11449.29,11449.29,2024
729623,SNACKVILLE S.A.S.,C1030,"C1030.12 - CONSERVACIÓN DE FRUTAS, PULPA DE FRUTAS, LEGUMBRES Y HORTALIZAS MEDIANTE EL CONGELADO, SECADO, DESHIDRATADO, INMERSIÓN EN ACEITE O VINAGRE, ENLATADO, ETCÉTERA.",procesamiento,FALSE,PICHINCHA,6,503584.03,26052.55,477531.48000000004,204040.31,-2077.85,-2077.85,2024
355064,BIOEXPORTVAL S.A.S.,A0122,A0122.01 - CULTIVO DE BANANOS Y PLÁTANOS.,cultivo_fruticola,FALSE,GUAYAS,117,501766.92,-279745.55,781512.47,2513022.57,-86759.15,-112288.59,2024
751896,SUNRISEFRUIT S.A.,G4630,G4630.11 - VENTA AL POR MAYOR DE BANANO Y PLÁTANO.,comercio_mayorista,FALSE,LOS RIOS,2,499870.94,140235.63,359635.31,2759021.61,14499.94,14499.94,2024
322380,BURITUNA S.A.,G4630,"G4630.33 - VENTA AL POR MAYOR DE PESCADO, CRUSTÁCEOS, MOLUSCOS Y PRODUCTOS DE LA PESCA.",comercio_mayorista,FALSE,MANABI,3,499829.27,53735.23,446094.04000000004,360137.3,0,-97332.84,2024
95746,PROIMEC S.A.,G4630,"G4630.33 - VENTA AL POR MAYOR DE PESCADO, CRUSTÁCEOS, MOLUSCOS Y PRODUCTOS DE LA PESCA.",comercio_mayorista,FALSE,MANABI,6,499734.83,29735.69,469999.14,7232644.39,10708.16,7742.96,2024
341291,ZAMOFRUIT COMPANY S.A.S.,G4630,G4630.11 - VENTA AL POR MAYOR DE BANANO Y PLÁTANO.,comercio_mayorista,FALSE,GUAYAS,4,499661.75,73725.89,425935.86,26215730.43,-174515.18,-174832.41,2024
359566,CORPORACION VILLAO ESPIN VI-ES S.A.S.,G4630,"G4630.14 - VENTA AL POR MAYOR DE CAFÉ, CACAO, TE Y ESPECIAS.",comercio_mayorista,FALSE,LOS RIOS,4,499420.78,432510.01,66910.77000000002,19158680.32,431510.01,431510.01,2024
728618,EXPORTVERA S.A.,G4630,G4630.11 - VENTA AL POR MAYOR DE BANANO Y PLÁTANO.,comercio_mayorista,FALSE,GUAYAS,5,499355.86,26381.43,472974.43,8144971.43,57736.87,1141.87,2024
98369,"EXPORT ROSES DEL ECUADOR, EXPROSES S.A.",G4620,G4620.15 - VENTA AL POR MAYOR DE FLORES Y PLANTAS.,comercio_mayorista,FALSE,PICHINCHA,68,499251.62,161769.25,337482.37,985658.4,17230.2,12922.65,2024
49102,ALIMENTOS DEL HUERTO S.A. HUERTOSA,C1030,"C1030.17 - FABRICACIÓN DE ALIMENTOS PERECIBLES A BASE DE FRUTAS, LEGUMBRES Y HORTALIZAS COMO: ENSALADAS EMPAQUETADAS, HORTALIZAS PELADAS Y CORTADAS, TOFU (CUAJADA DE SOYA).",procesamiento,FALSE,PICHINCHA,15,499093.37,156499.43,342593.94,686987.17,0,39190.75,2024
153837,INDUFRIT COMPANY S.A.,C1030,"C1030.14 - FABRICACIÓN DE PRODUCTOS ALIMENTICIOS A PARTIR DE (UN SOLO COMPONENTE) FRUTAS, LEGUMBRES Y HORTALIZAS; INCLUSO SNACKS DE PLÁTANO (CHIFLES), YUCA, FRUTAS, ETCÉTERA, EXCEPTO PAPA.",procesamiento,FALSE,PICHINCHA,14,499075.16,142251.04,356824.12,1458948.11,0,90091.34,2024
205058,PROVEAGRO S.A.,G4630,G4630.91 - VENTA AL POR MAYOR DE ARROZ.,comercio_mayorista,FALSE,MANABI,5,498958.84,22089.32,476869.52,140130.64,373.13,373.13,2024
126849,COMPAÑIA AGRICOLA AGRIPALCOR CIA. LTDA.,G4630,G4630.11 - VENTA AL POR MAYOR DE BANANO Y PLÁTANO.,comercio_mayorista,FALSE,GUAYAS,5,498947.14,222954.22,275992.92000000004,4364606.08,99967.41,99967.41,2024
736215,EXPORTADORA E IMPORTADORA MORA ZAMBRANO MORIZAM S.A.,G4620,G4620.11 - VENTA AL POR MAYOR DE CEREALES (GRANOS) Y SEMILLAS.,comercio_mayorista,FALSE,GUAYAS,4,498770.45,333532.13,165238.32,6027927.12,77674.84,58256.13,2024
175825,CARNIKARELYS CIA. LTDA.,G4630,G4630.31 - VENTA AL POR MAYOR DE CARNE Y PRODUCTOS CÁRNICOS (INCLUIDAS LAS AVES DE CORRAL).,comercio_mayorista,FALSE,IMBABURA,5,498763.84,289510.63,209253.21000000002,808081.27,11555.63,8562.72,2024
55703,PLANTEIN S.A.,A0122,A0122.02 - CULTIVO DE MANGOS.,cultivo_fruticola,FALSE,GUAYAS,4,498643.46,267590.34,231053.12,516180.22,43653.54,28172.96,2024
165034,PACOBANANA S.A. PACO´S FRUITS AND VEGETABLES,G4630,"G4630.12 - VENTA AL POR MAYOR DE FRUTAS, LEGUMBRES Y HORTALIZAS.",comercio_mayorista,FALSE,GUAYAS,7,498570.92,98925.46,399645.45999999996,726359.76,-99.21,-99.21,2024
357629,ACOPIADORA DE GRANOS SAN JUDAS TADEO S.A.S.,G4620,G4620.11 - VENTA AL POR MAYOR DE CEREALES (GRANOS) Y SEMILLAS.,comercio_mayorista,FALSE,LOS RIOS,20,498399.94,59900.36,438499.58,14400,2492.36,1944.04,2024
99027,BANARAMA S.A.,A0122,A0122.01 - CULTIVO DE BANANOS Y PLÁTANOS.,cultivo_fruticola,FALSE,GUAYAS,7,498358.49,143691.01,354667.48,28825.17,418.15,313.61,2024
133843,BANATUTTY S.A.,A0122,A0122.01 - CULTIVO DE BANANOS Y PLÁTANOS.,cultivo_fruticola,FALSE,LOS RIOS,33,498193.61,466583.37,31610.23999999999,1135735.08,72405.07,72405.07,2024
714477,WALLDENC COCOA S.A.,A0127,A0127.02 - CULTIVO DE CACAO.,cultivo_fruticola,FALSE,GUAYAS,12,498128.66,129266.33,368862.32999999996,10020584.98,31592.96,31592.96,2024
336512,QUERENCAO S.A.,A0122,A0122.01 - CULTIVO DE BANANOS Y PLÁTANOS.,cultivo_fruticola,FALSE,EL ORO,4,498119.27,263247.11,234872.16000000003,562414.6,270429.93,263963.47,2024
175330,MANÍ MANÍA FOOD COMPANY MANIHABS S.A.,G4630,G4630.99 - VENTA AL POR MAYOR DE OTROS PRODUCTOS COMESTIBLES (ENLATADOS Y CONSERVAS).,comercio_mayorista,FALSE,PICHINCHA,7,498092.85,116812.59,381280.26,1216083.69,27328.23,21044.23,2024
36870,BANARAF S. A.,A0122,A0122.01 - CULTIVO DE BANANOS Y PLÁTANOS.,cultivo_fruticola,FALSE,EL ORO,23,497718.69,432676.33,65042.359999999986,1802889.3,0,29350.77,2024
314774,TIAN FENG FISH TIANFENGFISH S.A.,G4630,"G4630.33 - VENTA AL POR MAYOR DE PESCADO, CRUSTÁCEOS, MOLUSCOS Y PRODUCTOS DE LA PESCA.",comercio_mayorista,FALSE,GUAYAS,12,497463.4,479229.54,18233.860000000044,2263392.01,0,178.76,2024
739714,NOVISAZA CIA.LTDA.,A0122,"A0122.09 - OTROS CULTIVOS DE FRUTAS TROPICALES Y SUBTROPICALES: PAPAYAS, BABACOS, CHAMBUROS, AGUACATES, HIGOS, ARAZÁ, GUAYABAS, GUANÁBANA, GUABA, CHIRIMOYA, NARANJILLAS, ZAPOTES, BOROJÓ, TAMARINDO, GRANADILLAS, DÁTILES, ETCÉTERA.",cultivo_fruticola,TRUE,MANABI,2,497335.73,-169315.57,666651.3,72243.17,-88128.49,-88128.49,2024
735619,BANAWORLD S.A.,G4630,G4630.11 - VENTA AL POR MAYOR DE BANANO Y PLÁTANO.,comercio_mayorista,FALSE,GUAYAS,8,497137.83,66368.86,430768.97000000003,4034178.71,34297.5,34297.5,2024
722691,LEANOCAO S.A.,A0127,A0127.02 - CULTIVO DE CACAO.,cultivo_fruticola,FALSE,PICHINCHA,4,497112.02,65592.03,431519.99,584477.64,64792.03,64792.03,2024
719017,ETFRESHCORP S.A.,A0122,A0122.02 - CULTIVO DE MANGOS.,cultivo_fruticola,FALSE,GUAYAS,3,496689.08,297189.75,199499.33000000002,24914,11858.29,9181.43,2024
700001,ASESORIA GENERAL GENERASE S.A.,G4630,"G4630.21 - VENTA AL POR MAYOR DE PRODUCTOS LÁCTEOS, INCLUIDO HELADOS, BOLOS, ETCÉTERA.",comercio_mayorista,FALSE,AZUAY,2,496681.21,259188.54,237492.67,90965.88,76652.21,76652.21,2024
363230,AGRICOLA SANTA CLARITA S.A.S.,A0122,A0122.01 - CULTIVO DE BANANOS Y PLÁTANOS.,cultivo_fruticola,FALSE,GUAYAS,3,496674.38,8534.31,488140.07,92800.8,0,-2465.69,2024
753983,AVÍCOLA VILLAFUERTE AVICFUERTE S.A.S.,G4630,G4630.31 - VENTA AL POR MAYOR DE CARNE Y PRODUCTOS CÁRNICOS (INCLUIDAS LAS AVES DE CORRAL).,comercio_mayorista,FALSE,GUAYAS,4,496497.32,191120.07,305377.25,6389383.08,231144.68,172749.51,2024
103698,HISPANA DE ALIMENTOS Y BEBIDAS HISPANABE S.A.,G4630,"G4630.95 - VENTA AL POR MAYOR DE BEBIDAS ALCOHÓLICAS, INCLUSO EL ENVASADO DE VINO A GRANEL SIN TRANSFORMACIÓN.",comercio_mayorista,FALSE,PICHINCHA,47,496319.04,344570.64,151748.39999999997,2796690.69,0,-85643.42,2024
133830,PALMATUTTY S.A.,A0126,A0126.01 - CULTIVO DE PALMAS DE ACEITE (PALMA AFRICANA).,cultivo_fruticola,FALSE,LOS RIOS,36,496190.47,494337.97,1852.5,100595.53,9299.67,9299.67,2024
142864,AGRICOLA SANTO ANGELO S. A.,A0127,A0127.02 - CULTIVO DE CACAO.,cultivo_fruticola,FALSE,SANTO DOMINGO DE LOS TSACHILAS,2,496162.73,196481.17,299681.55999999994,97668,0,9695.06,2024
70123,ECOFRUT S.A.,C1030,"C1030.14 - FABRICACIÓN DE PRODUCTOS ALIMENTICIOS A PARTIR DE (UN SOLO COMPONENTE) FRUTAS, LEGUMBRES Y HORTALIZAS; INCLUSO SNACKS DE PLÁTANO (CHIFLES), YUCA, FRUTAS, ETCÉTERA, EXCEPTO PAPA.",procesamiento,FALSE,GUAYAS,21,495905.57,91944.95,403960.62,3489454.72,78014.92,58511.19,2024
320336,HACIENDA NUEVAERA HACNUERA S.A.,A0122,A0122.01 - CULTIVO DE BANANOS Y PLÁTANOS.,cultivo_fruticola,FALSE,GUAYAS,5,495544.53,204064,291480.53,1399199.85,392495.18,196247.59,2024
702189,FRUEXPORVALLE CIA.LTDA.,G4620,G4620.12 - VENTA AL POR MAYOR DE FRUTOS Y SEMILLAS OLEAGINOSAS.,comercio_mayorista,FALSE,TUNGURAHUA,4,495395.35,86303.54,409091.81,2334084.03,18553.12,18553.12,2024
736560,FREEBANANA S.A.,A0122,A0122.01 - CULTIVO DE BANANOS Y PLÁTANOS.,cultivo_fruticola,FALSE,LOS RIOS,38,495051.1,57912.07,437139.02999999997,1871060.18,126274.96,126274.96,2024
156943,MEGAPOLLO COLONIAL CIA. LTDA.,G4630,G4630.31 - VENTA AL POR MAYOR DE CARNE Y PRODUCTOS CÁRNICOS (INCLUIDAS LAS AVES DE CORRAL).,comercio_mayorista,FALSE,PICHINCHA,4,495029.27,160752.56,334276.71,5494763.68,10625,2220.17,2024
97166,PROCOMCHAL CIA. LTDA.,G4630,G4630.32 - VENTA AL POR MAYOR DE CAMARÓN Y LANGOSTINOS.,comercio_mayorista,FALSE,EL ORO,6,494822.21,296195.6,198626.61000000004,552160.11,27157.58,27157.58,2024
323234,PESCALINDA S.A.S.,G4630,"G4630.33 - VENTA AL POR MAYOR DE PESCADO, CRUSTÁCEOS, MOLUSCOS Y PRODUCTOS DE LA PESCA.",comercio_mayorista,FALSE,GUAYAS,5,494044.85,194667.5,299377.35,3234669.58,28624.23,18987.26,2024
359097,SÚPERCONFITES CORP S.A.S.,G4630,"G4630.92 - VENTA AL POR MAYOR DE AZÚCAR, CHOCOLATE Y PRODUCTOS DE CONFITERÍA.",comercio_mayorista,FALSE,GUAYAS,5,493822.96,193694.89,300128.07,4919311.37,42694.89,42694.89,2024
340838,MADRETIERRA S.A.S.,G4620,G4620.19 - VENTA AL POR MAYOR DE OTRAS MATERIAS PRIMAS AGROPECUARIAS.,comercio_mayorista,FALSE,GUAYAS,2,493473.27,212178.81,281294.46,3810121.33,134934.3,97152.7,2024
367420,CORPORACION ESPINOZA VILLAO CORP-ESVI S.A.S.,G4630,"G4630.14 - VENTA AL POR MAYOR DE CAFÉ, CACAO, TE Y ESPECIAS.",comercio_mayorista,FALSE,LOS RIOS,4,493415.78,126092.66,367323.12,5824800.45,166790.21,125092.66,2024
147819,EGUIRSA S.A.,G4630,"G4630.12 - VENTA AL POR MAYOR DE FRUTAS, LEGUMBRES Y HORTALIZAS.",comercio_mayorista,FALSE,PICHINCHA,10,493272.05,122001.97,371270.07999999996,187020.06,31075.36,29205.16,2024
704003,AGROINDUSTRIA RIVERA&CO C.L.,A0122,A0122.01 - CULTIVO DE BANANOS Y PLÁTANOS.,cultivo_fruticola,FALSE,AZUAY,4,493090.38,194792.05,298298.33,1521882.63,13024.27,13024.27,2024
94206,INTERTRADING ARDILA CORPORATION CIA. LTDA.,G4630,G4630.97 - VENTA AL POR MAYOR DE ALIMENTO PARA MASCOTAS (ANIMALES DOMÉSTICOS).,comercio_mayorista,FALSE,PICHINCHA,10,493019.53,73169.95,419849.58,638635.75,0,2546.57,2024
337871,PALODURO S.A.,G4630,G4630.23 - VENTA AL POR MAYOR DE ACEITES Y GRASAS COMESTIBLES DE ORIGEN ANIMAL O VEGETAL.,comercio_mayorista,FALSE,GUAYAS,86,492676.17,11324.32,481351.85,1014799.26,3722.52,2380.27,2024
703797,AGRICOLA KFRA CIA.LTDA.,A0122,A0122.01 - CULTIVO DE BANANOS Y PLÁTANOS.,cultivo_fruticola,FALSE,EL ORO,41,492584.81,109883.53,382701.28,1145430.51,23366.78,11822.69,2024
728543,MAJIK S.A.,G4630,G4630.93 - VENTA AL POR MAYOR DE PRODUCTOS DE PANADERÍA Y REPOSTERÍA.,comercio_mayorista,FALSE,GUAYAS,6,492578.06,-4602.04,497180.1,44060.33,10.48,10.48,2024
348078,CRIMSON TIDE EC S.A.S.,A0127,A0127.02 - CULTIVO DE CACAO.,cultivo_fruticola,FALSE,MANABI,4,492150.37,-353697.82,845848.19,19671,-318337.27,-318337.27,2024
73262,BRACOLESA S.A.,G4630,G4630.32 - VENTA AL POR MAYOR DE CAMARÓN Y LANGOSTINOS.,comercio_mayorista,FALSE,EL ORO,4,491994.71,-72306.74,564301.4500000001,427454.63,34291.61,32648.26,2024
330097,OLIVA ECUATORIAL S.A.,G4630,G4630.23 - VENTA AL POR MAYOR DE ACEITES Y GRASAS COMESTIBLES DE ORIGEN ANIMAL O VEGETAL.,comercio_mayorista,FALSE,GUAYAS,17,491900.81,26448.83,465451.98,667305.48,12599.6,9595.35,2024
710765,OPERACIONES NACIONALES DE IMPORTACION Y EXPORTACION ONIE - ECUADOR CIA.LTDA.,G4630,"G4630.14 - VENTA AL POR MAYOR DE CAFÉ, CACAO, TE Y ESPECIAS.",comercio_mayorista,FALSE,PICHINCHA,4,491459.23,184342.07,307117.16,503957.64,15514.42,12863.31,2024
96854,IMPORTADORA Y EXPORTADORA PROALIMEC CIA. LTDA.,G4630,G4630.31 - VENTA AL POR MAYOR DE CARNE Y PRODUCTOS CÁRNICOS (INCLUIDAS LAS AVES DE CORRAL).,comercio_mayorista,FALSE,TUNGURAHUA,9,490972.58,167692.72,323279.86,2118504.52,70250.89,53087.57,2024
738229,ISALEXPORT S.A.,G4620,G4620.12 - VENTA AL POR MAYOR DE FRUTOS Y SEMILLAS OLEAGINOSAS.,comercio_mayorista,FALSE,LOS RIOS,4,490923.93,54557.76,436366.17,1309761.39,50098.37,37573.78,2024
354583,GREEN-WAVE S.A.S.,G4630,G4630.32 - VENTA AL POR MAYOR DE CAMARÓN Y LANGOSTINOS.,comercio_mayorista,FALSE,GUAYAS,4,490867.93,2846.05,488021.88,1317423.18,1846.02,1846.05,2024
136176,OLEOTROPIC S.A.,G4620,G4620.15 - VENTA AL POR MAYOR DE FLORES Y PLANTAS.,comercio_mayorista,FALSE,LOS RIOS,3,490496.37,92354.01,398142.36,300386.7,81863.58,79058.17,2024
330234,DISTRIBUIDORA DE POLLOS Y GALLINAS POLLOSPOP S.A.S.,G4630,G4630.31 - VENTA AL POR MAYOR DE CARNE Y PRODUCTOS CÁRNICOS (INCLUIDAS LAS AVES DE CORRAL).,comercio_mayorista,FALSE,GUAYAS,8,490029.73,1350.75,488678.98,3931128.39,2376.63,707.47,2024
136857,COMERCIALIZADORA DIMENTION FLOWERS CIA. LTDA.,G4620,G4620.15 - VENTA AL POR MAYOR DE FLORES Y PLANTAS.,comercio_mayorista,FALSE,PICHINCHA,4,489894.17,62156.71,427737.45999999996,1650392.14,0,22688.91,2024
337574,LA HACIENDAMV DISTRIBUIDOR S.A.,G4630,G4630.97 - VENTA AL POR MAYOR DE ALIMENTO PARA MASCOTAS (ANIMALES DOMÉSTICOS).,comercio_mayorista,FALSE,PICHINCHA,2,489892.88,-38704.79,528597.67,2195029.35,9816.62,9816.62,2024
722057,FRUTA SILVESTRE FRUTVESTRE S.A.,G4630,"G4630.12 - VENTA AL POR MAYOR DE FRUTAS, LEGUMBRES Y HORTALIZAS.",comercio_mayorista,FALSE,MORONA SANTIAGO,6,489553.38,177976.5,311576.88,1566902.77,0,95982.06,2024
142711,ARROZGARABI S.A.,G4630,"G4630.12 - VENTA AL POR MAYOR DE FRUTAS, LEGUMBRES Y HORTALIZAS.",comercio_mayorista,FALSE,GUAYAS,5,489300.48,280890.92,208409.56,2357941.21,22559.95,16919.96,2024
752016,CORPOBANANO S.A.S.,A0122,A0122.01 - CULTIVO DE BANANOS Y PLÁTANOS.,cultivo_fruticola,FALSE,GUAYAS,53,488669.68,41939.83,446729.85,805729.92,41039.83,41039.83,2024
60490,PACAMCAMARONERA S.A.,G4630,G4630.32 - VENTA AL POR MAYOR DE CAMARÓN Y LANGOSTINOS.,comercio_mayorista,FALSE,SANTO DOMINGO DE LOS TSACHILAS,5,488395.23,250447.99,237947.24,82862.64,1882.63,1092.19,2024
747317,PRIECOR S.A.,G4630,G4630.11 - VENTA AL POR MAYOR DE BANANO Y PLÁTANO.,comercio_mayorista,FALSE,EL ORO,4,487759.85,293554.98,194204.87,5788914.56,253346.97,253346.97,2024
702778,COMPAÑIA AGRICOLA BENITES ALARCON CIA-AGRIBASA S.A.,A0122,A0122.01 - CULTIVO DE BANANOS Y PLÁTANOS.,cultivo_fruticola,FALSE,COTOPAXI,38,486243.26,224343.34,261899.92,3701869.52,0,222743.34,2024
735152,CONEXSER S.A.,G4630,G4630.32 - VENTA AL POR MAYOR DE CAMARÓN Y LANGOSTINOS.,comercio_mayorista,FALSE,GUAYAS,3,485225.34,358054.31,127171.03000000003,681540.58,0,142930.23,2024
74285,VALENSI S.A.,A0122,A0122.01 - CULTIVO DE BANANOS Y PLÁTANOS.,cultivo_fruticola,FALSE,GUAYAS,52,485202.55,208240.35,276962.19999999995,962512.6,53723.43,44051,2024
354840,FLORAMARCORP S.A.S.,G4620,G4620.15 - VENTA AL POR MAYOR DE FLORES Y PLANTAS.,comercio_mayorista,FALSE,PICHINCHA,102,485080.24,-18348.31,503428.55,671493.79,0,5708.53,2024
313685,PROCESADORA ECUATORIANA DE FRUTA FRESCA Y CONGELADA (PIMANFRUIT) S.A.,G4630,"G4630.12 - VENTA AL POR MAYOR DE FRUTAS, LEGUMBRES Y HORTALIZAS.",comercio_mayorista,FALSE,PICHINCHA,4,484875.7,5952.99,478922.71,1344793.12,-1427.31,-1337.62,2024
25870,EXPORTADORA SUPERBANANA C LTDA,G4630,G4630.11 - VENTA AL POR MAYOR DE BANANO Y PLÁTANO.,comercio_mayorista,FALSE,GUAYAS,1,484772.45,419173.28,65599.16999999998,517919.75,313408.07,308165.41,2024
711259,PESCORCOM CIA.LTDA.,G4630,G4630.93 - VENTA AL POR MAYOR DE PRODUCTOS DE PANADERÍA Y REPOSTERÍA.,comercio_mayorista,FALSE,AZUAY,7,484027.78,136461.17,347566.61,1146003.67,13329.93,10397.35,2024
38303,COLBANANO S.A.,A0122,A0122.01 - CULTIVO DE BANANOS Y PLÁTANOS.,cultivo_fruticola,FALSE,EL ORO,13,483763.8,271440.34,212323.45999999996,1611379.34,0,2166.3,2024
181991,HIERRO ESTRELLA S.A. HIERROSTARSA,A0127,A0127.02 - CULTIVO DE CACAO.,cultivo_fruticola,FALSE,GUAYAS,2,483454.72,335646.69,147808.02999999997,301569.8,1992.59,1992.59,2024
172339,BISNESMUN S.A,G4630,"G4630.33 - VENTA AL POR MAYOR DE PESCADO, CRUSTÁCEOS, MOLUSCOS Y PRODUCTOS DE LA PESCA.",comercio_mayorista,FALSE,GUAYAS,2,483285.23,347007.94,136277.28999999998,295816.45,-780.58,-780.58,2024
744736,RUALNACORP S.A.S.,G4630,"G4630.92 - VENTA AL POR MAYOR DE AZÚCAR, CHOCOLATE Y PRODUCTOS DE CONFITERÍA.",comercio_mayorista,FALSE,GUAYAS,8,482849.95,38144.6,444705.35000000003,5040892.93,0,32297.17,2024
64365,NEWASSETS S.A.,A0127,A0127.02 - CULTIVO DE CACAO.,cultivo_fruticola,FALSE,GUAYAS,4,482185.7,51874.72,430310.98,36670.7,1643.23,1474.72,2024
719514,LICORES DE DURÁN LICODURAN S.A.,G4630,"G4630.95 - VENTA AL POR MAYOR DE BEBIDAS ALCOHÓLICAS, INCLUSO EL ENVASADO DE VINO A GRANEL SIN TRANSFORMACIÓN.",comercio_mayorista,FALSE,GUAYAS,7,482021.19,87756.04,394265.15,451186.06,15875.21,12382.67,2024
144939,GALLETAS Y CONFITES EL CONDOR GALCONDOR CIA. LTDA.,C1073,"C1073.21 - ELABORACIÓN DE PRODUCTOS DE CONFITERÍA: CARAMELOS, TURRÓN, GRAGEAS Y PASTILLAS DE CONFITERÍA, GOMA DE MASCAR (CHICLES), CONFITES BLANDOS, CONFITERÍA A BASE DE CHOCOLATE Y CHOCOLATE BLANCO, ETCÉTERA.",procesamiento,FALSE,TUNGURAHUA,12,481818.81,228905.03,252913.78,269018.98,1117.79,1117.79,2024
114342,INDUSTRIA PESQUERA OCEANOS S.A. ''INSPESOCEANOS'',G4630,G4630.32 - VENTA AL POR MAYOR DE CAMARÓN Y LANGOSTINOS.,comercio_mayorista,FALSE,GUAYAS,4,481404.72,234759.46,246645.25999999998,1709583.21,7903.02,5927.27,2024
43472,"COMPANIA DE EXPORTACIONES, IMPORTACIONES Y REPRESENTACIONES INTERCAFE S. A.",G4630,"G4630.14 - VENTA AL POR MAYOR DE CAFÉ, CACAO, TE Y ESPECIAS.",comercio_mayorista,FALSE,GUAYAS,3,481399.5,458191.15,23208.349999999977,93374.56,-18751.07,-18751.07,2024
720406,UNIGOM CIA.LTDA.,G4620,G4620.11 - VENTA AL POR MAYOR DE CEREALES (GRANOS) Y SEMILLAS.,comercio_mayorista,FALSE,AZUAY,4,481174.25,99290.77,381883.48,1978640.81,0,83.33,2024
754838,PRODUBANANO S.A.,G4630,G4630.11 - VENTA AL POR MAYOR DE BANANO Y PLÁTANO.,comercio_mayorista,FALSE,LOS RIOS,46,481140.18,97426.33,383713.85,1272956.46,110368.1,96626.33,2024
717528,DISTRIBUIDORAROGUIZAM CIA.LTDA.,G4630,G4630.99 - VENTA AL POR MAYOR DE OTROS PRODUCTOS COMESTIBLES (ENLATADOS Y CONSERVAS).,comercio_mayorista,FALSE,MANABI,16,481038.27,70013.18,411025.09,3133364.67,239.65,239.65,2024
126814,PRODAVET S.A.,C1030,"C1030.12 - CONSERVACIÓN DE FRUTAS, PULPA DE FRUTAS, LEGUMBRES Y HORTALIZAS MEDIANTE EL CONGELADO, SECADO, DESHIDRATADO, INMERSIÓN EN ACEITE O VINAGRE, ENLATADO, ETCÉTERA.",procesamiento,FALSE,GUAYAS,9,480713.83,174514.87,306198.96,360420.94,97899.27,93032.53,2024
38104,MEDPRIBA S.A.S.,A0122,A0122.01 - CULTIVO DE BANANOS Y PLÁTANOS.,cultivo_fruticola,FALSE,EL ORO,76,480391.15,96347.72,384043.43000000005,1339211.69,11680.47,11680.47,2024
718020,ECOTECHNOLOGY-SOLUTIONS S.A.,G4630,"G4630.33 - VENTA AL POR MAYOR DE PESCADO, CRUSTÁCEOS, MOLUSCOS Y PRODUCTOS DE LA PESCA.",comercio_mayorista,FALSE,GUAYAS,2,480322.1,52326.04,427996.06,405197.4,0,51526.04,2024
732333,CHALENSAMAR S.A.,G4630,G4630.32 - VENTA AL POR MAYOR DE CAMARÓN Y LANGOSTINOS.,comercio_mayorista,FALSE,GUAYAS,4,480298.26,318526.84,161771.41999999998,1167948.85,106785.57,80089.17,2024
173485,COMERCIALIZADORA ANRIMA S.A. COMANRIMA,G4630,G4630.31 - VENTA AL POR MAYOR DE CARNE Y PRODUCTOS CÁRNICOS (INCLUIDAS LAS AVES DE CORRAL).,comercio_mayorista,FALSE,GUAYAS,5,480221,126447.45,353773.55,2014054.63,48866.58,48866.58,2024
360791,IKAO COCOABEANS S.A.S.,G4630,"G4630.14 - VENTA AL POR MAYOR DE CAFÉ, CACAO, TE Y ESPECIAS.",comercio_mayorista,FALSE,CAÑAR,4,480089.39,190299.1,289790.29000000004,4080901.36,228704.03,166810.21,2024
152585,DISPOLLHYC CIA. LTDA.,G4630,G4630.31 - VENTA AL POR MAYOR DE CARNE Y PRODUCTOS CÁRNICOS (INCLUIDAS LAS AVES DE CORRAL).,comercio_mayorista,FALSE,COTOPAXI,3,479763.84,223174.49,256589.35000000003,629339.78,-17932.45,-17932.45,2024
741063,FRUTICULTIVA CIA.LTDA.,A0122,"A0122.09 - OTROS CULTIVOS DE FRUTAS TROPICALES Y SUBTROPICALES: PAPAYAS, BABACOS, CHAMBUROS, AGUACATES, HIGOS, ARAZÁ, GUAYABAS, GUANÁBANA, GUABA, CHIRIMOYA, NARANJILLAS, ZAPOTES, BOROJÓ, TAMARINDO, GRANADILLAS, DÁTILES, ETCÉTERA.",cultivo_fruticola,TRUE,SANTO DOMINGO DE LOS TSACHILAS,5,479480,41011,438469,665375,0,8270,2024
739415,COMRIVER S.A.S.,G4630,G4630.32 - VENTA AL POR MAYOR DE CAMARÓN Y LANGOSTINOS.,comercio_mayorista,FALSE,EL ORO,2,479304.76,193691.32,285613.44,4206274.11,244924.81,183691.32,2024
700329,PREVENCION EN SEGURIDAD Y SALUD OCUPACIONAL PREVENSSO CIA.LTDA.,A0126,A0126.01 - CULTIVO DE PALMAS DE ACEITE (PALMA AFRICANA).,cultivo_fruticola,FALSE,SANTO DOMINGO DE LOS TSACHILAS,4,478817.23,-9558.3,488375.52999999997,81413.36,612.99,457.26,2024
176005,"PRODUCCIÓN, ELABORACIÓN Y COMERCIALIZACIÓN ALIMENTICIA GAPIRIMON S.A",C1030,"C1030.11 - ELABORACIÓN DE ALIMENTOS COMPUESTOS (MEZCLA) PRINCIPALMENTE DE FRUTAS LEGUMBRES U HORTALIZAS, EXCEPTO PLATOS PREPARADOS EN FORMA CONGELADA O ENLATADA LISTOS PARA CONSUMIR.",procesamiento,FALSE,PICHINCHA,19,477680.89,147773.13,329907.76,1239969.17,28865.75,16996.08,2024
39361,SAVIBEN C. LTDA.,G4630,"G4630.94 - VENTA AL POR MAYOR DE BEBIDAS NO ALCOHÓLICAS (JUGOS, GASEOSAS, AGUA MINERAL, ETCÉTERA).",comercio_mayorista,FALSE,GUAYAS,1,477572.7,477572.7,0,14.33,-268.51,-268.51,2024
127095,MELAV CIA.LTDA.,G4630,G4630.91 - VENTA AL POR MAYOR DE ARROZ.,comercio_mayorista,FALSE,GUAYAS,7,477354.45,189337.25,288017.2,1419404.43,29958,21889.46,2024
706829,CERVEZA ARTESANAL SR55 CIA.LTDA.,G4620,G4620.19 - VENTA AL POR MAYOR DE OTRAS MATERIAS PRIMAS AGROPECUARIAS.,comercio_mayorista,FALSE,PICHINCHA,4,477223.64,169259.12,307964.52,895005.36,47485.69,47485.69,2024
62823,SOLMARKGREEN S.A.,G4630,G4630.91 - VENTA AL POR MAYOR DE ARROZ.,comercio_mayorista,FALSE,SANTA ELENA,8,477044.86,141797.67,335247.18999999994,715500.31,25078.82,25078.82,2024
732315,ZUPER RICA Z-R S.A.S.,G4630,G4630.23 - VENTA AL POR MAYOR DE ACEITES Y GRASAS COMESTIBLES DE ORIGEN ANIMAL O VEGETAL.,comercio_mayorista,FALSE,GUAYAS,1,476877.26,201148.73,275728.53,5706614.37,0,86502.41,2024
304489,FRESHSHELF S.A.,G4620,G4620.15 - VENTA AL POR MAYOR DE FLORES Y PLANTAS.,comercio_mayorista,FALSE,PICHINCHA,2,476707.78,375282.59,101425.19,66905.63,63400.53,27709.41,2024
147987,AGROINDUSTRIA KHUYAYSACHA CIA. LTDA.,G4620,G4620.11 - VENTA AL POR MAYOR DE CEREALES (GRANOS) Y SEMILLAS.,comercio_mayorista,FALSE,PICHINCHA,5,476202.68,107023.94,369178.74,54863.18,0,-5930.54,2024
321854,ENNERMAR S.A.,G4630,G4630.32 - VENTA AL POR MAYOR DE CAMARÓN Y LANGOSTINOS.,comercio_mayorista,FALSE,GUAYAS,4,475642.62,65640.45,410002.17,1056978.25,33958.12,25468.59,2024
128336,VERYSTAFF S.A.,A0122,A0122.01 - CULTIVO DE BANANOS Y PLÁTANOS.,cultivo_fruticola,FALSE,GUAYAS,4,474930.39,5140.16,469790.23000000004,1758125.9,434.3,434.3,2024
318661,BANNATERRA S.A.,A0122,A0122.01 - CULTIVO DE BANANOS Y PLÁTANOS.,cultivo_fruticola,FALSE,GUAYAS,4,474759.01,21252.89,453506.12,243906.93,0,1539.27,2024
738678,MAXGRAIN S.A.,G4620,G4620.11 - VENTA AL POR MAYOR DE CEREALES (GRANOS) Y SEMILLAS.,comercio_mayorista,FALSE,GUAYAS,3,474744.86,79164.44,395580.42,140968.26,477.68,313.53,2024
328882,SD-AGRO-CULTIVOS S.A.S.,A0126,A0126.01 - CULTIVO DE PALMAS DE ACEITE (PALMA AFRICANA).,cultivo_fruticola,FALSE,SANTO DOMINGO DE LOS TSACHILAS,13,474343.5,73864.91,400478.58999999997,188609.91,13148.24,11308.76,2024
717832,IMCARDECSA S.A.,G4630,G4630.31 - VENTA AL POR MAYOR DE CARNE Y PRODUCTOS CÁRNICOS (INCLUIDAS LAS AVES DE CORRAL).,comercio_mayorista,FALSE,GUAYAS,6,474061.32,90908.55,383152.77,801965.16,19420.76,14075.32,2024
301350,TROPIEXPO C.L.,A0127,A0127.02 - CULTIVO DE CACAO.,cultivo_fruticola,FALSE,EL ORO,4,473880.04,118370.32,355509.72,19050,-850.58,-425.29,2024
38342,AGRISOLBA S.A.,A0127,A0127.02 - CULTIVO DE CACAO.,cultivo_fruticola,FALSE,EL ORO,7,473383.37,266580.16,206803.21000000002,86021.13,30922.83,30139.29,2024
719018,NEO SOUTH NEOSOUTH S.A.,G4630,G4630.11 - VENTA AL POR MAYOR DE BANANO Y PLÁTANO.,comercio_mayorista,FALSE,EL ORO,4,473288.33,216966.82,256321.51,2795482.92,238633.72,152752.8,2024
750884,PANAMERICANA DE COMERCIO EXTERIOR PANACOMEX S.A.,G4620,G4620.12 - VENTA AL POR MAYOR DE FRUTOS Y SEMILLAS OLEAGINOSAS.,comercio_mayorista,FALSE,PICHINCHA,32,473212.67,-115197.6,588410.27,737987.01,-111801.02,-111801.02,2024
337876,FRITORICO S.A.,G4630,G4630.23 - VENTA AL POR MAYOR DE ACEITES Y GRASAS COMESTIBLES DE ORIGEN ANIMAL O VEGETAL.,comercio_mayorista,FALSE,GUAYAS,90,473127.32,10448.84,462678.48,1050998.2,3432.51,2026.86,2024
150639,MIDGO CIA. LTDA,C1030,"C1030.12 - CONSERVACIÓN DE FRUTAS, PULPA DE FRUTAS, LEGUMBRES Y HORTALIZAS MEDIANTE EL CONGELADO, SECADO, DESHIDRATADO, INMERSIÓN EN ACEITE O VINAGRE, ENLATADO, ETCÉTERA.",procesamiento,FALSE,PICHINCHA,24,473101.19,119866.08,353235.11,1107127.09,15640.22,11730.11,2024
138121,EXPORTGEMA S.A.,G4630,"G4630.33 - VENTA AL POR MAYOR DE PESCADO, CRUSTÁCEOS, MOLUSCOS Y PRODUCTOS DE LA PESCA.",comercio_mayorista,FALSE,GUAYAS,10,473062.38,258931.71,214130.67,601347.76,23204.82,14768.52,2024
159024,DUCRET S.A.,A0122,"A0122.09 - OTROS CULTIVOS DE FRUTAS TROPICALES Y SUBTROPICALES: PAPAYAS, BABACOS, CHAMBUROS, AGUACATES, HIGOS, ARAZÁ, GUAYABAS, GUANÁBANA, GUABA, CHIRIMOYA, NARANJILLAS, ZAPOTES, BOROJÓ, TAMARINDO, GRANADILLAS, DÁTILES, ETCÉTERA.",cultivo_fruticola,TRUE,SANTO DOMINGO DE LOS TSACHILAS,11,472410.04,439717.72,32692.320000000007,418857.59,15876.27,12322.63,2024
320559,CBM EXPORT CBMEXP S.A.,G4630,G4630.99 - VENTA AL POR MAYOR DE OTROS PRODUCTOS COMESTIBLES (ENLATADOS Y CONSERVAS).,comercio_mayorista,FALSE,GUAYAS,3,472225.95,338750.68,133475.27000000002,931450.78,0,166772.25,2024
134689,AGRICOLA EL RECREO RECREAGRO CIA. LTDA.,A0122,A0122.01 - CULTIVO DE BANANOS Y PLÁTANOS.,cultivo_fruticola,FALSE,GUAYAS,8,471824.77,37669.34,434155.43000000005,212750,8710.33,6582.83,2024
725428,GRUPPOROSSI CIA.LTDA.,G4630,"G4630.21 - VENTA AL POR MAYOR DE PRODUCTOS LÁCTEOS, INCLUIDO HELADOS, BOLOS, ETCÉTERA.",comercio_mayorista,FALSE,PICHINCHA,25,470233.51,218335.65,251897.86000000002,1857125.34,146194.24,109644.44,2024
129013,AGROVICTORIA S.A.,A0122,A0122.01 - CULTIVO DE BANANOS Y PLÁTANOS.,cultivo_fruticola,FALSE,GUAYAS,3,470025.05,460729.26,9295.789999999979,15364.48,-2751.69,-2751.69,2024
154548,CULTIVOS DE PALMA PALMALEON S.A.,A0126,A0126.01 - CULTIVO DE PALMAS DE ACEITE (PALMA AFRICANA).,cultivo_fruticola,FALSE,SANTO DOMINGO DE LOS TSACHILAS,6,469644.71,217851.53,251793.18000000002,229093.37,0,90702.63,2024
167367,ECOPRAL CIA. LTDA.,G4620,G4620.11 - VENTA AL POR MAYOR DE CEREALES (GRANOS) Y SEMILLAS.,comercio_mayorista,FALSE,CHIMBORAZO,4,469479.74,158142.87,311336.87,1561364.93,81138.05,62476.3,2024
131777,9-MAR S.A. NUEVEMARSA,G4630,G4630.32 - VENTA AL POR MAYOR DE CAMARÓN Y LANGOSTINOS.,comercio_mayorista,FALSE,SANTA ELENA,9,469479.67,215161.19,254318.47999999998,1498284.66,17034.14,14048.77,2024
712390,ECUADORAGRICOLA S.A.,A0122,A0122.01 - CULTIVO DE BANANOS Y PLÁTANOS.,cultivo_fruticola,FALSE,GUAYAS,2,469068.13,423242.64,45825.48999999999,131086.4,2819.95,2114.56,2024
346515,CITRONSAFT S.A.S.,C1030,"C1030.15 - ELABORACIÓN DE JUGOS (ZUMOS), NÉCTARES, CONCENTRADOS DE FRUTA FRESCA Y HORTALIZAS.",procesamiento,FALSE,IMBABURA,12,468532.7,74082.48,394450.22000000003,923780.66,83437.6,65070.08,2024
83175,GEMBOTOP S.A.,A0122,A0122.01 - CULTIVO DE BANANOS Y PLÁTANOS.,cultivo_fruticola,FALSE,LOS RIOS,10,467774.29,175361.55,292412.74,1316612.32,46894.47,33742.81,2024
328431,BANAMAR S.A.S.,G4630,G4630.11 - VENTA AL POR MAYOR DE BANANO Y PLÁTANO.,comercio_mayorista,FALSE,GUAYAS,9,466219.47,110768.36,355451.11,355964.98,123028.7,61514.35,2024
60418,PROESEMICA CIA. LTDA.,C1030,"C1030.12 - CONSERVACIÓN DE FRUTAS, PULPA DE FRUTAS, LEGUMBRES Y HORTALIZAS MEDIANTE EL CONGELADO, SECADO, DESHIDRATADO, INMERSIÓN EN ACEITE O VINAGRE, ENLATADO, ETCÉTERA.",procesamiento,FALSE,PICHINCHA,6,466212.13,96852.34,369359.79000000004,486958.35,27773.71,18986.67,2024
741692,ICELAND & MARKET S.A.,G4630,"G4630.94 - VENTA AL POR MAYOR DE BEBIDAS NO ALCOHÓLICAS (JUGOS, GASEOSAS, AGUA MINERAL, ETCÉTERA).",comercio_mayorista,FALSE,GUAYAS,7,466150.64,78039.02,388111.62,339353.82,54091.78,42191.59,2024
113116,COMPAÑIA AGRICOLA & AVICOLA DEL LITORAL AGRIVILT CIA. LTDA.,A0122,A0122.01 - CULTIVO DE BANANOS Y PLÁTANOS.,cultivo_fruticola,FALSE,GUAYAS,30,465996.26,218495.92,247500.34,1353794,69818.01,56023.75,2024
77481,FONTANICORP S.A.,G4630,G4630.99 - VENTA AL POR MAYOR DE OTROS PRODUCTOS COMESTIBLES (ENLATADOS Y CONSERVAS).,comercio_mayorista,FALSE,GUAYAS,9,465127.6,284296.52,180831.07999999996,1637373.73,51222.26,39953.36,2024
312316,RECORP DEL ECUADOR RECORP-FGR CIA.LTDA.,G4620,G4620.19 - VENTA AL POR MAYOR DE OTRAS MATERIAS PRIMAS AGROPECUARIAS.,comercio_mayorista,FALSE,EL ORO,2,465048.95,222123.36,242925.59000000003,370289.23,6887.9,5165.92,2024
733688,ANNAMA ROSES S.A.S.,G4620,G4620.15 - VENTA AL POR MAYOR DE FLORES Y PLANTAS.,comercio_mayorista,FALSE,IMBABURA,15,464839.3,49361.29,415478.01,333515.12,966.24,753.67,2024
304835,AGRÍCOLA VALLEHERMOSO CIA.LTDA.,A0125,"A0125.09 - OTROS CULTIVOS DE FRUTOS DE ÁRBOLES Y ARBUSTOS: PITAHAYA, TUNA, ALGARROBA, TAXOS, ETCÉTERA.",cultivo_fruticola,TRUE,PICHINCHA,1,464163.44,32037.39,432126.05,76620.2,1426.66,1094.85,2024
182034,COMERCIALIZADORA FRUIT TALUCA COMFRUTALUCA S.A.,A0122,A0122.01 - CULTIVO DE BANANOS Y PLÁTANOS.,cultivo_fruticola,FALSE,CAÑAR,9,462785.4,456175.53,6609.869999999995,1084109.35,9596.06,9596.06,2024
712573,ALIMENTICORP ALIMENTOS SALUDABLES S.A.,C1030,"C1030.14 - FABRICACIÓN DE PRODUCTOS ALIMENTICIOS A PARTIR DE (UN SOLO COMPONENTE) FRUTAS, LEGUMBRES Y HORTALIZAS; INCLUSO SNACKS DE PLÁTANO (CHIFLES), YUCA, FRUTAS, ETCÉTERA, EXCEPTO PAPA.",procesamiento,FALSE,GUAYAS,10,462602.86,83525.07,379077.79,815213.82,0,9587.36,2024
14902,CLINICA MODERNA C LTDA,G4630,G4630.11 - VENTA AL POR MAYOR DE BANANO Y PLÁTANO.,comercio_mayorista,FALSE,PICHINCHA,4,462536.05,-3563.88,466099.93,768385.03,0,2213.28,2024
6922,AGRICOLA DEL AUSTRO AVIOCHOA CIA. LTDA.,A0122,A0122.01 - CULTIVO DE BANANOS Y PLÁTANOS.,cultivo_fruticola,FALSE,GUAYAS,40,461987.89,24601.78,437386.11,1298671.2,0,33956.18,2024
160362,COMERCIALIZADORA GREENGARDEN CIA. LTDA.,G4620,G4620.15 - VENTA AL POR MAYOR DE FLORES Y PLANTAS.,comercio_mayorista,FALSE,PICHINCHA,6,461464.29,152680.69,308783.6,149850,0,1475.95,2024
706104,INDUSTRIA AGRICOLA ZUMO ZUMOCACAO S.A.,A0127,A0127.02 - CULTIVO DE CACAO.,cultivo_fruticola,FALSE,GUAYAS,25,461268.05,364151.13,97116.91999999998,415570.39,5893.78,2210.17,2024
99333,PREDIAL MILAGRO PREMILSA S.A.,G4620,G4620.12 - VENTA AL POR MAYOR DE FRUTOS Y SEMILLAS OLEAGINOSAS.,comercio_mayorista,FALSE,GUAYAS,2,460978.46,14498.14,446480.32,5288.5,-1187.07,-1187.07,2024
165898,MEGSAREAL S.A.,G4620,G4620.15 - VENTA AL POR MAYOR DE FLORES Y PLANTAS.,comercio_mayorista,FALSE,GUAYAS,2,460793.79,122645.02,338148.76999999996,120776.96,22330.03,9287.68,2024
55536,VIOT S.A,A0122,"A0122.09 - OTROS CULTIVOS DE FRUTAS TROPICALES Y SUBTROPICALES: PAPAYAS, BABACOS, CHAMBUROS, AGUACATES, HIGOS, ARAZÁ, GUAYABAS, GUANÁBANA, GUABA, CHIRIMOYA, NARANJILLAS, ZAPOTES, BOROJÓ, TAMARINDO, GRANADILLAS, DÁTILES, ETCÉTERA.",cultivo_fruticola,TRUE,GUAYAS,20,460570.02,370274.33,90295.69,847244,18713.99,4106.96,2024
334300,AGROSNACKS S.A.,A0122,A0122.01 - CULTIVO DE BANANOS Y PLÁTANOS.,cultivo_fruticola,FALSE,GUAYAS,5,460546.72,800,459746.72,1965.28,0,0,2024
139298,CIA. PRODSERVAGRIC S.A.,G4630,"G4630.12 - VENTA AL POR MAYOR DE FRUTAS, LEGUMBRES Y HORTALIZAS.",comercio_mayorista,FALSE,GUAYAS,2,459912.11,86471.16,373440.94999999995,329738.95,15168.01,11376.01,2024
748535,EMPRESAS CLEOBEL ORGANIC S.A.,G4630,"G4630.14 - VENTA AL POR MAYOR DE CAFÉ, CACAO, TE Y ESPECIAS.",comercio_mayorista,FALSE,MANABI,7,459855.18,366716.47,93138.71000000002,5526930.29,0,296374.27,2024
745156,FRUTAS PARA LA EXPORTACIÓN DEL PACIFICO FRUITEAM S.A.,A0122,"A0122.09 - OTROS CULTIVOS DE FRUTAS TROPICALES Y SUBTROPICALES: PAPAYAS, BABACOS, CHAMBUROS, AGUACATES, HIGOS, ARAZÁ, GUAYABAS, GUANÁBANA, GUABA, CHIRIMOYA, NARANJILLAS, ZAPOTES, BOROJÓ, TAMARINDO, GRANADILLAS, DÁTILES, ETCÉTERA.",cultivo_fruticola,TRUE,MANABI,22,459197.2,261140.36,198056.84000000003,324831.88,17498.22,12374.62,2024
327211,DISTRICAMP S.A.,G4620,G4620.19 - VENTA AL POR MAYOR DE OTRAS MATERIAS PRIMAS AGROPECUARIAS.,comercio_mayorista,FALSE,GUAYAS,26,458455.88,74982.62,383473.26,2928942.1,77265.65,57949.24,2024
38339,INDUSTRIAL FRUTERA ECUATORIANA S.A. INFRUES,A0122,A0122.01 - CULTIVO DE BANANOS Y PLÁTANOS.,cultivo_fruticola,FALSE,EL ORO,8,457398.77,36170.13,421228.64,3763335.14,41224.25,7407.1,2024
731199,PROYILMARCORP S.A.,G4630,"G4630.12 - VENTA AL POR MAYOR DE FRUTAS, LEGUMBRES Y HORTALIZAS.",comercio_mayorista,FALSE,GUAYAS,4,456657.86,168159.87,288497.99,1570311.33,27612.27,20729.84,2024
155789,PRODUCTORA Y EXPORTADORA DE FLORES SACHA ROSE CIA. LTDA.,G4620,G4620.15 - VENTA AL POR MAYOR DE FLORES Y PLANTAS.,comercio_mayorista,FALSE,PICHINCHA,50,456476.41,76909.96,379566.44999999995,1009836.92,31063.96,23655.41,2024
317243,TEMPUSALLIANCE C.LTDA.,G4630,"G4630.12 - VENTA AL POR MAYOR DE FRUTAS, LEGUMBRES Y HORTALIZAS.",comercio_mayorista,FALSE,PICHINCHA,5,455462.29,156365.52,299096.77,1581696.02,1701.67,1327.3,2024
740418,AGRICOLA SANCLOP S.A.,A0122,A0122.01 - CULTIVO DE BANANOS Y PLÁTANOS.,cultivo_fruticola,FALSE,LOS RIOS,7,455280.35,800,454480.35,228378.26,0,0,2024
725258,AGRICOLA MARAVILLA AGRICOLAMARAVILLASA S.A.,A0122,A0122.01 - CULTIVO DE BANANOS Y PLÁTANOS.,cultivo_fruticola,FALSE,LOS RIOS,8,455279.13,206312.91,248966.22,475824.81,80347.72,75138.43,2024
131200,DIMETEL S.A.,G4630,G4630.91 - VENTA AL POR MAYOR DE ARROZ.,comercio_mayorista,FALSE,GUAYAS,2,455196.32,424337.01,30859.309999999998,59341.68,6739.45,6739.45,2024
745351,YUMBO COFFEE TRADING S.A.S.,G4630,"G4630.14 - VENTA AL POR MAYOR DE CAFÉ, CACAO, TE Y ESPECIAS.",comercio_mayorista,FALSE,PICHINCHA,1,453766.85,161654.52,292112.32999999996,611006.03,-14716.67,-14716.67,2024
144868,MARIA GRACIA PRODUCCIONES S.A. MAPRODUC,A0122,A0122.01 - CULTIVO DE BANANOS Y PLÁTANOS.,cultivo_fruticola,FALSE,EL ORO,4,453278.87,60328.31,392950.56,163585.5,44677.39,43241.53,2024
178179,COMPAÑIA DISPROMALEX S.A.,G4630,G4630.23 - VENTA AL POR MAYOR DE ACEITES Y GRASAS COMESTIBLES DE ORIGEN ANIMAL O VEGETAL.,comercio_mayorista,FALSE,GUAYAS,2,452434.14,174834.94,277599.2,4540268.05,0,27401.84,2024
10106,CONSTRUPOSIBLE S.A.,A0122,A0122.02 - CULTIVO DE MANGOS.,cultivo_fruticola,FALSE,GUAYAS,5,452254.8,232125.42,220129.37999999998,262779.81,0,34120.46,2024
113213,LUMACOR S.A.,A0122,A0122.01 - CULTIVO DE BANANOS Y PLÁTANOS.,cultivo_fruticola,FALSE,GUAYAS,162,451982.08,283573.6,168408.48000000004,5482551.89,94352.27,94352.27,2024
711929,IRIDA CONNECTION IRIDA&TRADE CIA.LTDA.,G4620,G4620.15 - VENTA AL POR MAYOR DE FLORES Y PLANTAS.,comercio_mayorista,FALSE,PICHINCHA,8,451940.05,13761.08,438178.97,396605.96,1499.97,638.5,2024
334400,LACTEOS LA MORENITA S.A.S.,G4630,"G4630.21 - VENTA AL POR MAYOR DE PRODUCTOS LÁCTEOS, INCLUIDO HELADOS, BOLOS, ETCÉTERA.",comercio_mayorista,FALSE,CARCHI,7,450974.8,138232.78,312742.02,4454326.74,115989.14,90471.54,2024
336025,COMERCIALIZADORA ESTRAPAL S.A.,G4630,G4630.23 - VENTA AL POR MAYOR DE ACEITES Y GRASAS COMESTIBLES DE ORIGEN ANIMAL O VEGETAL.,comercio_mayorista,FALSE,PICHINCHA,3,449098.55,259248.76,189849.78999999998,4325453.2,104659.81,104659.81,2024
757545,PROTEÍNA E HIDROLIZADOS DEL PACIFICO HIDROPROPAC S.A.S.,G4620,G4620.19 - VENTA AL POR MAYOR DE OTRAS MATERIAS PRIMAS AGROPECUARIAS.,comercio_mayorista,FALSE,GUAYAS,1,448779.83,398447.21,50332.619999999995,0.01,-2352.79,-2352.79,2024
315428,PACGZE S.A.,A0122,A0122.01 - CULTIVO DE BANANOS Y PLÁTANOS.,cultivo_fruticola,FALSE,MANABI,20,448318.88,169411.37,278907.51,160690.17,2789.5,1207.67,2024
702650,DISTRIBUIDORA DE PRODUCTOS DE CONSUMO MASIVO DISTRIK-AZUAY S. A.,G4630,G4630.99 - VENTA AL POR MAYOR DE OTROS PRODUCTOS COMESTIBLES (ENLATADOS Y CONSERVAS).,comercio_mayorista,FALSE,SANTA ELENA,3,448214.12,443826.53,4387.589999999967,1286106.66,24863.03,18647.27,2024
311602,LA ESMERALDA AGRÍCOLA AGROESMESA S.A.,G4630,"G4630.14 - VENTA AL POR MAYOR DE CAFÉ, CACAO, TE Y ESPECIAS.",comercio_mayorista,FALSE,GUAYAS,4,446355.27,165615.48,280739.79000000004,745332,0,68.17,2024
313732,GREEX S.A.,G4630,"G4630.12 - VENTA AL POR MAYOR DE FRUTAS, LEGUMBRES Y HORTALIZAS.",comercio_mayorista,FALSE,PICHINCHA,3,445196.41,15138.82,430057.58999999997,2277549.77,224528.99,9395.62,2024
710522,NOVPEC S.A.,G4620,G4620.15 - VENTA AL POR MAYOR DE FLORES Y PLANTAS.,comercio_mayorista,FALSE,PICHINCHA,42,444852.77,156610.18,288242.59,1589999.3,44957.68,34902.33,2024
754870,RUVIAGRO KRV S.A.S.,G4620,G4620.11 - VENTA AL POR MAYOR DE CEREALES (GRANOS) Y SEMILLAS.,comercio_mayorista,FALSE,LOS RIOS,1,444818.93,177592.15,267226.78,178931.46,178181.46,176592.15,2024
324701,EXPORTADORA DE FRUTAS FRUTAREX S.A.S.,G4630,G4630.11 - VENTA AL POR MAYOR DE BANANO Y PLÁTANO.,comercio_mayorista,FALSE,GUAYAS,4,442804.57,3521.58,439282.99,270885.25,140.1,109.28,2024
311802,EXPORTADORA Y PRODUCTORA DE CAMARON PESANTEZ&PESANTEZ EXPROCAM S.A.,G4630,"G4630.33 - VENTA AL POR MAYOR DE PESCADO, CRUSTÁCEOS, MOLUSCOS Y PRODUCTOS DE LA PESCA.",comercio_mayorista,FALSE,GUAYAS,4,442594.3,101644.03,340950.27,1473490.21,9905.39,9905.39,2024
175784,MUSAKALIUM CIA. LTDA.,A0122,A0122.01 - CULTIVO DE BANANOS Y PLÁTANOS.,cultivo_fruticola,FALSE,EL ORO,32,442579.17,339736.96,102842.20999999996,945313.75,31847.66,21490.54,2024
133176,PATEWIN S.A.,G4630,"G4630.21 - VENTA AL POR MAYOR DE PRODUCTOS LÁCTEOS, INCLUIDO HELADOS, BOLOS, ETCÉTERA.",comercio_mayorista,FALSE,GUAYAS,7,442005.68,12012.14,429993.54,307175.12,5304.3,506.78,2024
715758,COMERCIALIZADORA DE MALTAS ALCOHOLES LICORES Y SABORES COLIMALTAS S.A.,G4630,"G4630.95 - VENTA AL POR MAYOR DE BEBIDAS ALCOHÓLICAS, INCLUSO EL ENVASADO DE VINO A GRANEL SIN TRANSFORMACIÓN.",comercio_mayorista,FALSE,PICHINCHA,3,441930.91,279669.03,162261.87999999995,190250,58197.52,55570.65,2024
142634,QANADEEL INTERNATIONAL S.A.,G4630,G4630.11 - VENTA AL POR MAYOR DE BANANO Y PLÁTANO.,comercio_mayorista,FALSE,GUAYAS,6,441516.31,78928.51,362587.8,9208336.26,20655.9,15491.93,2024
333464,DIDIMAR S.A.S.,G4630,"G4630.33 - VENTA AL POR MAYOR DE PESCADO, CRUSTÁCEOS, MOLUSCOS Y PRODUCTOS DE LA PESCA.",comercio_mayorista,FALSE,GUAYAS,3,441444.04,83837.93,357606.11,708586.2,26492.61,20320.6,2024
703592,KAOKA-ECUADOR S.A.,G4620,G4620.19 - VENTA AL POR MAYOR DE OTRAS MATERIAS PRIMAS AGROPECUARIAS.,comercio_mayorista,FALSE,GUAYAS,2,440223.18,276610.93,163612.25,88995.12,43104,33621.12,2024
726117,ELISAMAJORSIX CIA.LTDA.,A0127,A0127.02 - CULTIVO DE CACAO.,cultivo_fruticola,FALSE,LOS RIOS,2,439184.49,236111.23,203073.25999999998,19389.38,0,-72648.63,2024
704099,FEDAGRI S.A.,A0122,A0122.01 - CULTIVO DE BANANOS Y PLÁTANOS.,cultivo_fruticola,FALSE,GUAYAS,113,437271.89,65706.38,371565.51,2635348,64906.38,64906.38,2024
337872,MIS LINDEROS C.A.,G4630,G4630.23 - VENTA AL POR MAYOR DE ACEITES Y GRASAS COMESTIBLES DE ORIGEN ANIMAL O VEGETAL.,comercio_mayorista,FALSE,GUAYAS,80,437196.59,17109.72,420086.87,1093121.89,13170.44,9452.84,2024
97409,EXPORTADORA IMPORTADORA Y COMERCIALIZADORA FAREZ EICFAR S.A.,A0122,A0122.01 - CULTIVO DE BANANOS Y PLÁTANOS.,cultivo_fruticola,FALSE,EL ORO,5,435572.23,108002.65,327569.57999999996,676073.55,5654.91,4410.83,2024
710218,INFLORIT S.A.,G4620,G4620.15 - VENTA AL POR MAYOR DE FLORES Y PLANTAS.,comercio_mayorista,FALSE,PICHINCHA,26,434619.86,-283381.35,718001.21,575565.01,-36059.06,-36714.97,2024
325954,HACIENDA SIGLO NUEVO HSN S.A.S.,A0126,A0126.01 - CULTIVO DE PALMAS DE ACEITE (PALMA AFRICANA).,cultivo_fruticola,FALSE,ORELLANA,4,434502.89,92366.62,342136.27,494769.21,0,20602.67,2024
96276,GASUMAPALM CIA. LTDA.,A0126,A0126.01 - CULTIVO DE PALMAS DE ACEITE (PALMA AFRICANA).,cultivo_fruticola,FALSE,ESMERALDAS,4,434169.2,379581.02,54588.17999999999,417335.85,-1036.77,-5567.44,2024
308433,JM-SA JM SERVICIOS & ALIMENTOS CIA.LTDA.,G4630,"G4630.12 - VENTA AL POR MAYOR DE FRUTAS, LEGUMBRES Y HORTALIZAS.",comercio_mayorista,FALSE,PICHINCHA,6,433152.22,3925.43,429226.79,1465189.02,-3567.42,-3567.42,2024
107318,MAQUILAS SUPERIORES LUQUE QUALITY MASUQ S.A.,G4630,"G4630.12 - VENTA AL POR MAYOR DE FRUTAS, LEGUMBRES Y HORTALIZAS.",comercio_mayorista,FALSE,GUAYAS,2,433134.21,132494.12,300640.09,5618.66,0,15768.49,2024
29981,SUPREMEXPORT S.A.,G4630,"G4630.12 - VENTA AL POR MAYOR DE FRUTAS, LEGUMBRES Y HORTALIZAS.",comercio_mayorista,FALSE,GUAYAS,4,432510.77,231940.13,200570.64,1062559.16,0,41173.98,2024
96744,PROAGRIP CIA. LTDA.,G4630,G4630.91 - VENTA AL POR MAYOR DE ARROZ.,comercio_mayorista,FALSE,TUNGURAHUA,10,430814.23,340764.87,90049.35999999999,550134.52,164994.28,162241.37,2024
359184,AGROEMPRESA AGROMEK S.A.S.,A0122,"A0122.09 - OTROS CULTIVOS DE FRUTAS TROPICALES Y SUBTROPICALES: PAPAYAS, BABACOS, CHAMBUROS, AGUACATES, HIGOS, ARAZÁ, GUAYABAS, GUANÁBANA, GUABA, CHIRIMOYA, NARANJILLAS, ZAPOTES, BOROJÓ, TAMARINDO, GRANADILLAS, DÁTILES, ETCÉTERA.",cultivo_fruticola,TRUE,MANABI,4,430140.71,214073.02,216067.69000000003,425135.52,217724.91,213173.02,2024
310040,VITALREFORMA S.A.,A0127,A0127.02 - CULTIVO DE CACAO.,cultivo_fruticola,FALSE,IMBABURA,4,430063.73,-5276.94,435340.67,303.58,0,-10798.03,2024
716347,SERKANSEEDS S.A.,G4620,G4620.11 - VENTA AL POR MAYOR DE CEREALES (GRANOS) Y SEMILLAS.,comercio_mayorista,FALSE,GUAYAS,4,428501.43,146707.1,281794.32999999996,222562.38,4241.06,3308.02,2024
755092,INACAO CIA.LTDA.,G4630,"G4630.14 - VENTA AL POR MAYOR DE CAFÉ, CACAO, TE Y ESPECIAS.",comercio_mayorista,FALSE,EL ORO,7,428039.28,153621.39,274417.89,8198335.48,153221.39,153221.39,2024
131587,FRANCILSA S.A.,G4630,G4630.31 - VENTA AL POR MAYOR DE CARNE Y PRODUCTOS CÁRNICOS (INCLUIDAS LAS AVES DE CORRAL).,comercio_mayorista,FALSE,GUAYAS,3,427608.55,106806.71,320801.83999999997,184930.9,2181.27,2181.27,2024
75255,AGROMEDICA S.A.,A0127,A0127.02 - CULTIVO DE CACAO.,cultivo_fruticola,FALSE,GUAYAS,2,426058.69,218706.68,207352.01,5272.77,-3908.77,-3908.77,2024
180843,HUNTREST S.A.,G4630,"G4630.94 - VENTA AL POR MAYOR DE BEBIDAS NO ALCOHÓLICAS (JUGOS, GASEOSAS, AGUA MINERAL, ETCÉTERA).",comercio_mayorista,FALSE,PICHINCHA,32,425991.89,176575.9,249415.99000000002,1769105.03,0,147261.11,2024
733121,PEZVERA S.A.,G4630,"G4630.33 - VENTA AL POR MAYOR DE PESCADO, CRUSTÁCEOS, MOLUSCOS Y PRODUCTOS DE LA PESCA.",comercio_mayorista,FALSE,MANABI,6,425126.17,85295.33,339830.83999999997,671843.29,12482.73,9472.53,2024
179003,ESKORURAL S.A.,G4630,"G4630.12 - VENTA AL POR MAYOR DE FRUTAS, LEGUMBRES Y HORTALIZAS.",comercio_mayorista,FALSE,GUAYAS,11,424678.05,-742480.37,1167158.42,170513.48,0,-53424.66,2024
331349,SOLUCART S.A.S.,G4620,G4620.19 - VENTA AL POR MAYOR DE OTRAS MATERIAS PRIMAS AGROPECUARIAS.,comercio_mayorista,FALSE,GUAYAS,3,422763.95,9513.95,413250,982868.1,0,2210.52,2024
322781,MULTIDELARI S.A.S.,G4630,"G4630.94 - VENTA AL POR MAYOR DE BEBIDAS NO ALCOHÓLICAS (JUGOS, GASEOSAS, AGUA MINERAL, ETCÉTERA).",comercio_mayorista,FALSE,PICHINCHA,2,422721.02,25208.45,397512.57,4.5,4.5,3.51,2024
702155,COPROCARCHI S.A.,G4620,G4620.11 - VENTA AL POR MAYOR DE CEREALES (GRANOS) Y SEMILLAS.,comercio_mayorista,FALSE,PICHINCHA,8,422182.98,120977.55,301205.43,63985.26,3052.32,2215.51,2024
60260,S.A.S.E. GANADERA CIA. LTDA.,G4630,G4630.31 - VENTA AL POR MAYOR DE CARNE Y PRODUCTOS CÁRNICOS (INCLUIDAS LAS AVES DE CORRAL).,comercio_mayorista,FALSE,AZUAY,3,421795.98,128426.87,293369.11,451738.07,24030.34,16309.73,2024
722972,SNACKS ARTESANALES-SNART S.A.,C1030,C1030.23 - ELABORACIÓN DE PAPAS FRITAS Y SNACKS DE PAPAS.,procesamiento,FALSE,PICHINCHA,9,420894.04,-67356.32,488250.36,111363.78,-68389.41,-68389.41,2024
97171,BANAGRAND S.A.,A0122,A0122.01 - CULTIVO DE BANANOS Y PLÁTANOS.,cultivo_fruticola,FALSE,EL ORO,4,420574.56,-651544.08,1072118.64,440732.53,-67920.72,-67920.72,2024
62532,MOLINA & BLACIO CARNICOS IMPORTADOS CIA. LTDA.,G4630,G4630.31 - VENTA AL POR MAYOR DE CARNE Y PRODUCTOS CÁRNICOS (INCLUIDAS LAS AVES DE CORRAL).,comercio_mayorista,FALSE,PICHINCHA,13,420475.11,195644.82,224830.28999999998,2173886.71,53235.84,26617.92,2024
174523,IMPORTADORA EGUIMAC CIA. LTDA.,G4630,"G4630.14 - VENTA AL POR MAYOR DE CAFÉ, CACAO, TE Y ESPECIAS.",comercio_mayorista,FALSE,PICHINCHA,26,419241.04,83818.96,335422.07999999996,1036259.96,12470.5,1029.07,2024
317768,DISMARE S.A.,G4620,G4620.19 - VENTA AL POR MAYOR DE OTRAS MATERIAS PRIMAS AGROPECUARIAS.,comercio_mayorista,FALSE,EL ORO,6,418504.57,59811.66,358692.91000000003,499773.41,4469.17,4469.17,2024
133286,KRISMARE S.A.,G4630,G4630.32 - VENTA AL POR MAYOR DE CAMARÓN Y LANGOSTINOS.,comercio_mayorista,FALSE,GUAYAS,1,417746.79,220161.26,197585.52999999997,3933.86,0,5702.4,2024
727246,LATINEXPORSA S.A.,A0122,A0122.01 - CULTIVO DE BANANOS Y PLÁTANOS.,cultivo_fruticola,FALSE,GUAYAS,2,417106.65,2259.83,414846.82,29957217.02,237.07,177.8,2024
167082,FAVERCRIXA S.A.,G4630,"G4630.12 - VENTA AL POR MAYOR DE FRUTAS, LEGUMBRES Y HORTALIZAS.",comercio_mayorista,FALSE,GUAYAS,3,416220.7,87174.51,329046.19,4802.02,0,301.82,2024
309142,COMERCIALIZADORA DISTRIBUIDORA DE AVES LUPE ''AVILUPE'' S.A.,G4620,G4620.21 - VENTA AL POR MAYOR DE ANIMALES VIVOS.,comercio_mayorista,FALSE,GUAYAS,8,414607.85,76573.34,338034.51,2355227.4,1265.25,123.94,2024
745418,OLEOGAR S.A.S.,A0126,A0126.01 - CULTIVO DE PALMAS DE ACEITE (PALMA AFRICANA).,cultivo_fruticola,FALSE,LOS RIOS,4,414161.67,405376.56,8785.109999999986,527523.46,18196.66,18196.66,2024
325782,MOLINAGROUP S.A.S.,G4630,"G4630.12 - VENTA AL POR MAYOR DE FRUTAS, LEGUMBRES Y HORTALIZAS.",comercio_mayorista,FALSE,GUAYAS,2,413962.7,-193179.4,607142.1,1236987.93,29226.37,21340.11,2024
131896,COCOACONSULTING S.A.,A0127,A0127.02 - CULTIVO DE CACAO.,cultivo_fruticola,FALSE,GUAYAS,2,413258.6,413254.2,4.399999999965075,20,20,15.6,2024
319447,MEGA FRUITS AMAZON&ANDES S.A.S.,G4630,"G4630.12 - VENTA AL POR MAYOR DE FRUTAS, LEGUMBRES Y HORTALIZAS.",comercio_mayorista,FALSE,PICHINCHA,13,412812.72,30546.02,382266.69999999995,1249904.28,35924.63,26961.89,2024
359744,ECUAGRANOSMEJIACOCA S.A.S.,G4630,"G4630.14 - VENTA AL POR MAYOR DE CAFÉ, CACAO, TE Y ESPECIAS.",comercio_mayorista,FALSE,LOS RIOS,2,410689.54,167055.11,243634.43,2548102.42,166255.11,166255.11,2024
322863,ECUAGERMANIA IMPORTADORA EXPORTADORA NESTLER C.L.,G4630,"G4630.95 - VENTA AL POR MAYOR DE BEBIDAS ALCOHÓLICAS, INCLUSO EL ENVASADO DE VINO A GRANEL SIN TRANSFORMACIÓN.",comercio_mayorista,FALSE,PICHINCHA,3,410445.55,-158417.65,568863.2,208120.9,-61420.01,-61420.01,2024
147233,EKOKAKAO CIA. LTDA.,G4630,"G4630.14 - VENTA AL POR MAYOR DE CAFÉ, CACAO, TE Y ESPECIAS.",comercio_mayorista,FALSE,PICHINCHA,4,408374.1,-216276.27,624650.37,24649,-60770.1,-60770.1,2024
361236,CEALATAM S.A.S.,A0127,A0127.01 - CULTIVO DE CAFÉ.,cultivo_fruticola,FALSE,PICHINCHA,5,405520.03,80511.11,325008.92000000004,110029.36,0,75511.11,2024
147512,CROSTYBAL CIA. LTDA.,C1030,"C1030.11 - ELABORACIÓN DE ALIMENTOS COMPUESTOS (MEZCLA) PRINCIPALMENTE DE FRUTAS LEGUMBRES U HORTALIZAS, EXCEPTO PLATOS PREPARADOS EN FORMA CONGELADA O ENLATADA LISTOS PARA CONSUMIR.",procesamiento,FALSE,PICHINCHA,24,405353.9,34267.44,371086.46,781348.88,37629.85,24899.32,2024
344813,KAWSAQ ALLPA S.A.S. B.I.C.,A0122,A0122.01 - CULTIVO DE BANANOS Y PLÁTANOS.,cultivo_fruticola,FALSE,EL ORO,4,405142.69,-13563.44,418706.13,2101826.64,796.14,489.19,2024
724599,FENATURA S.A.,G4620,G4620.12 - VENTA AL POR MAYOR DE FRUTOS Y SEMILLAS OLEAGINOSAS.,comercio_mayorista,FALSE,PASTAZA,4,403987.63,23012.79,380974.84,266216.96,0,2911.4,2024
124956,SUNKLEN SERVICES S.A.,C1030,"C1030.14 - FABRICACIÓN DE PRODUCTOS ALIMENTICIOS A PARTIR DE (UN SOLO COMPONENTE) FRUTAS, LEGUMBRES Y HORTALIZAS; INCLUSO SNACKS DE PLÁTANO (CHIFLES), YUCA, FRUTAS, ETCÉTERA, EXCEPTO PAPA.",procesamiento,FALSE,GUAYAS,2,403707.63,116986.92,286720.71,129161.69,0,68337.46,2024
749595,BANANOS HOYOS COBO BANHOCO CIA.LTDA.,A0122,A0122.01 - CULTIVO DE BANANOS Y PLÁTANOS.,cultivo_fruticola,FALSE,LOS RIOS,4,403702.98,77847.4,325855.57999999996,1556602,0,0,2024
733681,AGRICEVALL S.A.,G4620,G4620.12 - VENTA AL POR MAYOR DE FRUTOS Y SEMILLAS OLEAGINOSAS.,comercio_mayorista,FALSE,LOS RIOS,2,403471.14,192684.24,210786.90000000002,3746069.88,0,30405.24,2024
329722,PROCESADORADE ALIMENTOS KUCKER S.A.S.,C1030,"C1030.14 - FABRICACIÓN DE PRODUCTOS ALIMENTICIOS A PARTIR DE (UN SOLO COMPONENTE) FRUTAS, LEGUMBRES Y HORTALIZAS; INCLUSO SNACKS DE PLÁTANO (CHIFLES), YUCA, FRUTAS, ETCÉTERA, EXCEPTO PAPA.",procesamiento,FALSE,PICHINCHA,26,402623.29,-48970.33,451593.62,498055.09,-109972.58,-54986.29,2024
734132,EXPORTADORA DON GONZALITO EXPORTGONZA S.A.,G4630,G4630.11 - VENTA AL POR MAYOR DE BANANO Y PLÁTANO.,comercio_mayorista,FALSE,GUAYAS,13,401604.23,-200685.08,602289.3099999999,3869513.29,-76858.26,-125650.94,2024
335281,CONCOSMAR S.A.S.,G4630,"G4630.33 - VENTA AL POR MAYOR DE PESCADO, CRUSTÁCEOS, MOLUSCOS Y PRODUCTOS DE LA PESCA.",comercio_mayorista,FALSE,EL ORO,4,400988.24,13734.46,387253.77999999997,2986532.69,15632.53,11724.4,2024
754439,PROLICORES-AMBATO S.A.S.,G4630,"G4630.95 - VENTA AL POR MAYOR DE BEBIDAS ALCOHÓLICAS, INCLUSO EL ENVASADO DE VINO A GRANEL SIN TRANSFORMACIÓN.",comercio_mayorista,FALSE,TUNGURAHUA,7,400655.49,-647.08,401302.57,902813.55,0,-10237.08,2024
97767,AGRICOLA CACAO ''AGRISANCA S.A.'',A0127,A0127.02 - CULTIVO DE CACAO.,cultivo_fruticola,FALSE,GUAYAS,26,400464.34,136441.17,264023.17000000004,109465.46,1997.34,0,2024
747514,ABBYMAR SEAFOOD S.A.S.,G4630,"G4630.33 - VENTA AL POR MAYOR DE PESCADO, CRUSTÁCEOS, MOLUSCOS Y PRODUCTOS DE LA PESCA.",comercio_mayorista,FALSE,SANTA ELENA,5,400400,400400,0,701467.67,0,0,2024
336652,AGRICOLA CEREALES AGRICERSA S.A.,G4620,G4620.11 - VENTA AL POR MAYOR DE CEREALES (GRANOS) Y SEMILLAS.,comercio_mayorista,FALSE,GUAYAS,2,399416.33,49336.92,350079.41000000003,526338.1,554.36,432.4,2024
714952,EXPOBANAL S.A.,A0122,A0122.01 - CULTIVO DE BANANOS Y PLÁTANOS.,cultivo_fruticola,FALSE,GUAYAS,3,398848.22,7219.53,391628.68999999994,1899072.7,0,407.78,2024
708566,EXPORTADORA BANAPRI EXPOBANAPRI S.A.,G4630,G4630.11 - VENTA AL POR MAYOR DE BANANO Y PLÁTANO.,comercio_mayorista,FALSE,GUAYAS,3,398787.01,-1334105.6,1732892.61,993293.2,-205740.32,-212306.36,2024
340649,DONPOLLO S.A.,G4630,G4630.31 - VENTA AL POR MAYOR DE CARNE Y PRODUCTOS CÁRNICOS (INCLUIDAS LAS AVES DE CORRAL).,comercio_mayorista,FALSE,SANTO DOMINGO DE LOS TSACHILAS,6,397881.57,8911.43,388970.14,1235650.59,2073.79,1570.44,2024
749122,VISTA-ALTA AGRO INVESTMENTS ECUADOR CIA.LTDA.,C1030,"C1030.12 - CONSERVACIÓN DE FRUTAS, PULPA DE FRUTAS, LEGUMBRES Y HORTALIZAS MEDIANTE EL CONGELADO, SECADO, DESHIDRATADO, INMERSIÓN EN ACEITE O VINAGRE, ENLATADO, ETCÉTERA.",procesamiento,FALSE,GUAYAS,1,397517.75,-8506.71,406024.46,10006.4,-13999.33,-13999.33,2024
746845,ALYANGROUP CIA.LTDA.,G4620,G4620.11 - VENTA AL POR MAYOR DE CEREALES (GRANOS) Y SEMILLAS.,comercio_mayorista,FALSE,TUNGURAHUA,4,397084.9,15388.2,381696.7,330701.84,0,-21926.26,2024
50056,PRODUCTORES AGRICOLAS DEL NORTE PRONTE CIA LTDA,A0126,A0126.01 - CULTIVO DE PALMAS DE ACEITE (PALMA AFRICANA).,cultivo_fruticola,FALSE,PICHINCHA,5,396834.39,118709.44,278124.95,160896.37,1784.51,1784.51,2024
5979,COMPANIA DE ELABORADOS DE CACAO COLCACAO CA,C1073,"C1073.11 - ELABORACIÓN DE CACAO, MANTECA, GRASA Y ACEITE DE CACAO.",procesamiento,FALSE,GUAYAS,5,394705.34,342562.03,52143.31,5100.27,597.61,597.61,2024
726244,FRESH FLOWER CARGO FF-CARGO S.A.,G4620,G4620.15 - VENTA AL POR MAYOR DE FLORES Y PLANTAS.,comercio_mayorista,FALSE,PICHINCHA,16,394402.94,61034.73,333368.21,486026.46,0,8937.44,2024
339471,GSCORP ECUADOR S.A.S.,G4620,G4620.19 - VENTA AL POR MAYOR DE OTRAS MATERIAS PRIMAS AGROPECUARIAS.,comercio_mayorista,FALSE,GUAYAS,1,393136.48,89638.65,303497.82999999996,397970.1,4446.97,3311.54,2024
148617,FRESHMONDE S.A.,G4630,"G4630.12 - VENTA AL POR MAYOR DE FRUTAS, LEGUMBRES Y HORTALIZAS.",comercio_mayorista,FALSE,MANABI,8,393083.83,200556.58,192527.25000000003,304164.23,63010.38,58212.86,2024
158702,CACAO INALNAPO CIA. LTDA.,G4630,"G4630.14 - VENTA AL POR MAYOR DE CAFÉ, CACAO, TE Y ESPECIAS.",comercio_mayorista,FALSE,PICHINCHA,8,391912.6,307050.47,84862.13,310775.63,0,6138.07,2024
135038,RESTAURANTE PUERTO INCA S.A. PORTOINCA,G4630,G4630.91 - VENTA AL POR MAYOR DE ARROZ.,comercio_mayorista,FALSE,GUAYAS,12,391282.8,-135574.45,526857.25,126135.05,-154528.09,-154528.09,2024
321101,LOOR PARRAGA LOPARCOM S.A.S.,G4630,"G4630.33 - VENTA AL POR MAYOR DE PESCADO, CRUSTÁCEOS, MOLUSCOS Y PRODUCTOS DE LA PESCA.",comercio_mayorista,FALSE,MANABI,2,390538.3,172625.57,217912.72999999998,2952357.26,132112.84,103048.01,2024
302776,AGRICOLA CACAO DEL SUR CAODELSUR CIA.LTDA.,A0127,A0127.02 - CULTIVO DE CACAO.,cultivo_fruticola,FALSE,EL ORO,6,390020.6,-63779.76,453800.36,83428.29,0,-84739.65,2024
733719,ASTRO BANANA ASTROBANSUR S.A.S.,G4630,G4630.11 - VENTA AL POR MAYOR DE BANANO Y PLÁTANO.,comercio_mayorista,FALSE,GUAYAS,4,389895.44,206290.74,183604.7,547237.06,143186.48,111685.45,2024
740395,MATTHEWSFRUIT S.A.S.,G4630,G4630.11 - VENTA AL POR MAYOR DE BANANO Y PLÁTANO.,comercio_mayorista,FALSE,GUAYAS,1,389034.13,312358.71,76675.41999999998,1576086.12,116666.82,98441.74,2024
154217,EVERFLOWERS S.A.,G4620,G4620.15 - VENTA AL POR MAYOR DE FLORES Y PLANTAS.,comercio_mayorista,FALSE,PICHINCHA,4,388357.22,257525.68,130831.53999999998,245006.3,8059.03,5939.15,2024
713956,AVICOMACSA S.A.,G4620,G4620.21 - VENTA AL POR MAYOR DE ANIMALES VIVOS.,comercio_mayorista,FALSE,GUAYAS,10,387576.27,80627.78,306948.49,13045371.85,10561.57,7767.23,2024
68441,FRUSOT S.A.,A0122,"A0122.09 - OTROS CULTIVOS DE FRUTAS TROPICALES Y SUBTROPICALES: PAPAYAS, BABACOS, CHAMBUROS, AGUACATES, HIGOS, ARAZÁ, GUAYABAS, GUANÁBANA, GUABA, CHIRIMOYA, NARANJILLAS, ZAPOTES, BOROJÓ, TAMARINDO, GRANADILLAS, DÁTILES, ETCÉTERA.",cultivo_fruticola,TRUE,LOS RIOS,5,387070.55,209970.22,177100.33,65000,2731.53,2130.59,2024
322113,EQUADRAGON FRUIT COMPANY S.A.S.,G4630,"G4630.12 - VENTA AL POR MAYOR DE FRUTAS, LEGUMBRES Y HORTALIZAS.",comercio_mayorista,FALSE,PICHINCHA,2,386685.11,364747.98,21937.130000000005,2145055.68,0,300193.04,2024
119947,SEA & LAND S. A. SEALAND,G4630,G4630.99 - VENTA AL POR MAYOR DE OTROS PRODUCTOS COMESTIBLES (ENLATADOS Y CONSERVAS).,comercio_mayorista,FALSE,GUAYAS,5,385283.7,112599.77,272683.93,646511.61,10057.28,7844.68,2024
152688,AGROPRIM FARMS CIA. LTDA.,G4620,G4620.15 - VENTA AL POR MAYOR DE FLORES Y PLANTAS.,comercio_mayorista,FALSE,PICHINCHA,15,385264.9,33928.1,351336.80000000005,1275936.62,2926.01,919.59,2024
109942,PROYIMAR S.A.,G4630,"G4630.12 - VENTA AL POR MAYOR DE FRUTAS, LEGUMBRES Y HORTALIZAS.",comercio_mayorista,FALSE,GUAYAS,10,384796.97,351063.34,33733.62999999995,437821.33,9322.36,7652.85,2024
310122,CUPAGRO CIA.LTDA.,A0127,A0127.02 - CULTIVO DE CACAO.,cultivo_fruticola,FALSE,EL ORO,3,382349.6,-97114.41,479464.01,114052.26,0,14174.03,2024
162813,JORGE SAGUAY E HIJOS CIA. LTDA.,G4630,"G4630.95 - VENTA AL POR MAYOR DE BEBIDAS ALCOHÓLICAS, INCLUSO EL ENVASADO DE VINO A GRANEL SIN TRANSFORMACIÓN.",comercio_mayorista,FALSE,PICHINCHA,16,381796.05,14705.66,367090.39,1320481.24,0,2724.54,2024
716073,SANJORDICO CIA.LTDA.,A0122,A0122.01 - CULTIVO DE BANANOS Y PLÁTANOS.,cultivo_fruticola,FALSE,LOS RIOS,52,381094.64,63280.14,317814.5,1094883.37,38973.85,26842.4,2024
747508,CEVAFISH S.A.S.,G4630,"G4630.33 - VENTA AL POR MAYOR DE PESCADO, CRUSTÁCEOS, MOLUSCOS Y PRODUCTOS DE LA PESCA.",comercio_mayorista,FALSE,GUAYAS,2,380818.67,44461.25,336357.42,1104698.54,12131.98,9098.98,2024
158688,UNIVITIS S.A.,G4630,"G4630.95 - VENTA AL POR MAYOR DE BEBIDAS ALCOHÓLICAS, INCLUSO EL ENVASADO DE VINO A GRANEL SIN TRANSFORMACIÓN.",comercio_mayorista,FALSE,PICHINCHA,6,380600.61,75570.58,305030.02999999997,183854.18,2101.43,-790.12,2024
703818,DVIN WINE&SPIRITS DISTRIBUIDORA CIA.LTDA.,G4630,"G4630.95 - VENTA AL POR MAYOR DE BEBIDAS ALCOHÓLICAS, INCLUSO EL ENVASADO DE VINO A GRANEL SIN TRANSFORMACIÓN.",comercio_mayorista,FALSE,PICHINCHA,12,380600.61,75570.58,305030.02999999997,183854.18,2101.43,-790.12,2024
162082,EXPORTADORA IMPORTADORA CAÑAS TREJOS CIA. LTDA.,G4630,"G4630.12 - VENTA AL POR MAYOR DE FRUTAS, LEGUMBRES Y HORTALIZAS.",comercio_mayorista,FALSE,SANTO DOMINGO DE LOS TSACHILAS,4,380154.23,43221.82,336932.41,1463446.35,0,7162.53,2024
323831,HH PEX S.A.S.,G4630,"G4630.33 - VENTA AL POR MAYOR DE PESCADO, CRUSTÁCEOS, MOLUSCOS Y PRODUCTOS DE LA PESCA.",comercio_mayorista,FALSE,SANTA ELENA,2,379587.72,3160.53,376427.18999999994,43094.52,0,-24050.37,2024
318975,FRUEXPORSA S.A.,G4630,"G4630.12 - VENTA AL POR MAYOR DE FRUTAS, LEGUMBRES Y HORTALIZAS.",comercio_mayorista,FALSE,GUAYAS,9,379452.52,37380.29,342072.23000000004,2466356.91,28669.02,28669.02,2024
706723,DISTRIBUIDORA DE LA COSTA XEP CIA.LTDA.,G4630,"G4630.95 - VENTA AL POR MAYOR DE BEBIDAS ALCOHÓLICAS, INCLUSO EL ENVASADO DE VINO A GRANEL SIN TRANSFORMACIÓN.",comercio_mayorista,FALSE,GUAYAS,9,377488.7,71375.49,306113.21,520319.84,579.7,-775.07,2024
738741,MARKETDIM CIA.LTDA.,G4630,G4630.99 - VENTA AL POR MAYOR DE OTROS PRODUCTOS COMESTIBLES (ENLATADOS Y CONSERVAS).,comercio_mayorista,FALSE,GUAYAS,3,374837.19,30214.46,344622.73,831494.3,37250.33,28976.15,2024
336590,FRED FISH SEAFOOD S.A.S.,G4630,G4630.32 - VENTA AL POR MAYOR DE CAMARÓN Y LANGOSTINOS.,comercio_mayorista,FALSE,GUAYAS,1,374277.25,211030.85,163246.4,402501.41,-9376.02,-9376.02,2024
111052,TROYLER S.A.,A0122,A0122.01 - CULTIVO DE BANANOS Y PLÁTANOS.,cultivo_fruticola,FALSE,GUAYAS,15,373748.02,44234.94,329513.08,1344057.17,16271.29,16271.29,2024
180953,LA REPRESA DE LICORES S.A. REPLICORSA,G4630,"G4630.95 - VENTA AL POR MAYOR DE BEBIDAS ALCOHÓLICAS, INCLUSO EL ENVASADO DE VINO A GRANEL SIN TRANSFORMACIÓN.",comercio_mayorista,FALSE,GUAYAS,7,373541.22,44416.81,329124.41,193805.22,3288.03,598.94,2024
720829,ANCLA&VIENTO ECUADOR S.A.,G4630,G4630.32 - VENTA AL POR MAYOR DE CAMARÓN Y LANGOSTINOS.,comercio_mayorista,FALSE,GUAYAS,3,373026.48,-585287.09,958313.57,117726.81,-86203.02,-86203.02,2024
713112,AGRÍCOLA COMERCIAL JIPIJAPA AGRIJIPIJAPA S.A.,A0127,A0127.01 - CULTIVO DE CAFÉ.,cultivo_fruticola,FALSE,MANABI,3,372133.02,-373524.81,745657.8300000001,109442.88,692.66,-2941.87,2024
109199,LITZER S.A.,G4630,"G4630.92 - VENTA AL POR MAYOR DE AZÚCAR, CHOCOLATE Y PRODUCTOS DE CONFITERÍA.",comercio_mayorista,FALSE,GUAYAS,14,369964.09,67318.01,302646.08,894849.01,983.82,681.92,2024
724899,COMERCIALIZADORA Y EXPORTADORA REYCACAO-EXPORT S.A.,G4630,"G4630.14 - VENTA AL POR MAYOR DE CAFÉ, CACAO, TE Y ESPECIAS.",comercio_mayorista,FALSE,LOS RIOS,6,367476.08,216156.08,151320.00000000003,77660,0,1183.17,2024
140328,CARPEFRESMANTA S.A.,G4630,G4630.32 - VENTA AL POR MAYOR DE CAMARÓN Y LANGOSTINOS.,comercio_mayorista,FALSE,MANABI,5,367093.35,60776.57,306316.77999999997,2315725.8,0,2857.13,2024
746900,FLORES LA CASTELLANA FLC CIA.LTDA.,G4620,G4620.15 - VENTA AL POR MAYOR DE FLORES Y PLANTAS.,comercio_mayorista,FALSE,IMBABURA,43,366814.29,15842.34,350971.94999999995,630704.15,0,510.28,2024
752295,PRODUCCIÓN AGRÍCOLA CHACRAS PRAC S.A.S.,A0127,A0127.02 - CULTIVO DE CACAO.,cultivo_fruticola,FALSE,EL ORO,4,366576.73,10681.79,355894.94,18330,8142.85,8082.85,2024
714148,MAXILICORES S.A.,G4630,"G4630.95 - VENTA AL POR MAYOR DE BEBIDAS ALCOHÓLICAS, INCLUSO EL ENVASADO DE VINO A GRANEL SIN TRANSFORMACIÓN.",comercio_mayorista,FALSE,GUAYAS,5,364808.77,61389.73,303419.04000000004,540950.82,8873.65,6921.45,2024
319920,GRUPAD S.A.,G4630,G4630.32 - VENTA AL POR MAYOR DE CAMARÓN Y LANGOSTINOS.,comercio_mayorista,FALSE,MANABI,2,363979.57,226383.98,137595.59,546588.33,14834.3,11570.75,2024
97251,AGROINDUSTRIAL ROOSLET S.A.,G4630,G4630.11 - VENTA AL POR MAYOR DE BANANO Y PLÁTANO.,comercio_mayorista,FALSE,EL ORO,2,363416.44,75906.52,287509.92,2867.62,641.9,641.9,2024
164652,PALMERAS ABAD ÁLAVA PALRAMABAD CIA. LTDA,A0126,A0126.01 - CULTIVO DE PALMAS DE ACEITE (PALMA AFRICANA).,cultivo_fruticola,FALSE,PICHINCHA,2,361755.92,266388.54,95367.38,143734.99,0,-33756.71,2024
344118,PITAFRESH-ECUADOR S.A.S.,A0125,"A0125.09 - OTROS CULTIVOS DE FRUTOS DE ÁRBOLES Y ARBUSTOS: PITAHAYA, TUNA, ALGARROBA, TAXOS, ETCÉTERA.",cultivo_fruticola,TRUE,MORONA SANTIAGO,2,361216.21,17843.17,343373.04000000004,509873.3,10743.62,8380.02,2024
736744,OLS OPERADOR LOGISTICO DEL SUR CIA.LTDA.,G4630,"G4630.94 - VENTA AL POR MAYOR DE BEBIDAS NO ALCOHÓLICAS (JUGOS, GASEOSAS, AGUA MINERAL, ETCÉTERA).",comercio_mayorista,FALSE,AZUAY,9,360796.92,4247.85,356549.07,3587204.23,6296.98,-36765.79,2024
334422,BANANA TRADE S.A.,G4630,G4630.11 - VENTA AL POR MAYOR DE BANANO Y PLÁTANO.,comercio_mayorista,FALSE,GUAYAS,5,360710.68,6278.39,354432.29,2439547.6,777.65,777.65,2024
728815,VANAPROBAL CIA.LTDA.,A0122,A0122.01 - CULTIVO DE BANANOS Y PLÁTANOS.,cultivo_fruticola,FALSE,EL ORO,14,360436.33,1842.09,358594.24,846350.94,0,-36671.82,2024
753910,YGL BANANAS DE DIOS S.A.S.,A0122,A0122.01 - CULTIVO DE BANANOS Y PLÁTANOS.,cultivo_fruticola,FALSE,EL ORO,20,360032.79,134400.32,225632.46999999997,563048.44,139447.99,133500.32,2024
370881,AGROPLANTSS S.A.S.,G4620,G4620.15 - VENTA AL POR MAYOR DE FLORES Y PLANTAS.,comercio_mayorista,FALSE,COTOPAXI,2,359465.97,282956.77,76509.19999999995,282624.1,282556.77,282556.77,2024
721214,COMERCIALIZADORA Y PRODUCTORA LATINA COMLASA GGT S.A.,G4630,G4630.99 - VENTA AL POR MAYOR DE OTROS PRODUCTOS COMESTIBLES (ENLATADOS Y CONSERVAS).,comercio_mayorista,FALSE,PICHINCHA,7,358183.67,108040.46,250143.20999999996,1103699.67,0,554.6,2024
306963,EXPORTADORA Y COMERCIALIZADORA TROPICAL EXPOCOMERTROPI S.A.,A0122,A0122.02 - CULTIVO DE MANGOS.,cultivo_fruticola,FALSE,GUAYAS,3,357280.93,267053.89,90227.03999999998,578859.5,47600.68,37128.53,2024
171492,CORIVET DISTRIBUIDORA VETERINARIA CIA. LTDA.,G4630,G4630.97 - VENTA AL POR MAYOR DE ALIMENTO PARA MASCOTAS (ANIMALES DOMÉSTICOS).,comercio_mayorista,FALSE,PICHINCHA,10,357271.18,126618.62,230652.56,809095.92,15813.94,11090.8,2024
319316,AMPSOLUTECH S.A.S.,G4620,"G4620.14 - VENTA AL POR MAYOR DE DESECHOS, RESIDUOS Y PRODUCTOS DERIVADOS USADOS PARA ALIMENTAR ANIMALES (FORRAJE), INCLUYE MATERIAS PRIMAS AGRARIAS.",comercio_mayorista,FALSE,GUAYAS,3,356991.1,33964.53,323026.56999999995,310490.02,13902.29,10832.16,2024
354698,BANAPORTI S.A.S.,A0122,A0122.01 - CULTIVO DE BANANOS Y PLÁTANOS.,cultivo_fruticola,FALSE,GUAYAS,24,355994.21,23573.9,332420.31,188021.6,24699.5,22573.9,2024
95663,DISTRIBUIDORA BAYAS & BAYAS CIA. LTDA.,G4630,"G4630.95 - VENTA AL POR MAYOR DE BEBIDAS ALCOHÓLICAS, INCLUSO EL ENVASADO DE VINO A GRANEL SIN TRANSFORMACIÓN.",comercio_mayorista,FALSE,ESMERALDAS,2,355886.8,295420.58,60466.21999999997,156613.36,1953.51,1523.74,2024
121515,ITL INDUSTRIAL TUNA LOINS S.A.,G4630,"G4630.33 - VENTA AL POR MAYOR DE PESCADO, CRUSTÁCEOS, MOLUSCOS Y PRODUCTOS DE LA PESCA.",comercio_mayorista,FALSE,GUAYAS,3,355241,153060,202181,173812,28599,22307,2024
746210,PITABEL S.A.S.,G4630,"G4630.12 - VENTA AL POR MAYOR DE FRUTAS, LEGUMBRES Y HORTALIZAS.",comercio_mayorista,FALSE,GUAYAS,1,354639.22,77859.31,276779.91,1507695.44,58634.4,58634.4,2024
717307,IMPORTADORA ECUATORIANA IMPOLICOREC S.A.,G4630,"G4630.95 - VENTA AL POR MAYOR DE BEBIDAS ALCOHÓLICAS, INCLUSO EL ENVASADO DE VINO A GRANEL SIN TRANSFORMACIÓN.",comercio_mayorista,FALSE,GUAYAS,4,354576.18,76677.27,277898.91,440217.97,1697.51,1219.72,2024
333453,LIMAGI S.A.S.,G4620,G4620.19 - VENTA AL POR MAYOR DE OTRAS MATERIAS PRIMAS AGROPECUARIAS.,comercio_mayorista,FALSE,GUAYAS,3,354563.99,15417.63,339146.36,883527.3,18323.36,6566.7,2024
739590,DIVA FLOREX S.A.S.,G4620,G4620.15 - VENTA AL POR MAYOR DE FLORES Y PLANTAS.,comercio_mayorista,FALSE,PICHINCHA,5,354279.95,40904.41,313375.54000000004,110184.69,4522.08,3482.24,2024
41924,EQUIPOS SISTEMAS Y SERVICIOS SA E.S.I.S.E.R.V.I.S.,G4630,G4630.91 - VENTA AL POR MAYOR DE ARROZ.,comercio_mayorista,FALSE,GUAYAS,4,354126.65,113394.51,240732.14,120502.25,0,39581.17,2024
728291,MARELLAPORT C.A.,G4630,"G4630.33 - VENTA AL POR MAYOR DE PESCADO, CRUSTÁCEOS, MOLUSCOS Y PRODUCTOS DE LA PESCA.",comercio_mayorista,FALSE,EL ORO,6,353834.35,64759.44,289074.91,984099.44,11569.8,9024.44,2024
726230,GLOBAL TRADE BUSINESS GLOBALTRADEBUSINESS S.A.,G4630,"G4630.12 - VENTA AL POR MAYOR DE FRUTAS, LEGUMBRES Y HORTALIZAS.",comercio_mayorista,FALSE,GUAYAS,4,353444.85,144672.77,208772.08,924917.5,70190.4,54748.51,2024
716093,PLANTAECU CIA.LTDA.,A0122,A0122.01 - CULTIVO DE BANANOS Y PLÁTANOS.,cultivo_fruticola,FALSE,LOS RIOS,49,352942.74,55437.44,297505.3,968567.55,17604.32,6711.77,2024
311744,NEWBEV NEW WORLD BEVERAGES CIA.LTDA.,C1030,"C1030.15 - ELABORACIÓN DE JUGOS (ZUMOS), NÉCTARES, CONCENTRADOS DE FRUTA FRESCA Y HORTALIZAS.",procesamiento,FALSE,PICHINCHA,4,352849.82,24536.43,328313.39,121400.02,89252.56,87829.68,2024
359605,LA PARISIENNE S.A.S.,C1073,"C1073.21 - ELABORACIÓN DE PRODUCTOS DE CONFITERÍA: CARAMELOS, TURRÓN, GRAGEAS Y PASTILLAS DE CONFITERÍA, GOMA DE MASCAR (CHICLES), CONFITES BLANDOS, CONFITERÍA A BASE DE CHOCOLATE Y CHOCOLATE BLANCO, ETCÉTERA.",procesamiento,FALSE,PICHINCHA,17,352769.64,6063.19,346706.45,253738.84,5523.1,1063.19,2024
359839,ICAMBAN S.A.S.,A0122,A0122.01 - CULTIVO DE BANANOS Y PLÁTANOS.,cultivo_fruticola,FALSE,GUAYAS,31,352767.24,3201.15,349566.08999999997,1190174.38,19679.73,2401.15,2024
40797,PISACUA SA,G4630,G4630.32 - VENTA AL POR MAYOR DE CAMARÓN Y LANGOSTINOS.,comercio_mayorista,FALSE,GUAYAS,15,352524.7,248392.62,104132.08000000002,403671.75,18662.58,14556.81,2024
161282,VILUZ AGROEXPORT CIA. LTDA.,A0126,A0126.01 - CULTIVO DE PALMAS DE ACEITE (PALMA AFRICANA).,cultivo_fruticola,FALSE,PICHINCHA,5,352318.08,177011.94,175306.14,54955.21,0,4111,2024
712614,AGRÍCOLA TRES HERMANOS ZB S.A.,A0122,A0122.01 - CULTIVO DE BANANOS Y PLÁTANOS.,cultivo_fruticola,FALSE,GUAYAS,4,351708.5,4061.28,347647.22,107165.49,4181.13,3261.28,2024
725211,AGRICOLA PRIETO&ESPINOZA CIA.LTDA.,A0122,A0122.01 - CULTIVO DE BANANOS Y PLÁTANOS.,cultivo_fruticola,FALSE,EL ORO,1,350895.37,32778.97,318116.4,13779.66,-41086.03,-41086.03,2024
132977,FRUTINEXUS S.A.,G4630,G4630.11 - VENTA AL POR MAYOR DE BANANO Y PLÁTANO.,comercio_mayorista,FALSE,GUAYAS,8,350467.79,198558.81,151908.97999999998,655370,18008.23,14142.88,2024
708495,COMERCIALIZADORA DEL AGRO COAGROJ&K S.A.,G4620,G4620.12 - VENTA AL POR MAYOR DE FRUTOS Y SEMILLAS OLEAGINOSAS.,comercio_mayorista,FALSE,MANABI,7,350109.24,40287.14,309822.1,358183.31,-38366.37,-38366.37,2024
350726,CARFIN S.A.S.,G4630,G4630.31 - VENTA AL POR MAYOR DE CARNE Y PRODUCTOS CÁRNICOS (INCLUIDAS LAS AVES DE CORRAL).,comercio_mayorista,FALSE,PICHINCHA,2,350003.27,139.64,349863.63,612133.45,39.64,39.64,2024
97065,ABOTSA S.A.,G4630,G4630.32 - VENTA AL POR MAYOR DE CAMARÓN Y LANGOSTINOS.,comercio_mayorista,FALSE,EL ORO,9,348792.91,239311.24,109481.66999999998,1015736.81,9003.32,5558.9,2024
132068,PRODUCONSET S.A.,A0127,"A0127.09 - OTROS CULTIVOS DE PLANTAS CON LAS QUE SE PREPARAN BEBIDAS: TÉ, MATE, ETCÉTERA.",cultivo_fruticola,FALSE,GUAYAS,2,348780.27,147395.66,201384.61000000002,1109445.79,45478.54,34108.9,2024
724724,ORGKAPP S.A.,G4630,"G4630.33 - VENTA AL POR MAYOR DE PESCADO, CRUSTÁCEOS, MOLUSCOS Y PRODUCTOS DE LA PESCA.",comercio_mayorista,FALSE,SANTA ELENA,3,348476.34,345038.39,3437.9500000000116,399174.17,3273.71,2298.14,2024
316530,LIVANKA S.A.,C1030,"C1030.14 - FABRICACIÓN DE PRODUCTOS ALIMENTICIOS A PARTIR DE (UN SOLO COMPONENTE) FRUTAS, LEGUMBRES Y HORTALIZAS; INCLUSO SNACKS DE PLÁTANO (CHIFLES), YUCA, FRUTAS, ETCÉTERA, EXCEPTO PAPA.",procesamiento,FALSE,MANABI,10,347479,342193.79,5285.210000000021,799769.98,5010.87,5010.87,2024
736395,COBANU S.A.,G4630,G4630.11 - VENTA AL POR MAYOR DE BANANO Y PLÁTANO.,comercio_mayorista,FALSE,GUAYAS,2,347315.2,83996.25,263318.95,414028,5480.85,2844.68,2024
719620,INDUSTRIAL WOOM S.A.,C1073,"C1073.21 - ELABORACIÓN DE PRODUCTOS DE CONFITERÍA: CARAMELOS, TURRÓN, GRAGEAS Y PASTILLAS DE CONFITERÍA, GOMA DE MASCAR (CHICLES), CONFITES BLANDOS, CONFITERÍA A BASE DE CHOCOLATE Y CHOCOLATE BLANCO, ETCÉTERA.",procesamiento,FALSE,TUNGURAHUA,15,347307.7,92610.79,254696.91000000003,669336.95,10604.49,9128.39,2024
363369,K'MEN GRANOS PREMIUM S.A.S.,G4620,G4620.11 - VENTA AL POR MAYOR DE CEREALES (GRANOS) Y SEMILLAS.,comercio_mayorista,FALSE,LOS RIOS,10,346541.73,176519.79,170021.93999999997,3534667.54,222026.39,166519.79,2024
116000,JARDINERIA RANCHO ALEGRE S.A. JARDINASA,G4620,G4620.15 - VENTA AL POR MAYOR DE FLORES Y PLANTAS.,comercio_mayorista,FALSE,GUAYAS,19,345894.53,74179.64,271714.89,385602,35317.18,15116.71,2024
723384,DELVERFISH S.A.,G4630,"G4630.33 - VENTA AL POR MAYOR DE PESCADO, CRUSTÁCEOS, MOLUSCOS Y PRODUCTOS DE LA PESCA.",comercio_mayorista,FALSE,SANTO DOMINGO DE LOS TSACHILAS,4,345000,43642.54,301357.46,7165247.08,79258.7,42842.54,2024
337392,DCFOODS COMPANY S.A.S.,G4630,G4630.31 - VENTA AL POR MAYOR DE CARNE Y PRODUCTOS CÁRNICOS (INCLUIDAS LAS AVES DE CORRAL).,comercio_mayorista,FALSE,TUNGURAHUA,11,343004.94,-101222.98,444227.92,1501787.53,-203109.42,-101554.71,2024
706111,COMERCIALIZADORA ORIENTAL VACAVALLE CIA.LTDA.,G4630,"G4630.94 - VENTA AL POR MAYOR DE BEBIDAS NO ALCOHÓLICAS (JUGOS, GASEOSAS, AGUA MINERAL, ETCÉTERA).",comercio_mayorista,FALSE,PASTAZA,4,342418.62,-41829.9,384248.52,134706.64,-54632.9,-54632.9,2024
43005,COMERCIAL E INDUSTRIAL VELVON SA,G4630,G4630.99 - VENTA AL POR MAYOR DE OTROS PRODUCTOS COMESTIBLES (ENLATADOS Y CONSERVAS).,comercio_mayorista,FALSE,GUAYAS,2,341865.53,227154.11,114711.42000000004,42010,7998.64,7998.64,2024
117902,PANELA INTERNATIONAL COMPANY S.A. PANELICOM,A0122,A0122.01 - CULTIVO DE BANANOS Y PLÁTANOS.,cultivo_fruticola,FALSE,LOS RIOS,7,341561.58,141944.9,199616.68000000002,924638.05,21604.76,12461.06,2024
310377,BONAE-EC S.A.,G4630,"G4630.14 - VENTA AL POR MAYOR DE CAFÉ, CACAO, TE Y ESPECIAS.",comercio_mayorista,FALSE,PICHINCHA,2,341403.31,123673.41,217729.9,202695.56,6216.78,4915.09,2024
726832,FORTALEZA BANANERA FORTBANA S.A.,G4630,G4630.11 - VENTA AL POR MAYOR DE BANANO Y PLÁTANO.,comercio_mayorista,FALSE,COTOPAXI,63,340902.39,41779.68,299122.71,2508893.75,50372.91,37779.68,2024
745611,FLEUPHORIA S.A.S.,G4620,G4620.15 - VENTA AL POR MAYOR DE FLORES Y PLANTAS.,comercio_mayorista,FALSE,PICHINCHA,1,340433.17,311462.78,28970.389999999956,298656.95,0,214403.32,2024
63428,BONAPESCA S.A.,G4630,G4630.32 - VENTA AL POR MAYOR DE CAMARÓN Y LANGOSTINOS.,comercio_mayorista,FALSE,SANTO DOMINGO DE LOS TSACHILAS,5,339498.5,236201.54,103296.95999999999,473493.47,24077.49,18593.05,2024
332057,PRODUCTOS DEL MAR S A PRODELMARSA S.A.,G4630,"G4630.33 - VENTA AL POR MAYOR DE PESCADO, CRUSTÁCEOS, MOLUSCOS Y PRODUCTOS DE LA PESCA.",comercio_mayorista,FALSE,GUAYAS,3,339364.17,62772.68,276591.49,385475.05,17414.13,13583.02,2024
311797,MUZECACAO S.A.,G4630,"G4630.14 - VENTA AL POR MAYOR DE CAFÉ, CACAO, TE Y ESPECIAS.",comercio_mayorista,FALSE,PICHINCHA,5,339128.51,5249.77,333878.74,69200.47,-46502.14,-46502.14,2024
730593,TOTOSAMY CIA.LTDA.,G4630,G4630.11 - VENTA AL POR MAYOR DE BANANO Y PLÁTANO.,comercio_mayorista,FALSE,MANABI,3,338853.17,53259.79,285593.38,1283701.22,-228769.09,-118698.82,2024
123057,RIUPLI S.A.,C1030,"C1030.15 - ELABORACIÓN DE JUGOS (ZUMOS), NÉCTARES, CONCENTRADOS DE FRUTA FRESCA Y HORTALIZAS.",procesamiento,FALSE,GUAYAS,4,338000.42,166491.53,171508.88999999998,120855.93,54252.94,54252.94,2024
720706,COMERCIALIZADORA FUMIBANA FUMIBANACOMER S.A.,G4620,G4620.19 - VENTA AL POR MAYOR DE OTRAS MATERIAS PRIMAS AGROPECUARIAS.,comercio_mayorista,FALSE,GUAYAS,2,337394.77,214569.54,122825.23000000001,1959449.44,0,35392.19,2024
115795,UNILASA S.A.,G4630,G4630.31 - VENTA AL POR MAYOR DE CARNE Y PRODUCTOS CÁRNICOS (INCLUIDAS LAS AVES DE CORRAL).,comercio_mayorista,FALSE,GUAYAS,1,337259.34,212047.53,125211.81000000003,21777.84,326.79,254.9,2024
69619,FABERCA S.A.,G4630,"G4630.21 - VENTA AL POR MAYOR DE PRODUCTOS LÁCTEOS, INCLUIDO HELADOS, BOLOS, ETCÉTERA.",comercio_mayorista,FALSE,GUAYAS,6,336983.27,108793.68,228189.59000000003,500,-208163.44,-208163.44,2024
720650,EXPORTPESCA S.A.,G4630,"G4630.12 - VENTA AL POR MAYOR DE FRUTAS, LEGUMBRES Y HORTALIZAS.",comercio_mayorista,FALSE,GUAYAS,4,336694.4,1075.32,335619.08,1317.76,352.98,275.32,2024
33722,MARIA JOSE JACOME DE IMPORTACIONES CIA. LTDA.,C1030,"C1030.13 - CONSERVACIÓN DE NUECES (PASTA DE NUECES) Y OTROS FRUTOS SECOS MEDIANTE EL TOSTADO, SALADO, ASADO, ENLATADO, ETCÉTERA.",procesamiento,FALSE,AZUAY,4,335730.7,334411.48,1319.2200000000303,34411.65,-12586.19,-12586.19,2024
319749,KASADONI S.A.S.,A0125,"A0125.09 - OTROS CULTIVOS DE FRUTOS DE ÁRBOLES Y ARBUSTOS: PITAHAYA, TUNA, ALGARROBA, TAXOS, ETCÉTERA.",cultivo_fruticola,TRUE,GUAYAS,8,335287.11,38011.67,297275.44,334648.02,2596.38,2025.18,2024
44462,SALINOPOLIS S. A.,A0127,A0127.02 - CULTIVO DE CACAO.,cultivo_fruticola,FALSE,GUAYAS,6,334720.95,296261.14,38459.81,72089.52,-61.32,-1014.4,2024
350449,COMERCIAL AGRICOLA TENGUEL COATE S.A.S.,G4630,"G4630.14 - VENTA AL POR MAYOR DE CAFÉ, CACAO, TE Y ESPECIAS.",comercio_mayorista,FALSE,GUAYAS,2,334251.66,252861.54,81390.11999999997,3509180.56,300361.2,225270.9,2024
724765,GRUEMARSAN S.A.,G4630,"G4630.33 - VENTA AL POR MAYOR DE PESCADO, CRUSTÁCEOS, MOLUSCOS Y PRODUCTOS DE LA PESCA.",comercio_mayorista,FALSE,MANABI,4,333562.82,163604.11,169958.71000000002,276271.32,0,4341.02,2024
315162,AGRICOLA SUMAK AGRISUMAK CIA.LTDA.,A0122,A0122.01 - CULTIVO DE BANANOS Y PLÁTANOS.,cultivo_fruticola,FALSE,LOS RIOS,3,333474.52,258126.12,75348.40000000002,676639.64,21941.94,21941.94,2024
713811,GASLICGROUP S.A.,G4630,"G4630.21 - VENTA AL POR MAYOR DE PRODUCTOS LÁCTEOS, INCLUIDO HELADOS, BOLOS, ETCÉTERA.",comercio_mayorista,FALSE,GUAYAS,6,333179.29,170731.18,162448.11,6120351.38,0,59095.1,2024
134694,AGRISANJUAN CIA. LTDA.,A0122,A0122.01 - CULTIVO DE BANANOS Y PLÁTANOS.,cultivo_fruticola,FALSE,GUAYAS,7,332966.08,36615.82,296350.26,252844.95,10308.05,7979.6,2024
141980,LATIN SELECTIONS FLORICOLA S.A.,G4620,G4620.15 - VENTA AL POR MAYOR DE FLORES Y PLANTAS.,comercio_mayorista,FALSE,PICHINCHA,4,332478.76,12788.86,319689.9,332025.36,-93216.24,-93216.24,2024
754329,FRUIT-TRADE CO. S.A.S.,G4630,G4630.11 - VENTA AL POR MAYOR DE BANANO Y PLÁTANO.,comercio_mayorista,FALSE,GUAYAS,5,331760.05,10023.09,321736.95999999996,3120765.08,0,23.09,2024
167297,ECUATORIANA DE ESPUMA FLORAL ECUAFLORAL S.A.,G4620,G4620.15 - VENTA AL POR MAYOR DE FLORES Y PLANTAS.,comercio_mayorista,FALSE,PICHINCHA,4,330039.56,289961.02,40078.53999999998,129150.05,13087.49,11529.86,2024
330330,MIZURI S.A.S.,G4630,G4630.11 - VENTA AL POR MAYOR DE BANANO Y PLÁTANO.,comercio_mayorista,FALSE,GUAYAS,7,329908.79,22566.16,307342.63,483285.89,0,27256.88,2024
705381,ZAPVELCORP S.A.,G4630,G4630.31 - VENTA AL POR MAYOR DE CARNE Y PRODUCTOS CÁRNICOS (INCLUIDAS LAS AVES DE CORRAL).,comercio_mayorista,FALSE,GUAYAS,2,329729.93,35138.08,294591.85,150783.36,0,-34590.95,2024
335879,BARFESA S.A.,G4630,G4630.31 - VENTA AL POR MAYOR DE CARNE Y PRODUCTOS CÁRNICOS (INCLUIDAS LAS AVES DE CORRAL).,comercio_mayorista,FALSE,MANABI,14,328902.05,34679.98,294222.07,4204875.33,38228.1,26984.54,2024
73879,PATHUERCORP S.A.,G4630,"G4630.94 - VENTA AL POR MAYOR DE BEBIDAS NO ALCOHÓLICAS (JUGOS, GASEOSAS, AGUA MINERAL, ETCÉTERA).",comercio_mayorista,FALSE,GUAYAS,4,328381.19,47244.54,281136.65,9319.38,1791.43,822.8,2024
120560,CENTURYCORP S.A.,A0122,A0122.01 - CULTIVO DE BANANOS Y PLÁTANOS.,cultivo_fruticola,FALSE,LOS RIOS,7,327929.98,157688.68,170241.3,978653.84,25163.3,14545.64,2024
305004,BANANERA ESPINOZA VALDIVIEZO BANESVAL S.A.,A0122,A0122.01 - CULTIVO DE BANANOS Y PLÁTANOS.,cultivo_fruticola,FALSE,EL ORO,2,327319.98,-1242.13,328562.11,946033.57,0,-97725.93,2024
367398,FRUTAFRESCA SIGUA S.A.S.,G4630,G4630.11 - VENTA AL POR MAYOR DE BANANO Y PLÁTANO.,comercio_mayorista,FALSE,GUAYAS,3,327258.54,318357.45,8901.089999999967,45700.01,0,2357.45,2024
356537,GOLDFRUITS S.A.S.,A0122,A0122.01 - CULTIVO DE BANANOS Y PLÁTANOS.,cultivo_fruticola,FALSE,GUAYAS,24,326748.34,278366.22,48382.12000000005,739570.1,284761.92,277366.22,2024
346464,JCFRUITS S.A.S.,G4630,"G4630.12 - VENTA AL POR MAYOR DE FRUTAS, LEGUMBRES Y HORTALIZAS.",comercio_mayorista,FALSE,MANABI,4,325868.56,194987.8,130880.76000000001,991072.19,53599.34,41124.33,2024
143601,BOYARDIN S.A.,G4630,G4630.32 - VENTA AL POR MAYOR DE CAMARÓN Y LANGOSTINOS.,comercio_mayorista,FALSE,GUAYAS,5,325827.67,232889.39,92938.27999999997,142238.92,0,-29785.47,2024
728949,AMORES AMAZONIC AMORESAMAZONIC CIA.LTDA.,A0125,"A0125.09 - OTROS CULTIVOS DE FRUTOS DE ÁRBOLES Y ARBUSTOS: PITAHAYA, TUNA, ALGARROBA, TAXOS, ETCÉTERA.",cultivo_fruticola,TRUE,PASTAZA,15,325164.25,44732.24,280432.01,7105.15,-16203.74,-16203.74,2024
352149,CELLYMAR S.A.S.,G4630,"G4630.33 - VENTA AL POR MAYOR DE PESCADO, CRUSTÁCEOS, MOLUSCOS Y PRODUCTOS DE LA PESCA.",comercio_mayorista,FALSE,MANABI,4,324121.62,257338.07,66783.54999999999,4007757.18,7414.26,5560.69,2024
317142,AGROINDUSTRIAL LA FELIPA AGROFE S.A.,A0125,"A0125.09 - OTROS CULTIVOS DE FRUTOS DE ÁRBOLES Y ARBUSTOS: PITAHAYA, TUNA, ALGARROBA, TAXOS, ETCÉTERA.",cultivo_fruticola,TRUE,MANABI,5,322757.7,21211.72,301545.98,589786.17,87070.08,65302.56,2024
703571,FINJOREN S.A.,G4630,G4630.11 - VENTA AL POR MAYOR DE BANANO Y PLÁTANO.,comercio_mayorista,FALSE,GUAYAS,28,322739.17,207164.81,115574.35999999999,1055842.96,42023.32,31390.22,2024
335365,GRANFRUTA COMPANY C.L.,G4630,"G4630.12 - VENTA AL POR MAYOR DE FRUTAS, LEGUMBRES Y HORTALIZAS.",comercio_mayorista,FALSE,PICHINCHA,8,322660.23,13719.96,308940.26999999996,2225456.06,0,11719.96,2024
322109,BERMONC S.A.S.,C1030,"C1030.14 - FABRICACIÓN DE PRODUCTOS ALIMENTICIOS A PARTIR DE (UN SOLO COMPONENTE) FRUTAS, LEGUMBRES Y HORTALIZAS; INCLUSO SNACKS DE PLÁTANO (CHIFLES), YUCA, FRUTAS, ETCÉTERA, EXCEPTO PAPA.",procesamiento,FALSE,MANABI,16,321997.37,128313.31,193684.06,2470424.49,59393.82,48713.35,2024
22534,BODEGAS SAN FELIPE S.A. BOSANFEL,G4630,"G4630.14 - VENTA AL POR MAYOR DE CAFÉ, CACAO, TE Y ESPECIAS.",comercio_mayorista,FALSE,GUAYAS,4,321865.07,319578.64,2286.429999999993,168960.4,0,62083.94,2024
335250,MAREA NUEVA S.A.,G4630,"G4630.33 - VENTA AL POR MAYOR DE PESCADO, CRUSTÁCEOS, MOLUSCOS Y PRODUCTOS DE LA PESCA.",comercio_mayorista,FALSE,EL ORO,4,321782.75,319625.07,2157.679999999993,158876.4,-19260.85,-19260.85,2024
726284,CENTRO AGROINDUSTRIAL SANTO CACAO CAGROSCA CIA.LTDA.,C1073,"C1073.30 - SERVICIOS DE APOYO A LA ELABORACIÓN DE CACAO, CHOCOLATE Y PRODUCTOS DE CONFITERÍA A CAMBIO DE UNA RETRIBUCIÓN O POR CONTRATO.",procesamiento,FALSE,LOS RIOS,3,320100.29,282685.27,37415.01999999996,383051.44,196947.43,196947.43,2024
327569,DISPROVILL JFVR S.A.S.,G4630,"G4630.92 - VENTA AL POR MAYOR DE AZÚCAR, CHOCOLATE Y PRODUCTOS DE CONFITERÍA.",comercio_mayorista,FALSE,GUAYAS,4,319948.89,5627.39,314321.5,956171.15,2913.96,2043.31,2024
87986,LIVZA CIA. LTDA.,G4630,"G4630.95 - VENTA AL POR MAYOR DE BEBIDAS ALCOHÓLICAS, INCLUSO EL ENVASADO DE VINO A GRANEL SIN TRANSFORMACIÓN.",comercio_mayorista,FALSE,PICHINCHA,5,319047.2,-41923.65,360970.85000000003,68539.23,1048.86,222.97,2024
309894,COMPAÑIA DOMEFRUIT S.A.,A0122,A0122.01 - CULTIVO DE BANANOS Y PLÁTANOS.,cultivo_fruticola,FALSE,EL ORO,2,318722.32,24534.53,294187.79000000004,1362364.54,4472.41,3488.48,2024
750791,MOCARKA S.A.,A0122,A0122.01 - CULTIVO DE BANANOS Y PLÁTANOS.,cultivo_fruticola,FALSE,GUAYAS,9,318706.26,251523.51,67182.75,431364.76,279087.65,237224.51,2024
102462,BRISVAN S.A.,G4630,"G4630.12 - VENTA AL POR MAYOR DE FRUTAS, LEGUMBRES Y HORTALIZAS.",comercio_mayorista,FALSE,GUAYAS,4,318140.44,144540.65,173599.79,148342.24,37724.88,35629.51,2024
733818,MARISCOS FLIPPER-EC S.A.S.,G4630,"G4630.33 - VENTA AL POR MAYOR DE PESCADO, CRUSTÁCEOS, MOLUSCOS Y PRODUCTOS DE LA PESCA.",comercio_mayorista,FALSE,MANABI,6,317510.67,-53073.67,370584.33999999997,551064.48,-24085.86,-24085.86,2024
712173,PRODUCTORA & COMERCIALIZADORA AGRO NATURAL RESOURCES WORLDEXPORT CIA.LTDA.,A0122,"A0122.09 - OTROS CULTIVOS DE FRUTAS TROPICALES Y SUBTROPICALES: PAPAYAS, BABACOS, CHAMBUROS, AGUACATES, HIGOS, ARAZÁ, GUAYABAS, GUANÁBANA, GUABA, CHIRIMOYA, NARANJILLAS, ZAPOTES, BOROJÓ, TAMARINDO, GRANADILLAS, DÁTILES, ETCÉTERA.",cultivo_fruticola,TRUE,PASTAZA,5,316391.32,59875.6,256515.72,645907.97,0,-58048.09,2024
122202,LMNETWORKING S.A.,G4630,G4630.91 - VENTA AL POR MAYOR DE ARROZ.,comercio_mayorista,FALSE,GUAYAS,3,316040.73,255609.69,60431.03999999998,216870.46,0,7274.25,2024
327273,AGROS&GREEN PRODUCE S.A.S.,G4630,G4630.11 - VENTA AL POR MAYOR DE BANANO Y PLÁTANO.,comercio_mayorista,FALSE,MANABI,4,314883.47,188089.22,126794.24999999997,653030.71,53292.89,45895.13,2024
710317,IMPORTADORA EXPORTADORA NESTLER & HAHL IMMSE C.L.,G4630,"G4630.95 - VENTA AL POR MAYOR DE BEBIDAS ALCOHÓLICAS, INCLUSO EL ENVASADO DE VINO A GRANEL SIN TRANSFORMACIÓN.",comercio_mayorista,FALSE,PICHINCHA,3,314761.37,9494.21,305267.16,304286.09,-22726.31,-22726.31,2024
332056,"PESCADO, CAMARON Y OTROS S.A.",G4630,"G4630.33 - VENTA AL POR MAYOR DE PESCADO, CRUSTÁCEOS, MOLUSCOS Y PRODUCTOS DE LA PESCA.",comercio_mayorista,FALSE,GUAYAS,2,314109.28,56534.33,257574.95,367651.89,17304,13497.12,2024
127948,EXTROPOLI S.A.,G4630,G4630.11 - VENTA AL POR MAYOR DE BANANO Y PLÁTANO.,comercio_mayorista,FALSE,GUAYAS,5,313600.44,284912.14,28688.29999999999,428388.38,0,82992.13,2024
727206,GALÁPAGOS INTERNATIONAL BEVERAGE GALAINBEV S.A.,G4630,"G4630.95 - VENTA AL POR MAYOR DE BEBIDAS ALCOHÓLICAS, INCLUSO EL ENVASADO DE VINO A GRANEL SIN TRANSFORMACIÓN.",comercio_mayorista,FALSE,GUAYAS,4,313163.4,30144.69,283018.71,499211.25,0,13631.16,2024
359875,JGFRUITSEXPORT S.A.S.,G4620,G4620.12 - VENTA AL POR MAYOR DE FRUTOS Y SEMILLAS OLEAGINOSAS.,comercio_mayorista,FALSE,GUAYAS,2,313111.91,37323.49,275788.42,1539406.64,46568.58,36323.49,2024
706733,COMERCIALIZADORA AMN ALMANTI ECUADOR S.A.,G4620,G4620.15 - VENTA AL POR MAYOR DE FLORES Y PLANTAS.,comercio_mayorista,FALSE,PICHINCHA,21,312279.37,52756.17,259523.2,691921.78,4472.43,3077.06,2024
332104,PESCA Y COMERCIALIZACION S A PESCOMER S.A.,G4630,"G4630.33 - VENTA AL POR MAYOR DE PESCADO, CRUSTÁCEOS, MOLUSCOS Y PRODUCTOS DE LA PESCA.",comercio_mayorista,FALSE,GUAYAS,3,311128.61,67848.54,243280.07,359693.28,16914.4,13193.23,2024
728628,EXPORTADORA ISAFRUIT S.A.S.,A0122,"A0122.09 - OTROS CULTIVOS DE FRUTAS TROPICALES Y SUBTROPICALES: PAPAYAS, BABACOS, CHAMBUROS, AGUACATES, HIGOS, ARAZÁ, GUAYABAS, GUANÁBANA, GUABA, CHIRIMOYA, NARANJILLAS, ZAPOTES, BOROJÓ, TAMARINDO, GRANADILLAS, DÁTILES, ETCÉTERA.",cultivo_fruticola,TRUE,GUAYAS,2,310508.26,-291634.26,602142.52,295430.24,-74753.96,-77662.28,2024
164176,FLEURAMETZ ECUADOR CIA. LTDA.,G4620,G4620.15 - VENTA AL POR MAYOR DE FLORES Y PLANTAS.,comercio_mayorista,FALSE,PICHINCHA,36,310284.94,213325.37,96959.57,1152123.04,20424,19382.29,2024
360625,PRIPALM S.A.S.,A0126,A0126.01 - CULTIVO DE PALMAS DE ACEITE (PALMA AFRICANA).,cultivo_fruticola,FALSE,SUCUMBIOS,6,310214.34,46136.38,264077.96,2378890.27,0,0,2024
134792,MANTEGNA S.A.,A0122,A0122.01 - CULTIVO DE BANANOS Y PLÁTANOS.,cultivo_fruticola,FALSE,GUAYAS,2,309908.63,265053.3,44855.330000000016,24000,-41.53,-41.53,2024
179202,BANABAYCORP S.A.,G4630,G4630.11 - VENTA AL POR MAYOR DE BANANO Y PLÁTANO.,comercio_mayorista,FALSE,GUAYAS,4,309511.75,10520.05,298991.7,5880,3211.4,3211.4,2024
168132,GRANI & TORRI CIA. LTDA.,G4630,G4630.99 - VENTA AL POR MAYOR DE OTROS PRODUCTOS COMESTIBLES (ENLATADOS Y CONSERVAS).,comercio_mayorista,FALSE,PICHINCHA,11,309188.41,256882.85,52305.55999999997,484378.25,75998.28,58597.96,2024
62051,DISCAVE S.A. DISTRIBUIDORA DE CARNE Y AVES,G4630,G4630.31 - VENTA AL POR MAYOR DE CARNE Y PRODUCTOS CÁRNICOS (INCLUIDAS LAS AVES DE CORRAL).,comercio_mayorista,FALSE,GUAYAS,8,308913.93,56249.7,252664.22999999998,1259430.29,10087.3,7565.47,2024
360692,CORP CAICEDO MONCERRATE CAICEMON S.A.S.,G4630,"G4630.33 - VENTA AL POR MAYOR DE PESCADO, CRUSTÁCEOS, MOLUSCOS Y PRODUCTOS DE LA PESCA.",comercio_mayorista,FALSE,MANABI,4,308397.02,21017.31,287379.71,3382743.59,28126.62,19017.31,2024
747877,MF MANAGROFRUIT S.A.S.,G4630,G4630.11 - VENTA AL POR MAYOR DE BANANO Y PLÁTANO.,comercio_mayorista,FALSE,GUAYAS,4,307927.76,71282.41,236645.35,2373221.49,58817.39,44113.04,2024
345562,QUIJOSFRUT EC S.A.S.,C1030,"C1030.11 - ELABORACIÓN DE ALIMENTOS COMPUESTOS (MEZCLA) PRINCIPALMENTE DE FRUTAS LEGUMBRES U HORTALIZAS, EXCEPTO PLATOS PREPARADOS EN FORMA CONGELADA O ENLATADA LISTOS PARA CONSUMIR.",procesamiento,FALSE,NAPO,9,307903.5,50338.86,257564.64,308229.9,62270.75,57719.13,2024
359284,ECROP S.A.,G4620,G4620.11 - VENTA AL POR MAYOR DE CEREALES (GRANOS) Y SEMILLAS.,comercio_mayorista,FALSE,GUAYAS,4,307660.81,18893.11,288767.7,483063.18,0,18093.11,2024
155304,DISTRIBUIDORA ALEAGA FIGUEROA DAF CIA. LTDA.,G4630,"G4630.95 - VENTA AL POR MAYOR DE BEBIDAS ALCOHÓLICAS, INCLUSO EL ENVASADO DE VINO A GRANEL SIN TRANSFORMACIÓN.",comercio_mayorista,FALSE,PICHINCHA,4,307538.71,229892.68,77646.03000000003,137371.71,48185.8,48185.8,2024
751916,MAROMEGA S.A.S.,G4630,"G4630.33 - VENTA AL POR MAYOR DE PESCADO, CRUSTÁCEOS, MOLUSCOS Y PRODUCTOS DE LA PESCA.",comercio_mayorista,FALSE,MANABI,3,307407.91,11090.58,296317.32999999996,133548.77,12391.02,9665,2024
308010,AGRICOLA Y COMERCIAL DIM-AGRICOM CIA.LTDA.,A0121,A0121.00 - CULTIVO DE UVAS PARA VINO Y UVAS PARA SER CONSUMIDAS COMO FRUTA FRESCA.,cultivo_fruticola,FALSE,GUAYAS,3,306894.24,11770.1,295124.14,211487.15,10861.22,749.55,2024
92294,RANCH PRODUCTS S.A.,G4620,"G4620.14 - VENTA AL POR MAYOR DE DESECHOS, RESIDUOS Y PRODUCTOS DERIVADOS USADOS PARA ALIMENTAR ANIMALES (FORRAJE), INCLUYE MATERIAS PRIMAS AGRARIAS.",comercio_mayorista,FALSE,PICHINCHA,5,306871.7,115162.9,191708.80000000002,409288.08,5562,4338.36,2024
743358,ESSEM SHRIMP SUPPLIES S.A.S.,G4620,G4620.19 - VENTA AL POR MAYOR DE OTRAS MATERIAS PRIMAS AGROPECUARIAS.,comercio_mayorista,FALSE,GUAYAS,4,306768.84,-1878.57,308647.41000000003,11019.97,1046.9,858.38,2024
174512,PALMASANAGRO S.A.,G4630,G4630.99 - VENTA AL POR MAYOR DE OTROS PRODUCTOS COMESTIBLES (ENLATADOS Y CONSERVAS).,comercio_mayorista,FALSE,GUAYAS,2,306487.86,839.36,305648.5,8650.36,-480.77,-480.77,2024
83936,ABECELMAR S.A.,G4630,G4630.11 - VENTA AL POR MAYOR DE BANANO Y PLÁTANO.,comercio_mayorista,FALSE,LOS RIOS,2,306149.75,289646.15,16503.599999999977,265343.39,80465.99,80465.99,2024
133479,CEVALLOS ESPINAR CEVALER C.LTDA.,A0122,A0122.01 - CULTIVO DE BANANOS Y PLÁTANOS.,cultivo_fruticola,FALSE,GUAYAS,35,305816.65,183537.76,122278.89000000001,754076.55,22561.62,22561.62,2024
320415,REDWVILL S.A.,A0122,"A0122.09 - OTROS CULTIVOS DE FRUTAS TROPICALES Y SUBTROPICALES: PAPAYAS, BABACOS, CHAMBUROS, AGUACATES, HIGOS, ARAZÁ, GUAYABAS, GUANÁBANA, GUABA, CHIRIMOYA, NARANJILLAS, ZAPOTES, BOROJÓ, TAMARINDO, GRANADILLAS, DÁTILES, ETCÉTERA.",cultivo_fruticola,TRUE,GUAYAS,7,305705.52,154267.65,151437.87000000002,156143.14,9320.45,4084.24,2024
107676,COMERCIALIZADORA AGROPECUARIA FARMAYAH CIA. LTDA.,G4620,"G4620.14 - VENTA AL POR MAYOR DE DESECHOS, RESIDUOS Y PRODUCTOS DERIVADOS USADOS PARA ALIMENTAR ANIMALES (FORRAJE), INCLUYE MATERIAS PRIMAS AGRARIAS.",comercio_mayorista,FALSE,GUAYAS,10,304642.52,32433.9,272208.62,282249.83,0,-60868.04,2024
131214,AGRIBAJ S.A.,A0122,A0122.01 - CULTIVO DE BANANOS Y PLÁTANOS.,cultivo_fruticola,FALSE,LOS RIOS,4,303756.2,168782.06,134974.14,940543.25,46704.61,36414.9,2024
746966,GONIS BANANAS S.A.,G4630,G4630.11 - VENTA AL POR MAYOR DE BANANO Y PLÁTANO.,comercio_mayorista,FALSE,EL ORO,4,303379.63,147319.7,156059.93,300000.01,0,-2799.5,2024
745259,JCECACAO S.A.,A0127,A0127.02 - CULTIVO DE CACAO.,cultivo_fruticola,FALSE,GUAYAS,1,302406.2,57945.98,244460.22,1168805.39,47710.18,35782.63,2024
706761,TRADING&AGRO S.A.,G4630,G4630.11 - VENTA AL POR MAYOR DE BANANO Y PLÁTANO.,comercio_mayorista,FALSE,GUAYAS,2,302402.21,38204.53,264197.68000000005,40187.39,0,-7072.53,2024
134629,MERBA S.A.,A0122,A0122.01 - CULTIVO DE BANANOS Y PLÁTANOS.,cultivo_fruticola,FALSE,GUAYAS,4,301776,291923.85,9852.150000000023,864223.8,14947.81,4586.09,2024
358561,INSALIMNAR S.A.S.,G4620,G4620.19 - VENTA AL POR MAYOR DE OTRAS MATERIAS PRIMAS AGROPECUARIAS.,comercio_mayorista,FALSE,GUAYAS,4,301703.86,66969.45,234734.40999999997,1310686.39,0,66669.45,2024
30730,CENTRAL DE DISTRIBUCIONES DEL AUSTRO CENDIAUSTRO C LTDA,G4630,"G4630.92 - VENTA AL POR MAYOR DE AZÚCAR, CHOCOLATE Y PRODUCTOS DE CONFITERÍA.",comercio_mayorista,FALSE,AZUAY,6,301651.91,35311.51,266340.39999999997,1197866.05,8556.78,8556.78,2024
735776,GRUPO-GUZMAN S.A.,A0122,"A0122.09 - OTROS CULTIVOS DE FRUTAS TROPICALES Y SUBTROPICALES: PAPAYAS, BABACOS, CHAMBUROS, AGUACATES, HIGOS, ARAZÁ, GUAYABAS, GUANÁBANA, GUABA, CHIRIMOYA, NARANJILLAS, ZAPOTES, BOROJÓ, TAMARINDO, GRANADILLAS, DÁTILES, ETCÉTERA.",cultivo_fruticola,TRUE,LOS RIOS,4,301544.4,1102.21,300442.19,23632.44,133.46,133.46,2024
304075,EKUMA CIA.LTDA.,C1073,C1073.12 - ELABORACIÓN DE CHOCOLATE Y PRODUCTOS DE CHOCOLATE.,procesamiento,FALSE,AZUAY,4,301391.77,25998.92,275392.85000000003,250688.03,0,3853.69,2024
342860,GRANOS IMPORTADOS LA FRONTERA GRANIM S.A.S.,G4620,G4620.11 - VENTA AL POR MAYOR DE CEREALES (GRANOS) Y SEMILLAS.,comercio_mayorista,FALSE,CARCHI,1,301009.09,66448.85,234560.24000000002,1131984.51,0,52635.17,2024
330349,PROZECAL S.A.S.,G4620,G4620.19 - VENTA AL POR MAYOR DE OTRAS MATERIAS PRIMAS AGROPECUARIAS.,comercio_mayorista,FALSE,GUAYAS,14,300970.99,139798.2,161172.78999999998,364692.72,35100.97,27378.76,2024
336764,IMPORTADORA Y EXPORTADORA ULBIPED S.A.,G4630,"G4630.14 - VENTA AL POR MAYOR DE CAFÉ, CACAO, TE Y ESPECIAS.",comercio_mayorista,FALSE,SANTO DOMINGO DE LOS TSACHILAS,4,300930.86,192638.61,108292.25,3061766.48,152411.13,97162.09,2024
305170,EXPORTADORA TRUEFLAVOR S.A.,G4630,"G4630.14 - VENTA AL POR MAYOR DE CAFÉ, CACAO, TE Y ESPECIAS.",comercio_mayorista,FALSE,SANTO DOMINGO DE LOS TSACHILAS,7,300765.67,25500.52,275265.14999999997,1040113.67,78053.59,85216.55,2024
63768,COMERCIAL E INMOBILIARIA FERRILOPEZ CIA. LTDA.,G4630,"G4630.14 - VENTA AL POR MAYOR DE CAFÉ, CACAO, TE Y ESPECIAS.",comercio_mayorista,FALSE,SANTO DOMINGO DE LOS TSACHILAS,2,300687.19,237079.8,63607.390000000014,134000,45236.18,35284.22,2024
335611,MGC MARPACIFIC PESQUERA S.A.S.,G4630,"G4630.33 - VENTA AL POR MAYOR DE PESCADO, CRUSTÁCEOS, MOLUSCOS Y PRODUCTOS DE LA PESCA.",comercio_mayorista,FALSE,MANABI,4,299580.7,156044.83,143535.87000000002,129384.3,0,1044.83,2024
350969,PROVEERTE S.A.S.,G4630,G4630.99 - VENTA AL POR MAYOR DE OTROS PRODUCTOS COMESTIBLES (ENLATADOS Y CONSERVAS).,comercio_mayorista,FALSE,MANABI,4,299474.43,69779.79,229694.64,1038651.15,55159.46,43024.38,2024
356781,ANDYFISH S.A.S.,G4630,"G4630.33 - VENTA AL POR MAYOR DE PESCADO, CRUSTÁCEOS, MOLUSCOS Y PRODUCTOS DE LA PESCA.",comercio_mayorista,FALSE,MANABI,3,299222.48,94613.95,204608.52999999997,2550762.78,17994.57,13495.93,2024
727578,INDUSMONT S.A.,G4630,"G4630.14 - VENTA AL POR MAYOR DE CAFÉ, CACAO, TE Y ESPECIAS.",comercio_mayorista,FALSE,GUAYAS,3,297462.91,212836.89,84626.01999999996,229996.04,0,81997.84,2024
302454,HERMANOS SERPA & CORREA AGROCOMSECO CIA.LTDA.,G4620,G4620.11 - VENTA AL POR MAYOR DE CEREALES (GRANOS) Y SEMILLAS.,comercio_mayorista,FALSE,AZUAY,1,297244.57,132324.46,164920.11000000002,448880.21,1290.56,1006.63,2024
751071,GRUPO-BURCE S.A.S.,G4620,G4620.11 - VENTA AL POR MAYOR DE CEREALES (GRANOS) Y SEMILLAS.,comercio_mayorista,FALSE,MANABI,5,297059.97,169620.46,127439.50999999998,5453334.14,225160.62,168870.46,2024
315244,ESENCIALFRUIT S.A.,G4630,G4630.11 - VENTA AL POR MAYOR DE BANANO Y PLÁTANO.,comercio_mayorista,FALSE,GUAYAS,4,296234.83,-286028.52,582263.3500000001,1125826.53,1246.75,1466.77,2024
349199,EMPRESA NACIONAL DE PRODUCTOS ALIMENTICIOS ENPRA S.A.S.,C1073,"C1073.21 - ELABORACIÓN DE PRODUCTOS DE CONFITERÍA: CARAMELOS, TURRÓN, GRAGEAS Y PASTILLAS DE CONFITERÍA, GOMA DE MASCAR (CHICLES), CONFITES BLANDOS, CONFITERÍA A BASE DE CHOCOLATE Y CHOCOLATE BLANCO, ETCÉTERA.",procesamiento,FALSE,PICHINCHA,18,296095.26,35897.58,260197.68,697082.57,35797.58,35797.58,2024
129210,FRUTALANDIA S.A.,A0122,A0122.02 - CULTIVO DE MANGOS.,cultivo_fruticola,FALSE,GUAYAS,4,295365.12,59048.28,236316.84,130285.36,3777.38,3777.38,2024
715458,EXPOFRUTAL EXPORTADORA DE FRUTAS S.A.,G4630,"G4630.12 - VENTA AL POR MAYOR DE FRUTAS, LEGUMBRES Y HORTALIZAS.",comercio_mayorista,FALSE,GUAYAS,4,295240.74,254385.84,40854.899999999994,136928.79,0,21979.59,2024
324129,TABACALERA ALESO S.A.S.,A0122,A0122.01 - CULTIVO DE BANANOS Y PLÁTANOS.,cultivo_fruticola,FALSE,LOS RIOS,1,294752.24,100,294652.24,253895.1,0,0,2024
312271,AGRICOLA INDUSTRIAL CACAO FINO VICTORIA AINCAVIC S.A.,C1073,"C1073.11 - ELABORACIÓN DE CACAO, MANTECA, GRASA Y ACEITE DE CACAO.",procesamiento,FALSE,LOS RIOS,2,293616.26,150681.93,142934.33000000002,656887.05,148532.03,148532.03,2024
715480,COMPAÑIA COMERCIALIZADORA CARNESLAFINCA S.A.,G4630,G4630.31 - VENTA AL POR MAYOR DE CARNE Y PRODUCTOS CÁRNICOS (INCLUIDAS LAS AVES DE CORRAL).,comercio_mayorista,FALSE,GUAYAS,25,293359.64,125697.5,167662.14,3045053.23,0,20712.19,2024
726889,PERECIBLES E INSUMOS MOLLIS S.A.,G4620,G4620.12 - VENTA AL POR MAYOR DE FRUTOS Y SEMILLAS OLEAGINOSAS.,comercio_mayorista,FALSE,EL ORO,5,293056.6,129737.98,163318.62,762208,80975.06,60016.81,2024
747184,AGRICOLA RANCHO MONTURA AGRAMON S.A.S.,G4620,G4620.15 - VENTA AL POR MAYOR DE FLORES Y PLANTAS.,comercio_mayorista,FALSE,GUAYAS,4,292862.97,124104.57,168758.39999999997,446278.99,71817.32,67277.64,2024
177377,IMPORTSANTA S.A.,G4630,G4630.91 - VENTA AL POR MAYOR DE ARROZ.,comercio_mayorista,FALSE,PICHINCHA,3,291943.47,123882.43,168061.03999999998,215584.77,0,3132.24,2024
361488,CORPPEZ S.A.S.,G4630,"G4630.33 - VENTA AL POR MAYOR DE PESCADO, CRUSTÁCEOS, MOLUSCOS Y PRODUCTOS DE LA PESCA.",comercio_mayorista,FALSE,SANTO DOMINGO DE LOS TSACHILAS,4,291714.65,1073.52,290641.13,225312.42,73.52,73.52,2024
737390,COMERCIO E INVERSIONES INVESTELCA S.A.S.,G4630,G4630.32 - VENTA AL POR MAYOR DE CAMARÓN Y LANGOSTINOS.,comercio_mayorista,FALSE,GUAYAS,3,290706.19,23061.13,267645.06,280833.08,0,1282.28,2024
357664,PAVIL FRUIT S.A.S.,G4630,"G4630.12 - VENTA AL POR MAYOR DE FRUTAS, LEGUMBRES Y HORTALIZAS.",comercio_mayorista,FALSE,PICHINCHA,5,289814.44,7488.52,282325.92,4245220.97,0,6488.52,2024
725558,EXPERTFARM S.A.,A0122,A0122.01 - CULTIVO DE BANANOS Y PLÁTANOS.,cultivo_fruticola,FALSE,LOS RIOS,5,289110.47,267600.71,21509.75999999995,504144.27,79395.01,79395.01,2024
345351,SEBDOM S.A.S.,G4630,"G4630.33 - VENTA AL POR MAYOR DE PESCADO, CRUSTÁCEOS, MOLUSCOS Y PRODUCTOS DE LA PESCA.",comercio_mayorista,FALSE,PICHINCHA,2,289094.31,15519.43,273574.88,495496.83,9419.39,9419.39,2024
319657,INVERSIONES DEL SUR SURINV S.A.S.,G4630,"G4630.12 - VENTA AL POR MAYOR DE FRUTAS, LEGUMBRES Y HORTALIZAS.",comercio_mayorista,FALSE,AZUAY,2,288233.02,224386.56,63846.46000000002,403808.55,509779.58,223386.56,2024
307072,EXPORTADORA GREENBANANAS S.A.,G4630,G4630.11 - VENTA AL POR MAYOR DE BANANO Y PLÁTANO.,comercio_mayorista,FALSE,EL ORO,4,284962.11,-33311.12,318273.23,4683.36,-1869.95,-1869.95,2024
754555,ASHER-CACAO S.A.,G4630,"G4630.14 - VENTA AL POR MAYOR DE CAFÉ, CACAO, TE Y ESPECIAS.",comercio_mayorista,FALSE,GUAYAS,4,284596.93,242277.11,42319.82000000001,4194128.99,54487.49,42277.11,2024
319434,IMPORSEMILLAS S.A.S.,G4620,G4620.11 - VENTA AL POR MAYOR DE CEREALES (GRANOS) Y SEMILLAS.,comercio_mayorista,FALSE,GUAYAS,2,283753.88,187513.22,96240.66,300000,97416.89,94616.89,2024
131665,PESCAFRESH S.A.,G4630,G4630.32 - VENTA AL POR MAYOR DE CAMARÓN Y LANGOSTINOS.,comercio_mayorista,FALSE,GUAYAS,2,283445.01,283345.64,99.36999999999534,267547.9,-3663.48,-7811.96,2024
149555,ULTRAFRESH S.A.,G4630,"G4630.33 - VENTA AL POR MAYOR DE PESCADO, CRUSTÁCEOS, MOLUSCOS Y PRODUCTOS DE LA PESCA.",comercio_mayorista,FALSE,GUAYAS,33,282408.94,12083.37,270325.57,1321076.67,2024.13,1518.1,2024
345279,AGRÍCOLA REGENERATIVA S.A.S.,A0122,A0122.01 - CULTIVO DE BANANOS Y PLÁTANOS.,cultivo_fruticola,FALSE,EL ORO,36,282125.3,6344.47,275780.83,1759038.81,17887.44,297.05,2024
720223,IMPORTACIONES AGRÍCOLAS MAQUISEMILLAS S.A.,G4620,G4620.19 - VENTA AL POR MAYOR DE OTRAS MATERIAS PRIMAS AGROPECUARIAS.,comercio_mayorista,FALSE,PICHINCHA,6,282113.79,36208.77,245905.02,421766.48,56949.7,44450.13,2024
353404,ESTUDIO COOPERACIÓN Y DESARROLLO ESCD S.A.S.,G4630,"G4630.33 - VENTA AL POR MAYOR DE PESCADO, CRUSTÁCEOS, MOLUSCOS Y PRODUCTOS DE LA PESCA.",comercio_mayorista,FALSE,MANABI,4,282000,2000,280000,45281.39,0,0,2024
332397,GRUP-JAMESTCORC S.A.,G4630,G4630.32 - VENTA AL POR MAYOR DE CAMARÓN Y LANGOSTINOS.,comercio_mayorista,FALSE,GUAYAS,4,281490.53,223283.49,58207.04000000004,2054960.25,0,57019.16,2024
717511,VETPHARM S.A.,G4630,G4630.97 - VENTA AL POR MAYOR DE ALIMENTO PARA MASCOTAS (ANIMALES DOMÉSTICOS).,comercio_mayorista,FALSE,GUAYAS,3,280848.75,106996.77,173851.97999999998,330021.67,7709.08,5970,2024
754356,ERCLECAM S.A.S.,G4620,G4620.19 - VENTA AL POR MAYOR DE OTRAS MATERIAS PRIMAS AGROPECUARIAS.,comercio_mayorista,FALSE,EL ORO,4,280828.69,176204.1,104624.59,727668,223338.59,174204.1,2024
109621,RECEPCAR S.A.,G4630,G4630.11 - VENTA AL POR MAYOR DE BANANO Y PLÁTANO.,comercio_mayorista,FALSE,GUAYAS,8,280633.81,126064.72,154569.09,2563533,46441.84,31480.83,2024
748729,ENVAFRON ENVASADORA FRONTERIZA DE INSUMOS ACUICOLAS Y AGRICOLAS CIA.LTDA.,G4620,G4620.19 - VENTA AL POR MAYOR DE OTRAS MATERIAS PRIMAS AGROPECUARIAS.,comercio_mayorista,FALSE,EL ORO,4,280170.55,214858.73,65311.81999999998,3186956.85,153144.97,114858.73,2024
753026,NATURAL MEAT JAFS CIA.LTDA.,G4630,G4630.31 - VENTA AL POR MAYOR DE CARNE Y PRODUCTOS CÁRNICOS (INCLUIDAS LAS AVES DE CORRAL).,comercio_mayorista,FALSE,PICHINCHA,16,279931.38,13153.01,266778.37,1857120.59,10534.5,7883.72,2024
124836,SUGARCANE S.A.,G4630,G4630.91 - VENTA AL POR MAYOR DE ARROZ.,comercio_mayorista,FALSE,GUAYAS,4,279575.53,14867.36,264708.17000000004,255672.78,-43981.01,-43981.01,2024
339050,CARNESSELECTASC S.A.S.,G4630,G4630.31 - VENTA AL POR MAYOR DE CARNE Y PRODUCTOS CÁRNICOS (INCLUIDAS LAS AVES DE CORRAL).,comercio_mayorista,FALSE,GUAYAS,2,279484.61,180715.94,98768.66999999998,4952389.7,216374.66,155789.76,2024
318083,PRODUCTORA DE ALIMENTOS FONTANA PRODUFON CIA.LTDA.,C1030,"C1030.14 - FABRICACIÓN DE PRODUCTOS ALIMENTICIOS A PARTIR DE (UN SOLO COMPONENTE) FRUTAS, LEGUMBRES Y HORTALIZAS; INCLUSO SNACKS DE PLÁTANO (CHIFLES), YUCA, FRUTAS, ETCÉTERA, EXCEPTO PAPA.",procesamiento,FALSE,PICHINCHA,2,279441.22,85683.91,193757.30999999997,949969.76,71650.37,29711.47,2024
311792,AGRICOLA CAMPOSOL S.A.,A0122,A0122.01 - CULTIVO DE BANANOS Y PLÁTANOS.,cultivo_fruticola,FALSE,EL ORO,4,279073.79,3789.52,275284.26999999996,610930,553.26,553.26,2024
701883,ALIMENTOS PARA MASCOTAS Y PRODUCTOS VETERINARIOS IMPORTADORA DE PRODUCTOS IMPLAPETSA S.A.,G4630,G4630.93 - VENTA AL POR MAYOR DE PRODUCTOS DE PANADERÍA Y REPOSTERÍA.,comercio_mayorista,FALSE,PICHINCHA,11,278937.4,41552.77,237384.63000000003,557395.33,9326.46,8417.03,2024
93974,ADELNOR S.A,G4630,"G4630.21 - VENTA AL POR MAYOR DE PRODUCTOS LÁCTEOS, INCLUIDO HELADOS, BOLOS, ETCÉTERA.",comercio_mayorista,FALSE,IMBABURA,6,277731.53,10604.18,267127.35000000003,24916.5,0,143.42,2024
357292,THE BIG STEAK S.A.S.,G4630,G4630.31 - VENTA AL POR MAYOR DE CARNE Y PRODUCTOS CÁRNICOS (INCLUIDAS LAS AVES DE CORRAL).,comercio_mayorista,FALSE,PICHINCHA,1,277393.07,109152.13,168240.94,114870.71,108152.13,108152.13,2024
345094,ORGANIFRUIT S.A.S.,G4630,"G4630.12 - VENTA AL POR MAYOR DE FRUTAS, LEGUMBRES Y HORTALIZAS.",comercio_mayorista,FALSE,MANABI,3,277000.64,264741.28,12259.359999999986,293643.89,189054.69,186318.25,2024
318488,TOTALBANANA S.A.,A0122,A0122.01 - CULTIVO DE BANANOS Y PLÁTANOS.,cultivo_fruticola,FALSE,EL ORO,39,276564.71,52475.55,224089.16000000003,1272693.8,31015.6,19094.54,2024
732207,COMERCIALIZADORA AGRICOLA FLUCOCOA-EXPORT S.A.,G4630,"G4630.14 - VENTA AL POR MAYOR DE CAFÉ, CACAO, TE Y ESPECIAS.",comercio_mayorista,FALSE,LOS RIOS,4,276368.04,276368.04,0,599722,180461.64,180461.64,2024
303751,PRODUCTORA ECUATORIANA DE FRUTAS Y PROCESADOS DIAMONDFRUITS C.L.,A0125,"A0125.09 - OTROS CULTIVOS DE FRUTOS DE ÁRBOLES Y ARBUSTOS: PITAHAYA, TUNA, ALGARROBA, TAXOS, ETCÉTERA.",cultivo_fruticola,TRUE,PICHINCHA,4,276216.2,31577.46,244638.74000000002,2234723.78,5033.79,5033.79,2024
329263,JUGOSNAT S.A.S.,C1030,"C1030.15 - ELABORACIÓN DE JUGOS (ZUMOS), NÉCTARES, CONCENTRADOS DE FRUTA FRESCA Y HORTALIZAS.",procesamiento,FALSE,GUAYAS,1,276209.57,255643.4,20566.170000000013,98150.5,0,21190.26,2024
357096,TROPICAL SPICES FLAVORS S.A.S.,G4630,G4630.99 - VENTA AL POR MAYOR DE OTROS PRODUCTOS COMESTIBLES (ENLATADOS Y CONSERVAS).,comercio_mayorista,FALSE,GUAYAS,1,275792.49,67981.62,207810.87,184435.96,0,2181.62,2024
303856,FRUTIX ALIMENTOS Y BEBIDAS S.A.,G4630,"G4630.94 - VENTA AL POR MAYOR DE BEBIDAS NO ALCOHÓLICAS (JUGOS, GASEOSAS, AGUA MINERAL, ETCÉTERA).",comercio_mayorista,FALSE,GUAYAS,18,275353.65,190365.22,84988.43000000002,215475.27,2600.38,9219.53,2024
63420,MAYROSA S. A.,A0122,A0122.02 - CULTIVO DE MANGOS.,cultivo_fruticola,FALSE,GUAYAS,39,275026.16,234916.12,40110.03999999998,739572.27,23786.79,15760.59,2024
313978,PARAMO ZERO PARAMOZERO CIA.LTDA.,G4630,G4630.97 - VENTA AL POR MAYOR DE ALIMENTO PARA MASCOTAS (ANIMALES DOMÉSTICOS).,comercio_mayorista,FALSE,PICHINCHA,9,274883.19,118326.99,156556.2,350547.78,22430.12,17531.33,2024
739633,ALIFRUT S.A.,A0122,"A0122.09 - OTROS CULTIVOS DE FRUTAS TROPICALES Y SUBTROPICALES: PAPAYAS, BABACOS, CHAMBUROS, AGUACATES, HIGOS, ARAZÁ, GUAYABAS, GUANÁBANA, GUABA, CHIRIMOYA, NARANJILLAS, ZAPOTES, BOROJÓ, TAMARINDO, GRANADILLAS, DÁTILES, ETCÉTERA.",cultivo_fruticola,TRUE,GUAYAS,5,274221.01,-281186.7,555407.71,341767,-55500.3,-55500.3,2024
745615,PITAHAYAS PRIMAVERA PIT S.A.,A0122,"A0122.09 - OTROS CULTIVOS DE FRUTAS TROPICALES Y SUBTROPICALES: PAPAYAS, BABACOS, CHAMBUROS, AGUACATES, HIGOS, ARAZÁ, GUAYABAS, GUANÁBANA, GUABA, CHIRIMOYA, NARANJILLAS, ZAPOTES, BOROJÓ, TAMARINDO, GRANADILLAS, DÁTILES, ETCÉTERA.",cultivo_fruticola,TRUE,MANABI,5,274192.11,4426.52,269765.58999999997,125743.94,0,2974.91,2024
316266,JENNLI CIA.LTDA.,A0122,A0122.01 - CULTIVO DE BANANOS Y PLÁTANOS.,cultivo_fruticola,FALSE,EL ORO,58,273896.83,95542.96,178353.87,1189174.61,81100.38,81100.38,2024
708018,MOUNTAIN GROWN M-GROWN CIA.LTDA.,A0122,"A0122.09 - OTROS CULTIVOS DE FRUTAS TROPICALES Y SUBTROPICALES: PAPAYAS, BABACOS, CHAMBUROS, AGUACATES, HIGOS, ARAZÁ, GUAYABAS, GUANÁBANA, GUABA, CHIRIMOYA, NARANJILLAS, ZAPOTES, BOROJÓ, TAMARINDO, GRANADILLAS, DÁTILES, ETCÉTERA.",cultivo_fruticola,TRUE,PICHINCHA,2,273860.23,236950.69,36909.53999999998,369045.08,53940.8,35733.81,2024
728070,EMMANUEL-GROUP S.A.,G4630,G4630.32 - VENTA AL POR MAYOR DE CAMARÓN Y LANGOSTINOS.,comercio_mayorista,FALSE,GUAYAS,4,273720.83,29721.65,243999.18000000002,3869933.88,10968.81,10968.81,2024
347915,PANDORA FARM PANFARM S.A.S.,G4630,"G4630.12 - VENTA AL POR MAYOR DE FRUTAS, LEGUMBRES Y HORTALIZAS.",comercio_mayorista,FALSE,PICHINCHA,6,272948.53,95935.95,177012.58000000002,1044330.26,80250.62,62190.44,2024
741697,PAESI S.A.S.,A0125,"A0125.09 - OTROS CULTIVOS DE FRUTOS DE ÁRBOLES Y ARBUSTOS: PITAHAYA, TUNA, ALGARROBA, TAXOS, ETCÉTERA.",cultivo_fruticola,TRUE,MANABI,7,272569.4,18282.92,254286.48000000004,156542,76134.77,74769.35,2024
321146,EXPORBANALVA S.A.,G4630,G4630.11 - VENTA AL POR MAYOR DE BANANO Y PLÁTANO.,comercio_mayorista,FALSE,GUAYAS,3,271873.44,219046.36,52827.080000000016,2198209.6,0,60347.18,2024
300690,COMERCIAL CEPEDAS FRUITS CEPEDAFRUIT S.A.,G4630,"G4630.12 - VENTA AL POR MAYOR DE FRUTAS, LEGUMBRES Y HORTALIZAS.",comercio_mayorista,FALSE,GUAYAS,7,271848.01,82710.22,189137.79,2839703.29,15828.67,11796.51,2024
731673,COMERCIALIZADORA BELLBOY S.A.S.,G4630,"G4630.95 - VENTA AL POR MAYOR DE BEBIDAS ALCOHÓLICAS, INCLUSO EL ENVASADO DE VINO A GRANEL SIN TRANSFORMACIÓN.",comercio_mayorista,FALSE,COTOPAXI,3,271245.94,57021.48,214224.46,106308.22,0,1728.78,2024
356787,EMPACADORA DE CAMARON PREMIUM EMPACAP S.A.S.,G4630,G4630.32 - VENTA AL POR MAYOR DE CAMARÓN Y LANGOSTINOS.,comercio_mayorista,FALSE,MANABI,3,271098.67,84917.27,186181.39999999997,715764.21,0,9118.16,2024
146946,GRANHEC S.A.,A0122,"A0122.09 - OTROS CULTIVOS DE FRUTAS TROPICALES Y SUBTROPICALES: PAPAYAS, BABACOS, CHAMBUROS, AGUACATES, HIGOS, ARAZÁ, GUAYABAS, GUANÁBANA, GUABA, CHIRIMOYA, NARANJILLAS, ZAPOTES, BOROJÓ, TAMARINDO, GRANADILLAS, DÁTILES, ETCÉTERA.",cultivo_fruticola,TRUE,GUAYAS,2,270746.49,102418.44,168328.05,33859,0,-187.49,2024
38795,AGRICOLA ORDOÑEZ ULLAURI S.A.,A0122,A0122.01 - CULTIVO DE BANANOS Y PLÁTANOS.,cultivo_fruticola,FALSE,EL ORO,40,270672.56,40020.84,230651.72,519183.5,0,578.63,2024
721756,THEOBROMA BABAHOYO THEOBABSA S.A.,A0127,A0127.02 - CULTIVO DE CACAO.,cultivo_fruticola,FALSE,LOS RIOS,4,270230.73,243383.44,26847.28999999998,363601.1,100609.73,96919.32,2024
707883,FRUIT LAND FRUITLANDASA IMPORTADORA S.A.,A0122,A0122.01 - CULTIVO DE BANANOS Y PLÁTANOS.,cultivo_fruticola,FALSE,GUAYAS,4,269509,-32757.05,302266.05,35010,113.23,113.23,2024
182991,SAN NICOLAS SANICOLS CIA.LTDA.,A0122,A0122.01 - CULTIVO DE BANANOS Y PLÁTANOS.,cultivo_fruticola,FALSE,EL ORO,41,269353.51,157657.15,111696.36000000002,724650.3,66108.17,58280.31,2024
323045,COMVEPES S.A.S.,G4630,"G4630.33 - VENTA AL POR MAYOR DE PESCADO, CRUSTÁCEOS, MOLUSCOS Y PRODUCTOS DE LA PESCA.",comercio_mayorista,FALSE,MANABI,4,268040.4,-114757.33,382797.73000000004,1522426.68,26293.15,10584.25,2024
118072,AGROMARKET S.A.,G4620,"G4620.14 - VENTA AL POR MAYOR DE DESECHOS, RESIDUOS Y PRODUCTOS DERIVADOS USADOS PARA ALIMENTAR ANIMALES (FORRAJE), INCLUYE MATERIAS PRIMAS AGRARIAS.",comercio_mayorista,FALSE,GUAYAS,5,267455.45,104601.1,162854.35,601759.3,10805.41,8428.22,2024
352831,COMPAÑIA HANOUN S.A.S.,G4630,G4630.31 - VENTA AL POR MAYOR DE CARNE Y PRODUCTOS CÁRNICOS (INCLUIDAS LAS AVES DE CORRAL).,comercio_mayorista,FALSE,MANABI,6,266905.77,36081.99,230823.78000000003,2837564.93,35181.99,35181.99,2024
36962,FINANSYSTEM S.A.,G4630,"G4630.12 - VENTA AL POR MAYOR DE FRUTAS, LEGUMBRES Y HORTALIZAS.",comercio_mayorista,FALSE,GUAYAS,3,266660.63,87361.74,179298.89,808437.78,20944.01,7536.33,2024
159466,BRANDTRADING S.A.,G4630,"G4630.95 - VENTA AL POR MAYOR DE BEBIDAS ALCOHÓLICAS, INCLUSO EL ENVASADO DE VINO A GRANEL SIN TRANSFORMACIÓN.",comercio_mayorista,FALSE,TUNGURAHUA,5,266558.58,118943.77,147614.81,482852.7,-31974.13,-31974.13,2024
344407,BOMAR S.A.,G4630,G4630.32 - VENTA AL POR MAYOR DE CAMARÓN Y LANGOSTINOS.,comercio_mayorista,FALSE,GUAYAS,4,265473.74,14861.52,250612.22,1769844.07,13861.52,13861.52,2024
173425,LA LEYENDA DEL CHOCOLATE CHOCOLEYENDA CIA. LTDA.,A0127,A0127.02 - CULTIVO DE CACAO.,cultivo_fruticola,FALSE,PICHINCHA,14,264396.95,226310.86,38086.090000000026,297294.27,-16549.52,-16549.52,2024
742070,SWEETGOLDBANANA S.A.,G4630,G4630.11 - VENTA AL POR MAYOR DE BANANO Y PLÁTANO.,comercio_mayorista,FALSE,EL ORO,19,263979.53,16247.09,247732.44000000003,828083.08,7838.19,93.67,2024
365685,ECHIGHLANDS ROSES S.A.S.,G4620,G4620.15 - VENTA AL POR MAYOR DE FLORES Y PLANTAS.,comercio_mayorista,FALSE,PICHINCHA,3,263000,128000,135000,215000,0,0,2024
306272,COMPAÑIA ROME QUIND ROMEQUIND S.A.,A0122,"A0122.09 - OTROS CULTIVOS DE FRUTAS TROPICALES Y SUBTROPICALES: PAPAYAS, BABACOS, CHAMBUROS, AGUACATES, HIGOS, ARAZÁ, GUAYABAS, GUANÁBANA, GUABA, CHIRIMOYA, NARANJILLAS, ZAPOTES, BOROJÓ, TAMARINDO, GRANADILLAS, DÁTILES, ETCÉTERA.",cultivo_fruticola,TRUE,GUAYAS,1,262901.94,205668.43,57233.51000000001,104628.96,91400.8,90554.51,2024
163516,RUNATARPUNA EXPORTADORA S.A.,G4620,G4620.15 - VENTA AL POR MAYOR DE FLORES Y PLANTAS.,comercio_mayorista,FALSE,PICHINCHA,1,262554.5,262431.8,122.70000000001164,21731.65,-14676.26,-14676.26,2024
706546,PROENLICO PRODUCTORA Y ENVASADORA DE LICORES DEL ECUADOR S.A.S.,G4630,"G4630.95 - VENTA AL POR MAYOR DE BEBIDAS ALCOHÓLICAS, INCLUSO EL ENVASADO DE VINO A GRANEL SIN TRANSFORMACIÓN.",comercio_mayorista,FALSE,GUAYAS,4,262450.34,29047.12,233403.22000000003,341871.32,1009.53,787.43,2024
734434,AGRICOLA MARUJA S.A.S.,A0122,A0122.01 - CULTIVO DE BANANOS Y PLÁTANOS.,cultivo_fruticola,FALSE,CAÑAR,57,262398.19,46848,215550.19,588314.02,52743.37,46695,2024
369368,RECICLADORA DEL SUR RECICLASUR S.A.S.,G4630,"G4630.12 - VENTA AL POR MAYOR DE FRUTAS, LEGUMBRES Y HORTALIZAS.",comercio_mayorista,FALSE,GUAYAS,2,262296.98,246957.5,15339.479999999981,264644.27,496005.41,245957.5,2024
314389,FINCA VICTORIA SPECIALTY-COFFEE C.L.,A0127,A0127.01 - CULTIVO DE CAFÉ.,cultivo_fruticola,FALSE,PICHINCHA,5,262191.3,-23435.3,285626.6,19100.85,-28637.4,-28637.4,2024
121466,BRIGMANY S.A.,A0122,A0122.01 - CULTIVO DE BANANOS Y PLÁTANOS.,cultivo_fruticola,FALSE,GUAYAS,29,262143.02,54117.33,208025.69,2949060.64,36929.08,36929.08,2024
98251,AGROPRODEXA S.A.,G4620,G4620.11 - VENTA AL POR MAYOR DE CEREALES (GRANOS) Y SEMILLAS.,comercio_mayorista,FALSE,GUAYAS,5,260880.87,28157.68,232723.19,374320.77,14467.74,11284.84,2024
742046,AVICOLA GARCIA ANTUNEZ S.A.S.,G4630,G4630.31 - VENTA AL POR MAYOR DE CARNE Y PRODUCTOS CÁRNICOS (INCLUIDAS LAS AVES DE CORRAL).,comercio_mayorista,FALSE,MANABI,2,260779.81,-443967.96,704747.77,19539165.59,0,62077.35,2024
84014,EXPORTIME S.A.,A0122,A0122.01 - CULTIVO DE BANANOS Y PLÁTANOS.,cultivo_fruticola,FALSE,GUAYAS,11,260617.57,188629.84,71987.73000000001,473206.53,0,69433.84,2024
726972,KONYBANANA S.A.,G4630,G4630.11 - VENTA AL POR MAYOR DE BANANO Y PLÁTANO.,comercio_mayorista,FALSE,GUAYAS,28,260570.19,50580.67,209989.52000000002,684694.49,-399.65,72.97,2024
711635,EXPORT-AGRICOLA CEDASANCHEZ S.A.,G4630,G4630.91 - VENTA AL POR MAYOR DE ARROZ.,comercio_mayorista,FALSE,LOS RIOS,2,260419,33834.66,226584.34,272955.91,0,15373.95,2024
312876,ASESORAMIENTO Y SERVICIOS AGROPECUARIOS FERNÁNDEZ CALVOPIÑA ASAMAGLO C.LTDA.,G4620,G4620.19 - VENTA AL POR MAYOR DE OTRAS MATERIAS PRIMAS AGROPECUARIAS.,comercio_mayorista,FALSE,TUNGURAHUA,5,259644.02,38696.9,220947.12,491990.73,2281.03,2181.74,2024
335600,RALEMAR S.A.S.,G4630,"G4630.33 - VENTA AL POR MAYOR DE PESCADO, CRUSTÁCEOS, MOLUSCOS Y PRODUCTOS DE LA PESCA.",comercio_mayorista,FALSE,MANABI,5,259411.17,7234.85,252176.32,222931.43,0,2153.34,2024
710879,BRITTBRANDS ECUADOR S.A.,C1073,C1073.12 - ELABORACIÓN DE CHOCOLATE Y PRODUCTOS DE CHOCOLATE.,procesamiento,FALSE,GUAYAS,2,259244.82,188920.9,70323.92000000001,191702.17,46851.39,44199.8,2024
65288,EXPORTADORA MARGUZ S.A.,G4620,G4620.11 - VENTA AL POR MAYOR DE CEREALES (GRANOS) Y SEMILLAS.,comercio_mayorista,FALSE,GUAYAS,6,258968.22,144811.03,114157.19,259438,22424.82,18439.74,2024
726989,INNOVACION Y DESARROLLO AGROPECUARIO INNDEAGRO S.A.,A0122,A0122.01 - CULTIVO DE BANANOS Y PLÁTANOS.,cultivo_fruticola,FALSE,SANTA ELENA,3,258812.06,233955.24,24856.820000000007,511473.02,56035.33,43707.56,2024
748116,ZAMURIA CACAO S.A.S.,G4630,"G4630.14 - VENTA AL POR MAYOR DE CAFÉ, CACAO, TE Y ESPECIAS.",comercio_mayorista,FALSE,ZAMORA CHINCHIPE,4,257940.58,117709,140231.58,450000,24590.5,21009,2024
338020,GENTEDEMAR S.A.S.,G4630,"G4630.33 - VENTA AL POR MAYOR DE PESCADO, CRUSTÁCEOS, MOLUSCOS Y PRODUCTOS DE LA PESCA.",comercio_mayorista,FALSE,MANABI,2,256989.03,24678.09,232310.94,544410.5,38611.81,32240.36,2024
723657,NUTREGAM CIA.LTDA.,C1030,"C1030.14 - FABRICACIÓN DE PRODUCTOS ALIMENTICIOS A PARTIR DE (UN SOLO COMPONENTE) FRUTAS, LEGUMBRES Y HORTALIZAS; INCLUSO SNACKS DE PLÁTANO (CHIFLES), YUCA, FRUTAS, ETCÉTERA, EXCEPTO PAPA.",procesamiento,FALSE,PICHINCHA,5,256807.27,1402.1,255405.16999999998,219201.08,0,481.29,2024
352403,COMERCIALIZADORA E-TOBAR S.A.S.,G4630,G4630.23 - VENTA AL POR MAYOR DE ACEITES Y GRASAS COMESTIBLES DE ORIGEN ANIMAL O VEGETAL.,comercio_mayorista,FALSE,PICHINCHA,1,256351.53,145546.01,110805.51999999999,3491642.63,61700,61700,2024
131513,BACULIMA URGILES ORGANIC CIA. LTDA.,A0122,A0122.01 - CULTIVO DE BANANOS Y PLÁTANOS.,cultivo_fruticola,FALSE,GUAYAS,12,256137.49,128907.46,127230.02999999998,448057.08,0,130067.4,2024
11672,SALOMON VARGAS R. CIA LTDA,G4630,G4630.99 - VENTA AL POR MAYOR DE OTROS PRODUCTOS COMESTIBLES (ENLATADOS Y CONSERVAS).,comercio_mayorista,FALSE,TUNGURAHUA,5,256108.48,145758.02,110350.46000000002,491745.61,0,5191.22,2024
318217,URBANEXPORT S.A.,A0127,A0127.02 - CULTIVO DE CACAO.,cultivo_fruticola,FALSE,LOS RIOS,4,255729.2,212478.86,43250.340000000026,3278956.72,146376.8,114173.9,2024
359276,TUNATIME S.A.S.,G4630,"G4630.33 - VENTA AL POR MAYOR DE PESCADO, CRUSTÁCEOS, MOLUSCOS Y PRODUCTOS DE LA PESCA.",comercio_mayorista,FALSE,MANABI,5,255094.64,111666.79,143427.85000000003,1753984.26,0,11666.79,2024
320545,ELCARDON S.A.,A0125,"A0125.09 - OTROS CULTIVOS DE FRUTOS DE ÁRBOLES Y ARBUSTOS: PITAHAYA, TUNA, ALGARROBA, TAXOS, ETCÉTERA.",cultivo_fruticola,TRUE,GUAYAS,13,254453.72,89755.51,164698.21000000002,638437.33,12171.12,4668.15,2024
313805,PACIFIC-GREEN S.A.,G4620,G4620.15 - VENTA AL POR MAYOR DE FLORES Y PLANTAS.,comercio_mayorista,FALSE,PICHINCHA,2,254374.77,-18321.77,272696.54,1177223.86,-37082.04,-37082.04,2024
749215,CORPORACIÓN FONDO SIEMBRA CORPFOSI S.A. B.I.C.,A0125,"A0125.01 - CULTIVO DE BAYAS GROSELLAS, GROSELLAS ESPINOSAS, KIWIS, FRAMBUESAS, FRESAS (FRUTILLAS), MORAS, MORTIÑOS (ARÁNDANOS), UVILLA Y OTRAS BAYAS.",cultivo_fruticola,TRUE,TUNGURAHUA,19,254360.37,26914.39,227445.97999999998,98144.17,0,-680.74,2024
367742,DISTRIBUIDORA RAMOS RAMVALLE S.A.S.,G4630,G4630.31 - VENTA AL POR MAYOR DE CARNE Y PRODUCTOS CÁRNICOS (INCLUIDAS LAS AVES DE CORRAL).,comercio_mayorista,FALSE,GALAPAGOS,7,253904.4,7024.77,246879.63,344042.3,8954.49,6824.77,2024
176345,URIELMAX S.A.,A0127,A0127.02 - CULTIVO DE CACAO.,cultivo_fruticola,FALSE,GUAYAS,5,253552.94,46173.55,207379.39,128424.85,3358.55,2321.36,2024
351617,LABRANZACORP S.A.S.,A0126,A0126.01 - CULTIVO DE PALMAS DE ACEITE (PALMA AFRICANA).,cultivo_fruticola,FALSE,GUAYAS,25,253215.35,127472.73,125742.62000000001,796286.46,1007.44,1007.44,2024
142222,EXPORTADORA DEL LITORAL EXPORTLIT CIA. LTDA.,A0122,A0122.01 - CULTIVO DE BANANOS Y PLÁTANOS.,cultivo_fruticola,FALSE,GUAYAS,4,253150.82,56180.12,196970.7,8847811.71,74304,13242.32,2024
722016,ORGANICFOODS CIA.LTDA.,C1030,"C1030.16 - ELABORACIÓN DE COMPOTAS, MERMELADAS Y JALEAS, PURÉS Y OTRAS CONFITURAS DE FRUTAS O FRUTOS SECOS.",procesamiento,FALSE,PICHINCHA,10,252890.88,30142.91,222747.97,450546.85,0,8918.69,2024
36553,ISABRUBOTANIK S.A.,G4630,G4630.23 - VENTA AL POR MAYOR DE ACEITES Y GRASAS COMESTIBLES DE ORIGEN ANIMAL O VEGETAL.,comercio_mayorista,FALSE,TUNGURAHUA,5,252612.95,137463.52,115149.43000000002,43543.46,0,-12314.61,2024
170544,DELINATURA CIA. LTDA.,G4630,G4630.99 - VENTA AL POR MAYOR DE OTROS PRODUCTOS COMESTIBLES (ENLATADOS Y CONSERVAS).,comercio_mayorista,FALSE,PICHINCHA,11,252449.19,-140890.38,393339.57,507241,-21309.05,-21309.05,2024
365508,CARYAHI S.A.S.,G4630,G4630.91 - VENTA AL POR MAYOR DE ARROZ.,comercio_mayorista,FALSE,GUAYAS,4,251621.01,29300.37,222320.64,126882.27,0,28500.37,2024
91756,MAXIFLOR CIA. LTDA,G4620,G4620.15 - VENTA AL POR MAYOR DE FLORES Y PLANTAS.,comercio_mayorista,FALSE,PICHINCHA,3,251003.76,15217.68,235786.08000000002,109769.42,7731.1,7081.33,2024
63109,NEGOMULTIPLES S.A.,G4630,"G4630.33 - VENTA AL POR MAYOR DE PESCADO, CRUSTÁCEOS, MOLUSCOS Y PRODUCTOS DE LA PESCA.",comercio_mayorista,FALSE,GUAYAS,9,250437.07,66779.98,183657.09000000003,495928.75,52878.51,21623.08,2024
309457,INTEGRAL MARKET COMERCIALIZADORA ITMARKET S.A.,G4630,G4630.11 - VENTA AL POR MAYOR DE BANANO Y PLÁTANO.,comercio_mayorista,FALSE,MANABI,2,250169.79,11652.61,238517.18,869249.39,0,1138.99,2024
719626,DISTRIBUIDORA DE CARNICOS DISSCARVIS S.A.,G4620,G4620.21 - VENTA AL POR MAYOR DE ANIMALES VIVOS.,comercio_mayorista,FALSE,PICHINCHA,2,249880.77,83560.4,166320.37,1537384.67,82560.4,82560.4,2024
161245,AVALMARTI S.A.,G4620,"G4620.14 - VENTA AL POR MAYOR DE DESECHOS, RESIDUOS Y PRODUCTOS DERIVADOS USADOS PARA ALIMENTAR ANIMALES (FORRAJE), INCLUYE MATERIAS PRIMAS AGRARIAS.",comercio_mayorista,FALSE,PICHINCHA,5,249183.93,14100.35,235083.58,181959.54,4831.77,3230.94,2024
729676,CORPEZAC CIA.LTDA.,G4620,G4620.11 - VENTA AL POR MAYOR DE CEREALES (GRANOS) Y SEMILLAS.,comercio_mayorista,FALSE,AZUAY,4,248801.61,7481.25,241320.36,558717.96,952.02,705.45,2024
743224,DULCEVICTORIA S.A.S.,G4630,"G4630.14 - VENTA AL POR MAYOR DE CAFÉ, CACAO, TE Y ESPECIAS.",comercio_mayorista,FALSE,PICHINCHA,8,248393.7,85363.41,163030.29,382921.97,47639.02,37496.88,2024
147840,GOURMETANDINO S.A.S. B.I.C.,G4630,"G4630.12 - VENTA AL POR MAYOR DE FRUTAS, LEGUMBRES Y HORTALIZAS.",comercio_mayorista,FALSE,PICHINCHA,12,248079.22,26553.78,221525.44,534788.72,15986.18,16715.27,2024
109150,PANERCAST S.A.,A0122,A0122.01 - CULTIVO DE BANANOS Y PLÁTANOS.,cultivo_fruticola,FALSE,GUAYAS,4,246604.1,1010.64,245593.46,439982.34,210.64,210.64,2024
321565,LA DELIA FRUITS AND SNACKS LADEFRUS S.A.S.,C1030,"C1030.14 - FABRICACIÓN DE PRODUCTOS ALIMENTICIOS A PARTIR DE (UN SOLO COMPONENTE) FRUTAS, LEGUMBRES Y HORTALIZAS; INCLUSO SNACKS DE PLÁTANO (CHIFLES), YUCA, FRUTAS, ETCÉTERA, EXCEPTO PAPA.",procesamiento,FALSE,GUAYAS,3,246356.2,26133.79,220222.41,580330.31,0,792.18,2024
166076,AVICOLA AVIFIP S.A.,G4620,G4620.21 - VENTA AL POR MAYOR DE ANIMALES VIVOS.,comercio_mayorista,FALSE,GUAYAS,4,245820.21,132355.98,113464.22999999998,1546151.44,4251.56,3188.67,2024
722490,TERRAFRUTTA S.A.,G4630,G4630.11 - VENTA AL POR MAYOR DE BANANO Y PLÁTANO.,comercio_mayorista,FALSE,GUAYAS,4,244888.32,92128.91,152759.41,505264.5,50420.72,38778.31,2024
141346,PEKPACK S.A.,G4630,"G4630.12 - VENTA AL POR MAYOR DE FRUTAS, LEGUMBRES Y HORTALIZAS.",comercio_mayorista,FALSE,GUAYAS,2,244127.74,31171.76,212955.97999999998,33936.05,30278.17,30278.17,2024
174914,GRUAGLOS S.A.,G4630,G4630.11 - VENTA AL POR MAYOR DE BANANO Y PLÁTANO.,comercio_mayorista,FALSE,GUAYAS,30,244056.52,138806.72,105249.79999999999,452150.2,20737.49,15807.39,2024
744073,MUYUORGANIC S.A.S.,A0125,"A0125.09 - OTROS CULTIVOS DE FRUTOS DE ÁRBOLES Y ARBUSTOS: PITAHAYA, TUNA, ALGARROBA, TAXOS, ETCÉTERA.",cultivo_fruticola,TRUE,GUAYAS,4,244053.87,236100.07,7953.799999999988,215699.72,167216.99,167216.99,2024
314027,SANTAFRUTA S.A.,C1030,"C1030.14 - FABRICACIÓN DE PRODUCTOS ALIMENTICIOS A PARTIR DE (UN SOLO COMPONENTE) FRUTAS, LEGUMBRES Y HORTALIZAS; INCLUSO SNACKS DE PLÁTANO (CHIFLES), YUCA, FRUTAS, ETCÉTERA, EXCEPTO PAPA.",procesamiento,FALSE,MANABI,4,243091.34,229506.9,13584.440000000002,586222.72,4045.84,4045.84,2024
166806,AGRICTAZ S.A.,G4630,G4630.11 - VENTA AL POR MAYOR DE BANANO Y PLÁTANO.,comercio_mayorista,FALSE,GUAYAS,2,242985.72,-47006.12,289991.84,237.66,0,-7415.7,2024
170158,ECUADOR FLORAL SAECAFLOR CIA. LTDA.,G4620,G4620.15 - VENTA AL POR MAYOR DE FLORES Y PLANTAS.,comercio_mayorista,FALSE,PICHINCHA,14,242772.02,124553.15,118218.87,260067.67,-7696.68,-7696.68,2024
729042,SANIMAR LAB SANIMARLAB S.A.S.,G4620,G4620.15 - VENTA AL POR MAYOR DE FLORES Y PLANTAS.,comercio_mayorista,FALSE,AZUAY,4,242763.22,225921.77,16841.45000000001,90578,0,1163.59,2024
746994,DAAF S.A.,A0127,A0127.02 - CULTIVO DE CACAO.,cultivo_fruticola,FALSE,GUAYAS,4,242588.41,49917.99,192670.42,349602.94,13812.71,10773.91,2024
711723,AGRO INDUSTRIAL DEL ECUADOR FRUTOLAND S.A.,C1030,"C1030.12 - CONSERVACIÓN DE FRUTAS, PULPA DE FRUTAS, LEGUMBRES Y HORTALIZAS MEDIANTE EL CONGELADO, SECADO, DESHIDRATADO, INMERSIÓN EN ACEITE O VINAGRE, ENLATADO, ETCÉTERA.",procesamiento,FALSE,PICHINCHA,10,242582.99,64501.92,178081.07,788659.85,40023.72,28567.45,2024
325240,INVENTIVASERVICES S.A.S.,C1030,"C1030.11 - ELABORACIÓN DE ALIMENTOS COMPUESTOS (MEZCLA) PRINCIPALMENTE DE FRUTAS LEGUMBRES U HORTALIZAS, EXCEPTO PLATOS PREPARADOS EN FORMA CONGELADA O ENLATADA LISTOS PARA CONSUMIR.",procesamiento,FALSE,PICHINCHA,2,242555.11,4109.62,238445.49,104690.86,2838.44,915.15,2024
734838,INSIGHT-FARMING S.A.,A0122,A0122.01 - CULTIVO DE BANANOS Y PLÁTANOS.,cultivo_fruticola,FALSE,GUAYAS,4,241701.21,138160.15,103541.06,20225.44,534.97,417.28,2024
710327,INTERNATIONAL FOODS COMPANY INTFOODSCO S.A.,G4630,G4630.11 - VENTA AL POR MAYOR DE BANANO Y PLÁTANO.,comercio_mayorista,FALSE,GUAYAS,1,241243.05,142638.42,98604.62999999998,10335.2,-12927.49,-12927.49,2024
750586,GAMBERO DI ECUADOR CIA.LTDA.,G4630,G4630.32 - VENTA AL POR MAYOR DE CAMARÓN Y LANGOSTINOS.,comercio_mayorista,FALSE,EL ORO,3,240607.25,8496.65,232110.6,174736.64,6321.92,4684.54,2024
713184,COMPAÑIA AGRICOLA CARP&RIOF CIA.LTDA.,A0122,A0122.01 - CULTIVO DE BANANOS Y PLÁTANOS.,cultivo_fruticola,FALSE,EL ORO,29,240514.09,-47689.27,288203.36,954293.54,-100798.76,-113029.81,2024
724676,NAVA COMERCIALIZADORA DEL NORTE NAVACOMERNORTE CIA.LTDA.,G4630,G4630.99 - VENTA AL POR MAYOR DE OTROS PRODUCTOS COMESTIBLES (ENLATADOS Y CONSERVAS).,comercio_mayorista,FALSE,CARCHI,4,240374.2,21398.79,218975.41,326048,51.81,38.86,2024
112499,S.L.M. ELABORADOS S.A.,G4630,G4630.93 - VENTA AL POR MAYOR DE PRODUCTOS DE PANADERÍA Y REPOSTERÍA.,comercio_mayorista,FALSE,GUAYAS,2,240356.91,111206.48,129150.43000000001,106425.67,-720.74,-720.74,2024
747990,AUQUILLA COMERCIO Y ALIMENTOS AUCOMER S.A.S.,G4630,"G4630.21 - VENTA AL POR MAYOR DE PRODUCTOS LÁCTEOS, INCLUIDO HELADOS, BOLOS, ETCÉTERA.",comercio_mayorista,FALSE,AZUAY,6,240141.24,49818.73,190322.50999999998,427283.81,0,-55193.78,2024
61264,ECUARURAL S.A.,G4630,G4630.23 - VENTA AL POR MAYOR DE ACEITES Y GRASAS COMESTIBLES DE ORIGEN ANIMAL O VEGETAL.,comercio_mayorista,FALSE,PICHINCHA,4,239438.06,35050.44,204387.62,34000,2112.94,1648.09,2024
740212,HORIZONTEXPORT S.A.,G4630,G4630.11 - VENTA AL POR MAYOR DE BANANO Y PLÁTANO.,comercio_mayorista,FALSE,GUAYAS,2,236612.79,375.68,236237.11000000002,2790376,25142.27,793.34,2024
137700,ANDIAMO S.A.,G4630,"G4630.33 - VENTA AL POR MAYOR DE PESCADO, CRUSTÁCEOS, MOLUSCOS Y PRODUCTOS DE LA PESCA.",comercio_mayorista,FALSE,GUAYAS,1,236602.22,67395.75,169206.47,294522.84,0,66147.69,2024
740593,DISCHEMSA S.A.S.,G4620,G4620.19 - VENTA AL POR MAYOR DE OTRAS MATERIAS PRIMAS AGROPECUARIAS.,comercio_mayorista,FALSE,SANTA ELENA,6,236258.06,20297.12,215960.94,318352.8,7043.13,2497.89,2024
713328,WOHLLEBEN IMPORTADORA & COMERCIALIZADORA WOHLLEBEN S.A.,G4630,"G4630.21 - VENTA AL POR MAYOR DE PRODUCTOS LÁCTEOS, INCLUIDO HELADOS, BOLOS, ETCÉTERA.",comercio_mayorista,FALSE,PICHINCHA,6,236125.02,86558.9,149566.12,439886.61,31533.79,23650.34,2024
711941,FRUTANDYEXPORT S.A.,G4630,G4630.11 - VENTA AL POR MAYOR DE BANANO Y PLÁTANO.,comercio_mayorista,FALSE,GUAYAS,5,235983.22,174352.56,61630.66,1911872.93,30934.59,5907.93,2024
176830,DERKOKTEL S. A.,G4630,"G4630.95 - VENTA AL POR MAYOR DE BEBIDAS ALCOHÓLICAS, INCLUSO EL ENVASADO DE VINO A GRANEL SIN TRANSFORMACIÓN.",comercio_mayorista,FALSE,GUAYAS,4,235101.27,70818.23,164283.03999999998,261017.49,-35641.37,-35641.37,2024
356107,VENTASJL S.A.S.,G4630,"G4630.94 - VENTA AL POR MAYOR DE BEBIDAS NO ALCOHÓLICAS (JUGOS, GASEOSAS, AGUA MINERAL, ETCÉTERA).",comercio_mayorista,FALSE,IMBABURA,4,234889,79210.11,155678.89,1636693.04,0,0,2024
325868,CHARAPANOSMAR S.A.S.,G4630,"G4630.33 - VENTA AL POR MAYOR DE PESCADO, CRUSTÁCEOS, MOLUSCOS Y PRODUCTOS DE LA PESCA.",comercio_mayorista,FALSE,EL ORO,2,234829.55,218326.92,16502.629999999976,35000.01,-375.12,-375.12,2024
326520,AGROINDUSTRIAL VERSU S.A.,A0122,A0122.01 - CULTIVO DE BANANOS Y PLÁTANOS.,cultivo_fruticola,FALSE,GUAYAS,19,234434.56,72006.63,162427.93,1965276.2,24072.09,24072.09,2024
739421,PROCOMAIN S.A.,G4620,G4620.11 - VENTA AL POR MAYOR DE CEREALES (GRANOS) Y SEMILLAS.,comercio_mayorista,FALSE,MANABI,5,234217.83,102980.74,131237.08999999997,1619605.76,78970.07,59227.55,2024
368095,"CAMARÓN""TR"" S.A.S. B.I.C.",G4630,G4630.32 - VENTA AL POR MAYOR DE CAMARÓN Y LANGOSTINOS.,comercio_mayorista,FALSE,MANABI,4,234182.34,33643.25,200539.09,117149.88,23643.25,23643.25,2024
712681,FRUITSMERE EXPORTADORA TOO FRUITY S.A.,A0125,"A0125.09 - OTROS CULTIVOS DE FRUTOS DE ÁRBOLES Y ARBUSTOS: PITAHAYA, TUNA, ALGARROBA, TAXOS, ETCÉTERA.",cultivo_fruticola,TRUE,PICHINCHA,4,234112.34,73847.5,160264.84,1298922.64,59736.26,59736.26,2024
306442,PRODUCTORA ECUATORIANA DE FRUTAS EXOTICAS ORGANPIT CIA.LTDA.,A0125,"A0125.09 - OTROS CULTIVOS DE FRUTOS DE ÁRBOLES Y ARBUSTOS: PITAHAYA, TUNA, ALGARROBA, TAXOS, ETCÉTERA.",cultivo_fruticola,TRUE,PICHINCHA,4,234101.07,125244.77,108856.3,1452474.85,0,5783.68,2024
738420,SUA-MAR S.A.S.,G4630,G4630.32 - VENTA AL POR MAYOR DE CAMARÓN Y LANGOSTINOS.,comercio_mayorista,FALSE,MANABI,4,233757,57063.21,176693.79,864157.18,26938.7,26938.7,2024
137944,FLORIECOLOGIC S.A.,G4620,G4620.15 - VENTA AL POR MAYOR DE FLORES Y PLANTAS.,comercio_mayorista,FALSE,PICHINCHA,8,233444.2,3661.38,229782.82,161688.54,0,3102.5,2024
347420,EXPORIMPOR NI S.A.,G4620,G4620.11 - VENTA AL POR MAYOR DE CEREALES (GRANOS) Y SEMILLAS.,comercio_mayorista,FALSE,SANTO DOMINGO DE LOS TSACHILAS,3,232742.39,186382.9,46359.49000000002,1490109.14,0,66985.75,2024
304804,EXPORTADORA Y COMERCIALIZADORA ECUFRUIT S.A.,G4630,"G4630.12 - VENTA AL POR MAYOR DE FRUTAS, LEGUMBRES Y HORTALIZAS.",comercio_mayorista,FALSE,GUAYAS,4,230579.53,30649.55,199929.98,5551476.87,10511.2,8198.74,2024
729682,GLOBAL CANDY GLOBALCANDY S.A.S.,G4630,"G4630.92 - VENTA AL POR MAYOR DE AZÚCAR, CHOCOLATE Y PRODUCTOS DE CONFITERÍA.",comercio_mayorista,FALSE,AZUAY,7,230561.77,-145741.5,376303.27,159961.12,0,-18574.3,2024
316576,AMANKAYROSES CIA.LTDA.,G4620,G4620.15 - VENTA AL POR MAYOR DE FLORES Y PLANTAS.,comercio_mayorista,FALSE,PICHINCHA,8,230348.08,-36582.48,266930.56,1037290.23,0,1642.64,2024
343324,COMERCIALIZADORA CARISUR S.A.S.,G4620,G4620.21 - VENTA AL POR MAYOR DE ANIMALES VIVOS.,comercio_mayorista,FALSE,SANTA ELENA,2,230179,-23012.54,253191.54,471426.97,0,12971.21,2024
357794,ALIMENTOS A BASE DE PROTEÍNA ABP CIA.LTDA.,G4630,G4630.31 - VENTA AL POR MAYOR DE CARNE Y PRODUCTOS CÁRNICOS (INCLUIDAS LAS AVES DE CORRAL).,comercio_mayorista,FALSE,PICHINCHA,4,230177.21,30.49,230146.72,21524.28,-369.51,-369.51,2024
748351,OVALCOHOL S.A.S.,G4620,G4620.19 - VENTA AL POR MAYOR DE OTRAS MATERIAS PRIMAS AGROPECUARIAS.,comercio_mayorista,FALSE,TUNGURAHUA,4,229910.09,48624.36,181285.72999999998,29947.75,8005.14,6244.01,2024
177983,VATZOV S. A.,G4630,G4630.91 - VENTA AL POR MAYOR DE ARROZ.,comercio_mayorista,FALSE,GUAYAS,5,229688.68,41535.84,188152.84,253310.31,-830.22,-830.22,2024
741322,EXPORTADORA DE FRUTAS EXOTICAS DEL SUR FRUEXSUR CIA.LTDA.,G4620,G4620.12 - VENTA AL POR MAYOR DE FRUTOS Y SEMILLAS OLEAGINOSAS.,comercio_mayorista,FALSE,EL ORO,4,228686.67,-5130.66,233817.33000000002,195956.7,-5369.46,-5369.46,2024
747660,VEGA4G S.A.S.,G4630,"G4630.95 - VENTA AL POR MAYOR DE BEBIDAS ALCOHÓLICAS, INCLUSO EL ENVASADO DE VINO A GRANEL SIN TRANSFORMACIÓN.",comercio_mayorista,FALSE,PICHINCHA,1,228658.64,24398.04,204260.6,240299.66,11720.27,7935.73,2024
326664,GRAMOLINO-EC S.A.S.,G4620,G4620.11 - VENTA AL POR MAYOR DE CEREALES (GRANOS) Y SEMILLAS.,comercio_mayorista,FALSE,PICHINCHA,7,228468.9,64010.99,164457.91,520057.08,16457.11,12836.55,2024
712682,EC-PRIME-ROSES S.A.,G4620,G4620.15 - VENTA AL POR MAYOR DE FLORES Y PLANTAS.,comercio_mayorista,FALSE,PICHINCHA,3,227570.31,-11733.99,239304.3,3142.33,0,-9644.82,2024
143441,AGRICOLA PALMICULTORA AGRIPALSSA S.A.,A0126,A0126.01 - CULTIVO DE PALMAS DE ACEITE (PALMA AFRICANA).,cultivo_fruticola,FALSE,PICHINCHA,2,227536.79,55200.21,172336.58000000002,9485.61,-1104.73,-1104.73,2024
351841,RANCHO-MARÍA S.A.S.,G4620,G4620.21 - VENTA AL POR MAYOR DE ANIMALES VIVOS.,comercio_mayorista,FALSE,GUAYAS,4,227510.43,1110.87,226399.56,119461,203.85,159,2024
719759,AGRICOLA BANANERA ASPIAZU AGRIBANASPI S.A.,A0122,A0122.01 - CULTIVO DE BANANOS Y PLÁTANOS.,cultivo_fruticola,FALSE,LOS RIOS,6,227438.12,212453.46,14984.660000000003,846745.25,51038.45,42310.75,2024
742880,SENSUM COFFEE S.A.S.,G4630,"G4630.14 - VENTA AL POR MAYOR DE CAFÉ, CACAO, TE Y ESPECIAS.",comercio_mayorista,FALSE,PICHINCHA,6,226268.6,-279307.3,505575.9,623118.71,-263948.94,-263948.94,2024
717043,BUSINESSMEAL S.A.,G4630,"G4630.21 - VENTA AL POR MAYOR DE PRODUCTOS LÁCTEOS, INCLUIDO HELADOS, BOLOS, ETCÉTERA.",comercio_mayorista,FALSE,GUAYAS,10,226035.34,57683.52,168351.82,895632.45,0,15786.75,2024
355379,VALBANA S.A.S.,G4630,G4630.11 - VENTA AL POR MAYOR DE BANANO Y PLÁTANO.,comercio_mayorista,FALSE,GUAYAS,7,225879.72,4413.45,221466.27,605481.78,7389.41,3613.45,2024
335595,COMPAÑIA FORTALEZA DEL CACAO S.A.,G4630,"G4630.14 - VENTA AL POR MAYOR DE CAFÉ, CACAO, TE Y ESPECIAS.",comercio_mayorista,FALSE,GUAYAS,5,225639.88,123250.81,102389.07,1673345.97,67005,50253.75,2024
370444,VITALGRAIN S.A.S.,G4620,G4620.11 - VENTA AL POR MAYOR DE CEREALES (GRANOS) Y SEMILLAS.,comercio_mayorista,FALSE,AZUAY,1,224919.63,8767.15,216152.48,20768.04,4494.83,3767.15,2024
725707,NUNKUI C.LTDA.,G4630,"G4630.12 - VENTA AL POR MAYOR DE FRUTAS, LEGUMBRES Y HORTALIZAS.",comercio_mayorista,FALSE,COTOPAXI,4,224585.63,96789.13,127796.5,351761.8,1184.92,541.8,2024
711178,PRODUCTORA BANANERA PORTILLA SALAZAR PORTILLAFRUIT S.A.,A0122,A0122.01 - CULTIVO DE BANANOS Y PLÁTANOS.,cultivo_fruticola,FALSE,GUAYAS,2,224392.76,38715.42,185677.34000000003,449904.6,0,5124.47,2024
61357,FIFTYFLOWERS REPRESENTACIONES S.A.,G4620,G4620.15 - VENTA AL POR MAYOR DE FLORES Y PLANTAS.,comercio_mayorista,FALSE,PICHINCHA,28,224267.15,-25841.61,250108.76,1531924.74,-12040.67,-34461.62,2024
59805,MANSOL S.A.,A0122,A0122.01 - CULTIVO DE BANANOS Y PLÁTANOS.,cultivo_fruticola,FALSE,GUAYAS,9,223975.45,161969.31,62006.140000000014,283452.41,0,884.04,2024
362475,MUSEO CARNICO LA CRIANZA S.A.S.,G4630,G4630.31 - VENTA AL POR MAYOR DE CARNE Y PRODUCTOS CÁRNICOS (INCLUIDAS LAS AVES DE CORRAL).,comercio_mayorista,FALSE,SANTO DOMINGO DE LOS TSACHILAS,4,223909.4,1354.3,222555.1,403092.41,441.43,344.3,2024
331071,ICARUS ENTERPRISE ENTERICARUS S.A.,G4630,G4630.32 - VENTA AL POR MAYOR DE CAMARÓN Y LANGOSTINOS.,comercio_mayorista,FALSE,GUAYAS,2,223871.38,1028.15,222843.23,10385.82,-1934.88,-1934.88,2024
357716,DISTRIMARCA S.A.S.,G4630,G4630.99 - VENTA AL POR MAYOR DE OTROS PRODUCTOS COMESTIBLES (ENLATADOS Y CONSERVAS).,comercio_mayorista,FALSE,PICHINCHA,12,223820.82,-39699.61,263520.43,862626.85,0,-40699.61,2024
334074,COMERCIALIZADORA MALAU S.A.S.,G4630,G4630.32 - VENTA AL POR MAYOR DE CAMARÓN Y LANGOSTINOS.,comercio_mayorista,FALSE,MANABI,6,221667.29,87670.2,133997.09000000003,648399.74,19587.69,19587.69,2024
177755,EXCAFRONT S. A.,G4630,G4630.32 - VENTA AL POR MAYOR DE CAMARÓN Y LANGOSTINOS.,comercio_mayorista,FALSE,EL ORO,2,221434.32,85374.32,136060,103704.48,0,-16051.05,2024
97600,COEXFRUIT S.A.,A0122,A0122.01 - CULTIVO DE BANANOS Y PLÁTANOS.,cultivo_fruticola,FALSE,EL ORO,7,220861.28,49124,171737.28,183997.98,0,5269.8,2024
345344,COMPAÑIA AGROGENESIS S.A.S.,A0125,"A0125.09 - OTROS CULTIVOS DE FRUTOS DE ÁRBOLES Y ARBUSTOS: PITAHAYA, TUNA, ALGARROBA, TAXOS, ETCÉTERA.",cultivo_fruticola,TRUE,MANABI,4,220833.77,-306.66,221140.43,45036.14,-506.66,-506.66,2024
359098,MONIS CORP S.A.S.,G4630,"G4630.92 - VENTA AL POR MAYOR DE AZÚCAR, CHOCOLATE Y PRODUCTOS DE CONFITERÍA.",comercio_mayorista,FALSE,GUAYAS,2,220764.49,25572.81,195191.68,184334.01,24572.81,24572.81,2024
7313,CHOCOLATE ECUATORIANO CA CHOCOLATECA,C1073,"C1073.21 - ELABORACIÓN DE PRODUCTOS DE CONFITERÍA: CARAMELOS, TURRÓN, GRAGEAS Y PASTILLAS DE CONFITERÍA, GOMA DE MASCAR (CHICLES), CONFITES BLANDOS, CONFITERÍA A BASE DE CHOCOLATE Y CHOCOLATE BLANCO, ETCÉTERA.",procesamiento,FALSE,PICHINCHA,3,220443.32,-281495.58,501938.9,48600.64,0,-105729.42,2024
368834,BANAFRESH EXPORT S.A.S.,G4630,G4630.11 - VENTA AL POR MAYOR DE BANANO Y PLÁTANO.,comercio_mayorista,FALSE,GUAYAS,8,220326.53,3651.84,216674.69,204949.09,4224.95,2851.84,2024
359505,ELITE SUPPLY ELISU S.A.S.,G4620,G4620.11 - VENTA AL POR MAYOR DE CEREALES (GRANOS) Y SEMILLAS.,comercio_mayorista,FALSE,GUAYAS,10,219444.79,644.72,218800.07,222720.1,185.54,144.72,2024
717965,FALUSÁN CIA.LTDA.,C1030,"C1030.11 - ELABORACIÓN DE ALIMENTOS COMPUESTOS (MEZCLA) PRINCIPALMENTE DE FRUTAS LEGUMBRES U HORTALIZAS, EXCEPTO PLATOS PREPARADOS EN FORMA CONGELADA O ENLATADA LISTOS PARA CONSUMIR.",procesamiento,FALSE,EL ORO,2,219425.9,190442.04,28983.859999999986,43243.16,969.97,756.58,2024
727649,LICOMAN S.A.,G4630,"G4630.95 - VENTA AL POR MAYOR DE BEBIDAS ALCOHÓLICAS, INCLUSO EL ENVASADO DE VINO A GRANEL SIN TRANSFORMACIÓN.",comercio_mayorista,FALSE,GUAYAS,4,219368.1,-18547.51,237915.61000000002,84844.85,307.63,239.95,2024
726724,AGROAIRES BANANAS S.A.,G4630,G4630.11 - VENTA AL POR MAYOR DE BANANO Y PLÁTANO.,comercio_mayorista,FALSE,GUAYAS,4,218725.73,-127484.34,346210.07,1266323.49,-57501.34,-57501.34,2024
334541,COMERCIALIZADORA Y EXPORTADORA EXPOROJEDA CIA.LTDA.,G4630,G4630.32 - VENTA AL POR MAYOR DE CAMARÓN Y LANGOSTINOS.,comercio_mayorista,FALSE,MANABI,4,218634.26,77917.38,140716.88,400215.31,18438.65,14382.15,2024
738890,MANTATUNAS S.A.S.,G4630,"G4630.33 - VENTA AL POR MAYOR DE PESCADO, CRUSTÁCEOS, MOLUSCOS Y PRODUCTOS DE LA PESCA.",comercio_mayorista,FALSE,MANABI,4,218627.39,38803.4,179823.99000000002,2465446.95,8599.93,6449.95,2024
322683,CARVAJAL&CERVANTES S.A.,G4630,"G4630.95 - VENTA AL POR MAYOR DE BEBIDAS ALCOHÓLICAS, INCLUSO EL ENVASADO DE VINO A GRANEL SIN TRANSFORMACIÓN.",comercio_mayorista,FALSE,SANTO DOMINGO DE LOS TSACHILAS,12,218002.48,82548,135454.48,2584458.34,59861.25,44855.94,2024
349760,INSUPPAN DEL ECUADOR S.A.S.,G4630,G4630.93 - VENTA AL POR MAYOR DE PRODUCTOS DE PANADERÍA Y REPOSTERÍA.,comercio_mayorista,FALSE,PICHINCHA,3,217987.73,-15247.68,233235.41,1026645.94,-15902.47,-14391.13,2024
717098,BANANFRUIT S.A.,A0122,A0122.01 - CULTIVO DE BANANOS Y PLÁTANOS.,cultivo_fruticola,FALSE,GUAYAS,4,217365.96,15086.6,202279.36,62931.47,0,99.82,2024
702063,ORGANICISLAND S.A.,G4630,G4630.99 - VENTA AL POR MAYOR DE OTROS PRODUCTOS COMESTIBLES (ENLATADOS Y CONSERVAS).,comercio_mayorista,FALSE,GALAPAGOS,4,217204.02,138904.53,78299.48999999999,669729.96,2228.51,976.54,2024
750374,INDUSTRIA ECUATORIANA ROMERO APOLO CAFEINDERA CIA.LTDA.,G4630,"G4630.14 - VENTA AL POR MAYOR DE CAFÉ, CACAO, TE Y ESPECIAS.",comercio_mayorista,FALSE,LOJA,9,217066.59,-29712.46,246779.05,503264.12,-30756.31,-30756.31,2024
747817,SOLSE S.A.S.,A0122,A0122.01 - CULTIVO DE BANANOS Y PLÁTANOS.,cultivo_fruticola,FALSE,EL ORO,9,216580.2,11919.95,204660.25,306314.15,66493.68,66493.68,2024
96419,TRANSYSERPE S.A.,G4630,G4630.91 - VENTA AL POR MAYOR DE ARROZ.,comercio_mayorista,FALSE,GUAYAS,2,216575.91,105469.46,111106.45,133057.14,10559.4,7349.49,2024
73029,INMOBILIARIA INMERISO S.A.,G4630,G4630.91 - VENTA AL POR MAYOR DE ARROZ.,comercio_mayorista,FALSE,GUAYAS,4,215158.57,143434.74,71723.83000000002,65765.19,0,991.77,2024
70875,PENTO S.A.,A0122,A0122.01 - CULTIVO DE BANANOS Y PLÁTANOS.,cultivo_fruticola,FALSE,GUAYAS,18,215027.04,139942.82,75084.22,619316.94,29135.13,22725.4,2024
745694,COMERCIALIZADORA AGRICOLA AGROLARA COCOA EXPORT S.A.,G4620,G4620.11 - VENTA AL POR MAYOR DE CEREALES (GRANOS) Y SEMILLAS.,comercio_mayorista,FALSE,LOS RIOS,9,213230.11,121230.11,91999.99999999999,2372932.84,0,95230.11,2024
734332,FRUKTZEVEL S.A.,A0122,A0122.01 - CULTIVO DE BANANOS Y PLÁTANOS.,cultivo_fruticola,FALSE,GUAYAS,4,213020.63,8319.55,204701.08000000002,2818960.79,596.67,447.5,2024
120994,ZOIDBERG COMPANY S.A.,A0122,"A0122.09 - OTROS CULTIVOS DE FRUTAS TROPICALES Y SUBTROPICALES: PAPAYAS, BABACOS, CHAMBUROS, AGUACATES, HIGOS, ARAZÁ, GUAYABAS, GUANÁBANA, GUABA, CHIRIMOYA, NARANJILLAS, ZAPOTES, BOROJÓ, TAMARINDO, GRANADILLAS, DÁTILES, ETCÉTERA.",cultivo_fruticola,TRUE,GUAYAS,1,212428.57,171718.88,40709.69,147177.36,143508.96,142237.19,2024
327772,EXPORTADORA AGRÍCOLA EXARAFRUITS S.A.,G4630,G4630.11 - VENTA AL POR MAYOR DE BANANO Y PLÁTANO.,comercio_mayorista,FALSE,EL ORO,4,212377.54,36899.67,175477.87,559559.88,14421.03,12312.32,2024
346228,MONARCAFIELDS S.A.S.,A0125,"A0125.09 - OTROS CULTIVOS DE FRUTOS DE ÁRBOLES Y ARBUSTOS: PITAHAYA, TUNA, ALGARROBA, TAXOS, ETCÉTERA.",cultivo_fruticola,TRUE,MORONA SANTIAGO,4,212076.92,187403.11,24673.810000000027,183047.42,106714.45,50792.34,2024
27717,PROCO C.LTDA.,G4630,G4630.31 - VENTA AL POR MAYOR DE CARNE Y PRODUCTOS CÁRNICOS (INCLUIDAS LAS AVES DE CORRAL).,comercio_mayorista,FALSE,GUAYAS,11,211977.84,22147.5,189830.34,622341.43,0,2184.14,2024
97326,AGRICOLA EL COCOKE S.A AGRICOKE,A0122,A0122.01 - CULTIVO DE BANANOS Y PLÁTANOS.,cultivo_fruticola,FALSE,EL ORO,1,211787.63,59056.39,152731.24,55900,0,411.17,2024
131955,EXPORTADORA & IMPORTADORA KAM S.A. (EXIKAM),G4630,"G4630.14 - VENTA AL POR MAYOR DE CAFÉ, CACAO, TE Y ESPECIAS.",comercio_mayorista,FALSE,LOS RIOS,8,211584.66,65342.06,146242.6,1821263.03,82233.41,64142.06,2024
316476,BELFRUIT S.A.,G4630,G4630.11 - VENTA AL POR MAYOR DE BANANO Y PLÁTANO.,comercio_mayorista,FALSE,GUAYAS,2,211492.45,118400.69,93091.76000000001,1335622.3,0,32237.83,2024
721999,JULIO PATRICIO MORA ORELLANA JPMO S.A.,G4630,G4630.23 - VENTA AL POR MAYOR DE ACEITES Y GRASAS COMESTIBLES DE ORIGEN ANIMAL O VEGETAL.,comercio_mayorista,FALSE,GUAYAS,4,210826.79,174373.63,36453.16,569823.84,54404.69,40803.52,2024
54100,SVETLANROSS CONSULTING CIA. LTDA.,G4620,G4620.15 - VENTA AL POR MAYOR DE FLORES Y PLANTAS.,comercio_mayorista,FALSE,PICHINCHA,5,210565.71,128340.31,82225.4,126880,47848.31,35967.99,2024
370401,MARISCOS DEL PACIFICO MARDEPACIF S.A.S.,G4630,"G4630.33 - VENTA AL POR MAYOR DE PESCADO, CRUSTÁCEOS, MOLUSCOS Y PRODUCTOS DE LA PESCA.",comercio_mayorista,FALSE,MANABI,3,210437.07,929.68,209507.39,209210.1,0,129.68,2024
747826,SWEETFRUIT S.A.,G4630,G4630.11 - VENTA AL POR MAYOR DE BANANO Y PLÁTANO.,comercio_mayorista,FALSE,GUAYAS,4,210422.83,20486.47,189936.36,463812.81,6683.64,1967.16,2024
124984,EDUTABA S.A.,G4630,G4630.11 - VENTA AL POR MAYOR DE BANANO Y PLÁTANO.,comercio_mayorista,FALSE,GUAYAS,3,209656.56,119650.08,90006.48,317294.48,32827.65,25605.57,2024
149747,ECUMAGNO S.A.,G4630,"G4630.21 - VENTA AL POR MAYOR DE PRODUCTOS LÁCTEOS, INCLUIDO HELADOS, BOLOS, ETCÉTERA.",comercio_mayorista,FALSE,GUAYAS,31,209315.99,85026.05,124289.93999999999,2599826.33,6661.58,4996.18,2024
39657,AGROINDUSTRIAS & COMERCIO GRULOPEZ C. LTDA.,G4630,G4630.11 - VENTA AL POR MAYOR DE BANANO Y PLÁTANO.,comercio_mayorista,FALSE,EL ORO,20,209249.24,200267.27,8981.970000000001,332448.2,14968.98,11714.71,2024
356136,FLORESCAMP S.A.S.,G4620,G4620.15 - VENTA AL POR MAYOR DE FLORES Y PLANTAS.,comercio_mayorista,FALSE,PICHINCHA,16,208583.2,-2179.94,210763.14,1089986.43,-2186.94,-2186.94,2024
161573,PIEDRA NEGRA DEL ECUADOR PROURMET CIA. LTDA.,A0127,A0127.01 - CULTIVO DE CAFÉ.,cultivo_fruticola,FALSE,PICHINCHA,1,208542.04,185505.21,23036.830000000016,82777.75,0,-67857.14,2024
307972,AGRICOLA AURCRISA C.A.,A0122,A0122.01 - CULTIVO DE BANANOS Y PLÁTANOS.,cultivo_fruticola,FALSE,EL ORO,85,208467.36,135210.96,73256.4,1207751.08,0,427.17,2024
38461,COMERCIALIZADORA PALACIOS FRANCO S.A. COPALFRA,G4630,G4630.11 - VENTA AL POR MAYOR DE BANANO Y PLÁTANO.,comercio_mayorista,FALSE,EL ORO,1,208085.51,113255.99,94829.52,43178.38,0,-12993.99,2024
307789,AGRICOLA ''HACIENDA COYOLES'' AGRICOLACOYOLES CIA.LTDA.,A0122,A0122.01 - CULTIVO DE BANANOS Y PLÁTANOS.,cultivo_fruticola,FALSE,GUAYAS,1,208041.23,174977.2,33064.03,157582.2,19499.98,17749.98,2024
718903,COMERCIALIZADORA DE FRUTAS Y VERDURAS LOS ENCUENTROS SAJEOZ CIA.LTDA.,G4630,"G4630.12 - VENTA AL POR MAYOR DE FRUTAS, LEGUMBRES Y HORTALIZAS.",comercio_mayorista,FALSE,ZAMORA CHINCHIPE,5,207924.71,3398,204526.71,1096165.68,46022.5,0,2024
102019,SABOR TROPICAL (SATROPIC) S.A.,G4630,"G4630.12 - VENTA AL POR MAYOR DE FRUTAS, LEGUMBRES Y HORTALIZAS.",comercio_mayorista,FALSE,GUAYAS,4,206982.99,206105.56,877.429999999993,73471,129204.59,64275.6,2024
706823,ALGOCULTURE INDUSTRIA ALIMENTICIA ARIZA Y ASOCIADOS CIA.LTDA.,C1030,"C1030.12 - CONSERVACIÓN DE FRUTAS, PULPA DE FRUTAS, LEGUMBRES Y HORTALIZAS MEDIANTE EL CONGELADO, SECADO, DESHIDRATADO, INMERSIÓN EN ACEITE O VINAGRE, ENLATADO, ETCÉTERA.",procesamiento,FALSE,PICHINCHA,4,206954.47,44324.31,162630.16,168912.93,19294.79,17033.33,2024
366473,NÓRDICO FOOD PREMIUM S.A.S.,G4630,G4630.31 - VENTA AL POR MAYOR DE CARNE Y PRODUCTOS CÁRNICOS (INCLUIDAS LAS AVES DE CORRAL).,comercio_mayorista,FALSE,COTOPAXI,4,206875.26,1244.99,205630.27000000002,36147.31,0,-755.01,2024
754584,FRUCAFERRY S.A.,G4630,G4630.11 - VENTA AL POR MAYOR DE BANANO Y PLÁTANO.,comercio_mayorista,FALSE,GUAYAS,4,206348.75,206348.75,0,1650500,224980,204348.75,2024
745253,SIMBA CORPORACIÓN SIMBACORP S.A.,A0122,A0122.01 - CULTIVO DE BANANOS Y PLÁTANOS.,cultivo_fruticola,FALSE,LOS RIOS,5,206040,899.8,205140.2,12890.66,0,88.09,2024
744384,VICAR S.A.,A0127,A0127.02 - CULTIVO DE CACAO.,cultivo_fruticola,FALSE,GUAYAS,5,205567.5,13234.22,192333.28,2974.65,2974.65,2974.65,2024
95097,JORGE MARTINEZ JOMAR CIA. LTDA.,G4630,"G4630.33 - VENTA AL POR MAYOR DE PESCADO, CRUSTÁCEOS, MOLUSCOS Y PRODUCTOS DE LA PESCA.",comercio_mayorista,FALSE,AZUAY,2,205368.46,36215.63,169152.83,896843.16,21695.09,16271.32,2024
343865,CARNES Y FRIGORIFICOS PAULITA S.A.S.,G4630,G4630.31 - VENTA AL POR MAYOR DE CARNE Y PRODUCTOS CÁRNICOS (INCLUIDAS LAS AVES DE CORRAL).,comercio_mayorista,FALSE,AZUAY,2,205315.09,37198.2,168116.89,2023890.18,20003.85,20003.85,2024
725447,BONIECUADOR S.A.,G4630,"G4630.33 - VENTA AL POR MAYOR DE PESCADO, CRUSTÁCEOS, MOLUSCOS Y PRODUCTOS DE LA PESCA.",comercio_mayorista,FALSE,MANABI,4,204433.38,204433.38,0,3128203.86,-75241.39,-75241.39,2024
310836,AGROMEND S.A.,G4620,G4620.19 - VENTA AL POR MAYOR DE OTRAS MATERIAS PRIMAS AGROPECUARIAS.,comercio_mayorista,FALSE,GUAYAS,4,204371.87,56659.05,147712.82,290081.58,31652.53,27053.38,2024
703586,AGRIVINUEVA S.A.,G4630,G4630.11 - VENTA AL POR MAYOR DE BANANO Y PLÁTANO.,comercio_mayorista,FALSE,GUAYAS,23,204127.85,119434.24,84693.61,619692.17,21358.74,14083.05,2024
311924,COBARRECA CIA.LTDA.,A0122,A0122.01 - CULTIVO DE BANANOS Y PLÁTANOS.,cultivo_fruticola,FALSE,GUAYAS,18,203716.9,139185.57,64531.32999999999,1475567.01,52456.32,40915.93,2024
161119,VIVAXFLOWERS TRADING S.A.,G4620,G4620.15 - VENTA AL POR MAYOR DE FLORES Y PLANTAS.,comercio_mayorista,FALSE,PICHINCHA,9,202920.82,14725.12,188195.7,47530.27,4226.23,3296.46,2024
738022,AGRICOLA VITORIAFRUIT S.A.S.,G4630,G4630.11 - VENTA AL POR MAYOR DE BANANO Y PLÁTANO.,comercio_mayorista,FALSE,GUAYAS,19,202594.88,-124338.1,326932.98,344235.95,0,2143.18,2024
703482,INDUSTRIAS SARA PANGA TOMEHR COMPAÑIA DE RESPONSABILIDAD LIMITADA,C1030,"C1030.16 - ELABORACIÓN DE COMPOTAS, MERMELADAS Y JALEAS, PURÉS Y OTRAS CONFITURAS DE FRUTAS O FRUTOS SECOS.",procesamiento,FALSE,LOJA,6,202253.15,155884.57,46368.57999999999,257044.78,0,32342.53,2024
141673,BAQUERO GUERRA CIA. LTDA.,G4620,G4620.15 - VENTA AL POR MAYOR DE FLORES Y PLANTAS.,comercio_mayorista,FALSE,PICHINCHA,16,202167.77,7580.4,194587.37,680260.5,0,2545.17,2024
324082,PRODEGRANOS CIA.LTDA.,G4620,G4620.11 - VENTA AL POR MAYOR DE CEREALES (GRANOS) Y SEMILLAS.,comercio_mayorista,FALSE,CHIMBORAZO,5,202126.46,23793.68,178332.78,811669.99,6181.18,4807.36,2024
366496,JIREHDRAGON FRUIT S.A.S.,A0125,"A0125.09 - OTROS CULTIVOS DE FRUTOS DE ÁRBOLES Y ARBUSTOS: PITAHAYA, TUNA, ALGARROBA, TAXOS, ETCÉTERA.",cultivo_fruticola,TRUE,PICHINCHA,3,201765.25,25451.73,176313.52,640038.07,68841.86,25251.73,2024
84875,CREEPY S.A.,A0122,"A0122.09 - OTROS CULTIVOS DE FRUTAS TROPICALES Y SUBTROPICALES: PAPAYAS, BABACOS, CHAMBUROS, AGUACATES, HIGOS, ARAZÁ, GUAYABAS, GUANÁBANA, GUABA, CHIRIMOYA, NARANJILLAS, ZAPOTES, BOROJÓ, TAMARINDO, GRANADILLAS, DÁTILES, ETCÉTERA.",cultivo_fruticola,TRUE,GUAYAS,4,201459.9,64926.91,136532.99,590958.47,0,7781.61,2024
707006,COMERCIALIZADORA CLOUDFORESTCOCOA CIA.LTDA.,A0127,A0127.02 - CULTIVO DE CACAO.,cultivo_fruticola,FALSE,PICHINCHA,9,200917.75,-65525.51,266443.26,200935.57,-84101.85,-84101.85,2024
125364,INCAPROX S.A.,G4630,G4630.91 - VENTA AL POR MAYOR DE ARROZ.,comercio_mayorista,FALSE,MANABI,69,200773.75,166293.71,34480.04000000001,548578.94,9843.3,7496.28,2024
708131,ANAHEIMSP SNACK PRODUCTS CIA.LTDA.,G4630,G4630.99 - VENTA AL POR MAYOR DE OTROS PRODUCTOS COMESTIBLES (ENLATADOS Y CONSERVAS).,comercio_mayorista,FALSE,PICHINCHA,4,199933.31,91681.66,108251.65,448273.07,0,-11401.63,2024
751373,GRUPO LICORERO DE SUDAMERICA GRULISUR S.A.,G4630,"G4630.95 - VENTA AL POR MAYOR DE BEBIDAS ALCOHÓLICAS, INCLUSO EL ENVASADO DE VINO A GRANEL SIN TRANSFORMACIÓN.",comercio_mayorista,FALSE,GUAYAS,6,199822.5,58.16,199764.34,120069.33,0,-741.84,2024
180433,CHEMGOD S.A.,G4620,G4620.15 - VENTA AL POR MAYOR DE FLORES Y PLANTAS.,comercio_mayorista,FALSE,PICHINCHA,8,199644.84,114839.61,84805.23,459214,43463.39,34839.61,2024
311652,FRUBARU C.A.,G4630,"G4630.12 - VENTA AL POR MAYOR DE FRUTAS, LEGUMBRES Y HORTALIZAS.",comercio_mayorista,FALSE,GUAYAS,4,199191.13,10000,189191.13,885397.83,0,7930.88,2024
368450,GRANO DE ORO ILIBOSS S.A.S.,A0127,A0127.02 - CULTIVO DE CACAO.,cultivo_fruticola,FALSE,SANTO DOMINGO DE LOS TSACHILAS,1,199001.38,153009.18,45992.20000000001,958169.57,152009.18,152009.18,2024
703045,PROTEANFARMS CIA.LTDA.,G4620,G4620.15 - VENTA AL POR MAYOR DE FLORES Y PLANTAS.,comercio_mayorista,FALSE,PICHINCHA,15,198726.21,55399.99,143326.22,445542.54,25272.74,18401.42,2024
366757,AGROINDUSTRIAS PURA PEPA DJRA S.A.S.,G4630,G4630.91 - VENTA AL POR MAYOR DE ARROZ.,comercio_mayorista,FALSE,GUAYAS,1,196570.91,7240.93,189329.98,602174.2,2872.99,2240.93,2024
370563,KKO ECUADOR S.A.S.,G4630,"G4630.14 - VENTA AL POR MAYOR DE CAFÉ, CACAO, TE Y ESPECIAS.",comercio_mayorista,FALSE,LOS RIOS,4,196266.41,5394.49,190871.92,179284.62,5377.55,4194.49,2024
361207,GEOAGRICOLAS S.A.S.,A0122,A0122.01 - CULTIVO DE BANANOS Y PLÁTANOS.,cultivo_fruticola,FALSE,EL ORO,4,195654.96,1000,194654.96,344571.18,0,-101863.16,2024
110817,AMELOTI S.A.,G4630,"G4630.94 - VENTA AL POR MAYOR DE BEBIDAS NO ALCOHÓLICAS (JUGOS, GASEOSAS, AGUA MINERAL, ETCÉTERA).",comercio_mayorista,FALSE,GUAYAS,4,195592.2,190717.95,4874.25,849030.27,17356.54,17356.54,2024
733643,EL PAMPERO EMBUTIDOS Y CARNES EMBUCAR S.A.,G4630,G4630.31 - VENTA AL POR MAYOR DE CARNE Y PRODUCTOS CÁRNICOS (INCLUIDAS LAS AVES DE CORRAL).,comercio_mayorista,FALSE,GUAYAS,15,193986.36,13946.39,180039.96999999997,781744.39,297.74,297.74,2024
746287,EMSAFISH S.A.S.,G4630,"G4630.33 - VENTA AL POR MAYOR DE PESCADO, CRUSTÁCEOS, MOLUSCOS Y PRODUCTOS DE LA PESCA.",comercio_mayorista,FALSE,SANTA ELENA,2,193674.02,110961.23,82712.79,798351.1,52952.46,49516.3,2024
746120,EDIPORFRUIT S.A.S.,G4630,G4630.11 - VENTA AL POR MAYOR DE BANANO Y PLÁTANO.,comercio_mayorista,FALSE,GUAYAS,4,193341.21,140124.08,53217.130000000005,2322686.84,105738.64,70868.92,2024
339689,JOE-COCOA EXPORT S.A.,G4630,"G4630.14 - VENTA AL POR MAYOR DE CAFÉ, CACAO, TE Y ESPECIAS.",comercio_mayorista,FALSE,GUAYAS,2,193326.8,78058.57,115268.22999999998,1299621.49,76392.35,76392.35,2024
729995,SIMBAI S.A.,G4630,"G4630.33 - VENTA AL POR MAYOR DE PESCADO, CRUSTÁCEOS, MOLUSCOS Y PRODUCTOS DE LA PESCA.",comercio_mayorista,FALSE,GUAYAS,2,193174.58,169415.68,23758.899999999994,296356.22,113932.17,109207.53,2024
120489,OSIRISCORP S.A.,A0122,A0122.01 - CULTIVO DE BANANOS Y PLÁTANOS.,cultivo_fruticola,FALSE,GUAYAS,31,193062.58,118339.43,74723.15,736253.89,5987.25,5987.25,2024
300623,MURZI TORRES SERVICIOS INDUSTRIALES ESH-EXPO S.A.,G4630,"G4630.21 - VENTA AL POR MAYOR DE PRODUCTOS LÁCTEOS, INCLUIDO HELADOS, BOLOS, ETCÉTERA.",comercio_mayorista,FALSE,GUAYAS,3,192751.18,166690.83,26060.350000000006,79983.75,17164.27,12873.2,2024
703549,AGRIELRECREO S.A.,G4630,G4630.11 - VENTA AL POR MAYOR DE BANANO Y PLÁTANO.,comercio_mayorista,FALSE,GUAYAS,21,192148.04,135996.57,56151.47,727499.18,27455.37,20016.92,2024
345810,PACIFIC INTERNATIONAL BUSINESS PIB S.A.S.,G4630,G4630.23 - VENTA AL POR MAYOR DE ACEITES Y GRASAS COMESTIBLES DE ORIGEN ANIMAL O VEGETAL.,comercio_mayorista,FALSE,GUAYAS,3,191743.32,152315.8,39427.52000000002,451547.39,138801.58,134004.05,2024
366096,AGROCOMIM S.A.S.,G4630,"G4630.14 - VENTA AL POR MAYOR DE CAFÉ, CACAO, TE Y ESPECIAS.",comercio_mayorista,FALSE,GUAYAS,4,191672.62,49795.12,141877.5,2590793.61,41475.85,48795.12,2024
132270,DOBROSKO S. A.,G4630,"G4630.94 - VENTA AL POR MAYOR DE BEBIDAS NO ALCOHÓLICAS (JUGOS, GASEOSAS, AGUA MINERAL, ETCÉTERA).",comercio_mayorista,FALSE,GUAYAS,7,191541.9,-140243.69,331785.58999999997,143016.17,-51384.82,-25692.41,2024
755969,CARNISARIATO JR LA-PRADERA S.A.S.,G4630,G4630.31 - VENTA AL POR MAYOR DE CARNE Y PRODUCTOS CÁRNICOS (INCLUIDAS LAS AVES DE CORRAL).,comercio_mayorista,FALSE,MANABI,2,191500.33,129992.1,61508.22999999998,468539.1,0,119992.1,2024
716727,FAMIARROZ S.A.,G4630,G4630.91 - VENTA AL POR MAYOR DE ARROZ.,comercio_mayorista,FALSE,GUAYAS,4,190566.41,46888.2,143678.21000000002,2192651.03,22173.46,16630.09,2024
73260,ALIMENTOS DE BANANO S.A. ALIBANA,C1030,"C1030.11 - ELABORACIÓN DE ALIMENTOS COMPUESTOS (MEZCLA) PRINCIPALMENTE DE FRUTAS LEGUMBRES U HORTALIZAS, EXCEPTO PLATOS PREPARADOS EN FORMA CONGELADA O ENLATADA LISTOS PARA CONSUMIR.",procesamiento,FALSE,GUAYAS,2,190367.05,64730.87,125636.18,1576.29,0,0,2024
178833,FRUTALIT S.A.,A0122,"A0122.09 - OTROS CULTIVOS DE FRUTAS TROPICALES Y SUBTROPICALES: PAPAYAS, BABACOS, CHAMBUROS, AGUACATES, HIGOS, ARAZÁ, GUAYABAS, GUANÁBANA, GUABA, CHIRIMOYA, NARANJILLAS, ZAPOTES, BOROJÓ, TAMARINDO, GRANADILLAS, DÁTILES, ETCÉTERA.",cultivo_fruticola,TRUE,GUAYAS,49,190304.79,131633.01,58671.78,1065722.63,45447.77,34471.96,2024
155991,FRUTAS Y CARAMELOS FRUIT&CANDY S.A.,C1073,"C1073.21 - ELABORACIÓN DE PRODUCTOS DE CONFITERÍA: CARAMELOS, TURRÓN, GRAGEAS Y PASTILLAS DE CONFITERÍA, GOMA DE MASCAR (CHICLES), CONFITES BLANDOS, CONFITERÍA A BASE DE CHOCOLATE Y CHOCOLATE BLANCO, ETCÉTERA.",procesamiento,FALSE,PICHINCHA,5,190283.48,142073.29,48210.19,188777.24,12646.06,12646.06,2024
105613,"Q-EROS, S.A.",G4620,"G4620.22 - VENTA AL POR MAYOR DE CUEROS, PIELES Y OTROS PRODUCTOS ANIMALES.",comercio_mayorista,FALSE,GUAYAS,33,189838.12,4028.63,185809.49,378828.27,0,0,2024
721550,SHIELDSEG S.A.,A0122,A0122.01 - CULTIVO DE BANANOS Y PLÁTANOS.,cultivo_fruticola,FALSE,GUAYAS,2,189701.64,6359.82,183341.82,19050,1055,822.9,2024
746668,SAPORITI DEL ECUADOR S.A.,C1030,"C1030.12 - CONSERVACIÓN DE FRUTAS, PULPA DE FRUTAS, LEGUMBRES Y HORTALIZAS MEDIANTE EL CONGELADO, SECADO, DESHIDRATADO, INMERSIÓN EN ACEITE O VINAGRE, ENLATADO, ETCÉTERA.",procesamiento,FALSE,GUAYAS,6,188659.36,117914.44,70744.91999999998,121099.07,-241038,-242456.17,2024
704535,AGROQUIMICOS EUROPEOS EUROCHEM S.A.,G4620,G4620.19 - VENTA AL POR MAYOR DE OTRAS MATERIAS PRIMAS AGROPECUARIAS.,comercio_mayorista,FALSE,PICHINCHA,22,188426.28,45269.64,143156.64,321330,42384.53,11690.18,2024
713028,TITICORPSA S.A.,C1073,"C1073.21 - ELABORACIÓN DE PRODUCTOS DE CONFITERÍA: CARAMELOS, TURRÓN, GRAGEAS Y PASTILLAS DE CONFITERÍA, GOMA DE MASCAR (CHICLES), CONFITES BLANDOS, CONFITERÍA A BASE DE CHOCOLATE Y CHOCOLATE BLANCO, ETCÉTERA.",procesamiento,FALSE,GUAYAS,2,187362.08,155892.97,31469.109999999986,20912.5,4358.59,4289.46,2024
348696,PASTO & HENO S.A.S.,G4620,"G4620.14 - VENTA AL POR MAYOR DE DESECHOS, RESIDUOS Y PRODUCTOS DERIVADOS USADOS PARA ALIMENTAR ANIMALES (FORRAJE), INCLUYE MATERIAS PRIMAS AGRARIAS.",comercio_mayorista,FALSE,COTOPAXI,5,187140.81,28081.29,159059.52,857044.81,54373.43,42472.38,2024
312334,FRANC&CORT S.A.,A0126,A0126.01 - CULTIVO DE PALMAS DE ACEITE (PALMA AFRICANA).,cultivo_fruticola,FALSE,GUAYAS,2,187052.18,30870.66,156181.52,112633.6,5636.82,4396.72,2024
61334,GYBALFARMA S.A.,G4630,"G4630.95 - VENTA AL POR MAYOR DE BEBIDAS ALCOHÓLICAS, INCLUSO EL ENVASADO DE VINO A GRANEL SIN TRANSFORMACIÓN.",comercio_mayorista,FALSE,GUAYAS,5,186977.38,56719.12,130258.26000000001,182033.49,2273.23,1704.92,2024
363961,BIOTECNIAGRO S.A.S.,G4620,G4620.19 - VENTA AL POR MAYOR DE OTRAS MATERIAS PRIMAS AGROPECUARIAS.,comercio_mayorista,FALSE,MANABI,3,186914.24,77470.48,109443.76,279992.23,79431.9,77170.48,2024
372628,DISPROCONMSAS SOCIEDAD POR ACCIONES SIMPLIFICADA,G4630,G4630.99 - VENTA AL POR MAYOR DE OTROS PRODUCTOS COMESTIBLES (ENLATADOS Y CONSERVAS).,comercio_mayorista,FALSE,SANTO DOMINGO DE LOS TSACHILAS,3,186826.79,-1455.02,188281.81,49364.03,-1955.02,-1955.02,2024
124649,NUTRIBALAN S.A.,G4620,G4620.11 - VENTA AL POR MAYOR DE CEREALES (GRANOS) Y SEMILLAS.,comercio_mayorista,FALSE,GUAYAS,2,186664.06,141983.28,44680.78,558971.99,2598.46,2026.8,2024
728987,CAMARONERA PESQUERA CAPEVJA S.A.S.,G4630,G4630.32 - VENTA AL POR MAYOR DE CAMARÓN Y LANGOSTINOS.,comercio_mayorista,FALSE,AZUAY,3,186354.43,-107879.51,294233.94,473946.39,0,-179879.51,2024
712531,MQMANGA S.A.,A0122,"A0122.09 - OTROS CULTIVOS DE FRUTAS TROPICALES Y SUBTROPICALES: PAPAYAS, BABACOS, CHAMBUROS, AGUACATES, HIGOS, ARAZÁ, GUAYABAS, GUANÁBANA, GUABA, CHIRIMOYA, NARANJILLAS, ZAPOTES, BOROJÓ, TAMARINDO, GRANADILLAS, DÁTILES, ETCÉTERA.",cultivo_fruticola,TRUE,GUAYAS,10,186298.84,28136.06,158162.78,219261.45,0,15467.49,2024
350629,MOLINOS GRAINEX S.A.,G4620,G4620.11 - VENTA AL POR MAYOR DE CEREALES (GRANOS) Y SEMILLAS.,comercio_mayorista,FALSE,GUAYAS,5,186079.91,36965.6,149114.31,1387510.29,20124.49,12544.05,2024
309610,AGRICOLA BANANATROPICAL S.A.,A0122,A0122.01 - CULTIVO DE BANANOS Y PLÁTANOS.,cultivo_fruticola,FALSE,EL ORO,4,185204.79,7467.24,177737.55000000002,385093.7,1461.7,1461.7,2024
312974,PRODUCTOS M. CH. PRODUCTOSMCH CIA.LTDA.,C1030,"C1030.11 - ELABORACIÓN DE ALIMENTOS COMPUESTOS (MEZCLA) PRINCIPALMENTE DE FRUTAS LEGUMBRES U HORTALIZAS, EXCEPTO PLATOS PREPARADOS EN FORMA CONGELADA O ENLATADA LISTOS PARA CONSUMIR.",procesamiento,FALSE,PICHINCHA,9,184911.3,43392.4,141518.9,165575.64,0,-679.71,2024
129639,COMERCIALIZADORA DE BANANO FINCA DON ELOY S.A. DONELOY,A0122,A0122.01 - CULTIVO DE BANANOS Y PLÁTANOS.,cultivo_fruticola,FALSE,GUAYAS,16,184573.92,169893.78,14680.140000000014,899967.97,5168.18,5168.18,2024
148913,AGRICULTORA ECUAFLORET CIA. LTDA.,G4630,"G4630.12 - VENTA AL POR MAYOR DE FRUTAS, LEGUMBRES Y HORTALIZAS.",comercio_mayorista,FALSE,COTOPAXI,25,184030.78,39632.18,144398.6,630367.34,1804.17,1407.25,2024
321978,URBAN MEAT&CHICKEN S.A.S.,G4630,G4630.31 - VENTA AL POR MAYOR DE CARNE Y PRODUCTOS CÁRNICOS (INCLUIDAS LAS AVES DE CORRAL).,comercio_mayorista,FALSE,PICHINCHA,2,183958.77,171640.02,12318.75,82245.34,8499.28,6629.44,2024
372109,OROZHER S.A.S.,G4630,"G4630.14 - VENTA AL POR MAYOR DE CAFÉ, CACAO, TE Y ESPECIAS.",comercio_mayorista,FALSE,GUAYAS,3,182865.1,153071.7,29793.399999999994,182065.1,0,152271.7,2024
325659,DISIILCOR S.A.S.,G4620,G4620.19 - VENTA AL POR MAYOR DE OTRAS MATERIAS PRIMAS AGROPECUARIAS.,comercio_mayorista,FALSE,EL ORO,2,182439.44,11610.77,170828.67,21008.63,61.76,72.66,2024
178239,ELARTESAN S.A.,G4630,G4630.11 - VENTA AL POR MAYOR DE BANANO Y PLÁTANO.,comercio_mayorista,FALSE,MANABI,4,182129.05,168587.91,13541.139999999985,360174.85,33222.73,24917.05,2024
181202,ROYALBANANA S.A.,G4630,G4630.11 - VENTA AL POR MAYOR DE BANANO Y PLÁTANO.,comercio_mayorista,FALSE,GUAYAS,4,181857.03,-137206.88,319063.91000000003,550520,782.44,782.44,2024
306600,BANANERA SILVA PEREZ BANANASILPER S.A.,A0122,A0122.01 - CULTIVO DE BANANOS Y PLÁTANOS.,cultivo_fruticola,FALSE,GUAYAS,4,181332.78,181332.78,0,580783.22,0,140944.06,2024
725606,PRETII S.A.,G4630,G4630.32 - VENTA AL POR MAYOR DE CAMARÓN Y LANGOSTINOS.,comercio_mayorista,FALSE,MANABI,3,181190.24,47616.53,133573.71,724827.07,17446.23,17446.23,2024
145970,DULCES FRUSEC CIA. LTDA.,C1030,"C1030.13 - CONSERVACIÓN DE NUECES (PASTA DE NUECES) Y OTROS FRUTOS SECOS MEDIANTE EL TOSTADO, SALADO, ASADO, ENLATADO, ETCÉTERA.",procesamiento,FALSE,PICHINCHA,4,181113.32,14197.14,166916.18,154001.98,14817.76,12825.22,2024
328151,AMAN-FRUITS S.A.S.,G4630,"G4630.12 - VENTA AL POR MAYOR DE FRUTAS, LEGUMBRES Y HORTALIZAS.",comercio_mayorista,FALSE,PICHINCHA,3,180958.27,113324.08,67634.18999999999,282317.52,0,20756.56,2024
170577,BOSSMENTE S.A.,G4630,"G4630.94 - VENTA AL POR MAYOR DE BEBIDAS NO ALCOHÓLICAS (JUGOS, GASEOSAS, AGUA MINERAL, ETCÉTERA).",comercio_mayorista,FALSE,GUAYAS,3,180394,1695,178699,33899.9,0,57.95,2024
342163,CARNIORIENTE CARNES DEL ORIENTE S.A.S.,G4630,G4630.31 - VENTA AL POR MAYOR DE CARNE Y PRODUCTOS CÁRNICOS (INCLUIDAS LAS AVES DE CORRAL).,comercio_mayorista,FALSE,ORELLANA,3,180250,177770.91,2479.0899999999965,225000,5000,5000,2024
313556,AGRICOLA ALLPA WIÑARI CRECIENDO CON LA TIERRA ALLPAWIÑARI CIA.LTDA.,G4630,"G4630.12 - VENTA AL POR MAYOR DE FRUTAS, LEGUMBRES Y HORTALIZAS.",comercio_mayorista,FALSE,PICHINCHA,4,180187.72,6495.54,173692.18,151426.84,10247.9,3768.32,2024
743638,PROFEED S.A.S.,G4620,G4620.19 - VENTA AL POR MAYOR DE OTRAS MATERIAS PRIMAS AGROPECUARIAS.,comercio_mayorista,FALSE,GUAYAS,2,179695.07,-145093.2,324788.27,157594.28,3975.87,2602.49,2024
726428,INVERSIONES AGRICOLAS Y GANADERAS TRES FLECHAS S. A. ''INAGA'' SOCIEDAD ANÓNIMA,A0122,A0122.01 - CULTIVO DE BANANOS Y PLÁTANOS.,cultivo_fruticola,FALSE,LOS RIOS,5,179036.34,155853.87,23182.47,190376.28,26461.21,20639.74,2024
751806,TONNO LOGISTICS S.A.S.,G4630,"G4630.33 - VENTA AL POR MAYOR DE PESCADO, CRUSTÁCEOS, MOLUSCOS Y PRODUCTOS DE LA PESCA.",comercio_mayorista,FALSE,MANABI,4,179020.45,9553.85,169466.6,104479.35,0,5770.9,2024
327326,FRUTERA AGRIFRU S.A.,G4630,G4630.11 - VENTA AL POR MAYOR DE BANANO Y PLÁTANO.,comercio_mayorista,FALSE,GUAYAS,4,179015.52,23850.5,155165.02,231180,0,23050.5,2024
311780,DISTRIBUIDORA DE FRUTAS ECUADOR DISECFRUTA CIA.LTDA.,C1030,"C1030.30 - SERVICIOS DE APOYO A LA ELABORACIÓN Y CONSERVACIÓN DE FRUTAS, LEGUMBRES Y HORTALIZAS A CAMBIO DE UNA RETRIBUCIÓN O POR CONTRATO: PELADO INDUSTRIAL DE PAPAS, ETCÉTERA.",procesamiento,FALSE,PICHINCHA,2,178928.99,-9950.41,188879.4,783243.6,-1437.67,-1437.67,2024
86700,FLORIMEX ECUADOR S.A.,G4620,G4620.15 - VENTA AL POR MAYOR DE FLORES Y PLANTAS.,comercio_mayorista,FALSE,PICHINCHA,12,178779.77,-47490.45,226270.21999999997,285783.39,10919.91,6406.72,2024
205219,PRODUCTOS ALIMENTICIOS S.A. KECCSA,G4630,G4630.91 - VENTA AL POR MAYOR DE ARROZ.,comercio_mayorista,FALSE,MANABI,4,178563.37,106298.78,72264.59,314728.53,0,34999.82,2024
363986,EXPORTADORA FRAFA S.A.,G4630,G4630.11 - VENTA AL POR MAYOR DE BANANO Y PLÁTANO.,comercio_mayorista,FALSE,EL ORO,6,178418.97,126195.69,52223.28,573684.91,128122.09,100395.69,2024
348482,TIVA CARGO S.A.S.,G4620,G4620.15 - VENTA AL POR MAYOR DE FLORES Y PLANTAS.,comercio_mayorista,FALSE,PICHINCHA,2,178037.8,24029.09,154008.71,32125.18,18710.91,14195.76,2024
744433,AVICOLA PRODUMEGA SOCIEDAD ANÓNIMA,G4630,G4630.22 - VENTA AL POR MAYOR DE HUEVOS Y PRODUCTOS A BASE DE HUEVOS.,comercio_mayorista,FALSE,CHIMBORAZO,4,177871.84,137466.98,40404.859999999986,279258.69,6629.1,2556.94,2024
366044,ROCACHOCO S.A.S.,G4630,"G4630.14 - VENTA AL POR MAYOR DE CAFÉ, CACAO, TE Y ESPECIAS.",comercio_mayorista,FALSE,MANABI,2,177356.06,137320.45,40035.609999999986,3300074.44,163897.8,136320.45,2024
316985,SHUNGOLOMA CIA.LTDA.,G4630,"G4630.21 - VENTA AL POR MAYOR DE PRODUCTOS LÁCTEOS, INCLUIDO HELADOS, BOLOS, ETCÉTERA.",comercio_mayorista,FALSE,PICHINCHA,4,177082.55,-5102.96,182185.50999999998,341405.74,-112502.61,-112502.61,2024
741687,DAFONTE S.A.S.,G4630,"G4630.94 - VENTA AL POR MAYOR DE BEBIDAS NO ALCOHÓLICAS (JUGOS, GASEOSAS, AGUA MINERAL, ETCÉTERA).",comercio_mayorista,FALSE,AZUAY,7,177069.66,111167.9,65901.76000000001,96755.2,-22161.09,-22046.09,2024
726561,SANTA BARBARA SABAR S.A.,A0122,A0122.01 - CULTIVO DE BANANOS Y PLÁTANOS.,cultivo_fruticola,FALSE,EL ORO,4,176991.06,-859.2,177850.26,446678.55,606.3,606.3,2024
93479,LATIN FRESH CIA. LTDA.,G4620,G4620.15 - VENTA AL POR MAYOR DE FLORES Y PLANTAS.,comercio_mayorista,FALSE,PICHINCHA,21,176429.12,109446.71,66982.40999999999,843065.73,20484.33,17007.58,2024
349514,SERVIFRUITCL ECUADOR S.A.S.,G4630,"G4630.12 - VENTA AL POR MAYOR DE FRUTAS, LEGUMBRES Y HORTALIZAS.",comercio_mayorista,FALSE,GUAYAS,4,176415.26,8132.94,168282.32,421046.86,1046.98,816.64,2024
719902,EXPORTADORA DE BANANO Y FRUTAS BAFRUEXT S.A.,G4630,G4630.11 - VENTA AL POR MAYOR DE BANANO Y PLÁTANO.,comercio_mayorista,FALSE,EL ORO,10,176324.83,91458.63,84866.19999999998,758299.15,13639.15,10638.54,2024
745676,ALIMENTOS Y LOGISTICA ALGALAPAGOS S.A.,G4630,G4630.32 - VENTA AL POR MAYOR DE CAMARÓN Y LANGOSTINOS.,comercio_mayorista,FALSE,GALAPAGOS,3,176242.95,13924,162318.95,695484.9,0,5534.38,2024
370467,FLORALHUB EC S.A.S.,G4620,G4620.15 - VENTA AL POR MAYOR DE FLORES Y PLANTAS.,comercio_mayorista,FALSE,PICHINCHA,2,176212.21,-4457.26,180669.47,194392.23,-2757.9,-5457.26,2024
727513,MORENVE-FISH S.A.,G4630,"G4630.33 - VENTA AL POR MAYOR DE PESCADO, CRUSTÁCEOS, MOLUSCOS Y PRODUCTOS DE LA PESCA.",comercio_mayorista,FALSE,GUAYAS,5,176140.21,76895.51,99244.7,148913.52,11796.76,9201.47,2024
330762,PITAHAYA&FRESHFRUITEXPORTER S.A.S.,G4630,"G4630.12 - VENTA AL POR MAYOR DE FRUTAS, LEGUMBRES Y HORTALIZAS.",comercio_mayorista,FALSE,MORONA SANTIAGO,2,176072.95,-155739.27,331812.22,774310.33,-4054.91,-4054.91,2024
349979,EMPRESA MANUFACTURERA INTERNACIONAL EMIPULP S.A.S.,A0125,"A0125.09 - OTROS CULTIVOS DE FRUTOS DE ÁRBOLES Y ARBUSTOS: PITAHAYA, TUNA, ALGARROBA, TAXOS, ETCÉTERA.",cultivo_fruticola,TRUE,MANABI,4,175947.33,-2776.09,178723.41999999998,2217891.45,-3651.38,-3651.38,2024
315363,EXPEZMAR S.A.,G4630,G4630.32 - VENTA AL POR MAYOR DE CAMARÓN Y LANGOSTINOS.,comercio_mayorista,FALSE,MANABI,5,175157.09,119383.02,55774.06999999999,752607.72,31703.68,24728.87,2024
748219,AFLORITA EXPORT S.A.,G4620,G4620.15 - VENTA AL POR MAYOR DE FLORES Y PLANTAS.,comercio_mayorista,FALSE,PICHINCHA,3,174974,128057.3,46916.7,214812.46,1385.96,1385.96,2024
325101,AGRICOLA LA ETERNA PRIMAVERA AGRIEPSA S.A.,A0122,A0122.01 - CULTIVO DE BANANOS Y PLÁTANOS.,cultivo_fruticola,FALSE,EL ORO,5,174825.49,-67736.19,242561.68,38561.5,-138179.88,-69089.94,2024
61283,DULCIONE S.A.,G4630,G4630.93 - VENTA AL POR MAYOR DE PRODUCTOS DE PANADERÍA Y REPOSTERÍA.,comercio_mayorista,FALSE,PICHINCHA,16,174796.3,54477.14,120319.15999999999,526995.58,-1725.69,-5319.71,2024
733686,TIERRAORGANICA-EC S.A.S. B.I.C.,G4620,G4620.12 - VENTA AL POR MAYOR DE FRUTOS Y SEMILLAS OLEAGINOSAS.,comercio_mayorista,FALSE,PICHINCHA,2,174475.76,135821.92,38653.84,681083.76,23494.71,18325.87,2024
746274,CORPORACION Q-Q S.A.S.,C1030,"C1030.14 - FABRICACIÓN DE PRODUCTOS ALIMENTICIOS A PARTIR DE (UN SOLO COMPONENTE) FRUTAS, LEGUMBRES Y HORTALIZAS; INCLUSO SNACKS DE PLÁTANO (CHIFLES), YUCA, FRUTAS, ETCÉTERA, EXCEPTO PAPA.",procesamiento,FALSE,AZUAY,4,173342.93,-40222.58,213565.51,84827.77,-33934.81,-33934.81,2024
178927,BOIS DEL ECUADOR S. A. BOISCHENSA,G4620,"G4620.14 - VENTA AL POR MAYOR DE DESECHOS, RESIDUOS Y PRODUCTOS DERIVADOS USADOS PARA ALIMENTAR ANIMALES (FORRAJE), INCLUYE MATERIAS PRIMAS AGRARIAS.",comercio_mayorista,FALSE,GUAYAS,4,172919.97,121200.85,51719.119999999995,177201,0,40404.46,2024
170674,EXPORTADORA DE BANANO Y FRUTAS TROPICALES LA PAZ BANFRUITPAZ CIA. LTDA.,A0122,A0122.01 - CULTIVO DE BANANOS Y PLÁTANOS.,cultivo_fruticola,FALSE,EL ORO,5,172740.8,-32255.4,204996.19999999998,109296,-39845.72,-39845.72,2024
126173,COMPAÑIA SCHOOLL SERVICES S.A. SCSER,G4630,"G4630.94 - VENTA AL POR MAYOR DE BEBIDAS NO ALCOHÓLICAS (JUGOS, GASEOSAS, AGUA MINERAL, ETCÉTERA).",comercio_mayorista,FALSE,GUAYAS,3,172422.61,146918.19,25504.419999999984,1387317.26,73679,73679,2024
123740,ECUNEGOCORP S.A.,C1073,"C1073.21 - ELABORACIÓN DE PRODUCTOS DE CONFITERÍA: CARAMELOS, TURRÓN, GRAGEAS Y PASTILLAS DE CONFITERÍA, GOMA DE MASCAR (CHICLES), CONFITES BLANDOS, CONFITERÍA A BASE DE CHOCOLATE Y CHOCOLATE BLANCO, ETCÉTERA.",procesamiento,FALSE,GUAYAS,2,172412.1,22134.76,150277.34,11847.12,177.05,138.1,2024
58615,MACEALCO S.A.,G4620,"G4620.14 - VENTA AL POR MAYOR DE DESECHOS, RESIDUOS Y PRODUCTOS DERIVADOS USADOS PARA ALIMENTAR ANIMALES (FORRAJE), INCLUYE MATERIAS PRIMAS AGRARIAS.",comercio_mayorista,FALSE,GUAYAS,6,172212.15,11528.66,160683.49,6593.06,-218.56,-294.04,2024
323316,PITASPOT S.A.S.,A0125,"A0125.09 - OTROS CULTIVOS DE FRUTOS DE ÁRBOLES Y ARBUSTOS: PITAHAYA, TUNA, ALGARROBA, TAXOS, ETCÉTERA.",cultivo_fruticola,TRUE,GUAYAS,4,172002.89,-50058.58,222061.47000000003,41209.24,0,-53058.58,2024
729004,NOVAEPCYS S.A.S.,G4630,G4630.31 - VENTA AL POR MAYOR DE CARNE Y PRODUCTOS CÁRNICOS (INCLUIDAS LAS AVES DE CORRAL).,comercio_mayorista,FALSE,PICHINCHA,2,171735.65,-270420.35,442156,200718,-642.54,-642.54,2024
358935,FRUISA S.A.S.,A0122,"A0122.09 - OTROS CULTIVOS DE FRUTAS TROPICALES Y SUBTROPICALES: PAPAYAS, BABACOS, CHAMBUROS, AGUACATES, HIGOS, ARAZÁ, GUAYABAS, GUANÁBANA, GUABA, CHIRIMOYA, NARANJILLAS, ZAPOTES, BOROJÓ, TAMARINDO, GRANADILLAS, DÁTILES, ETCÉTERA.",cultivo_fruticola,TRUE,MANABI,5,171558.74,46580.15,124978.59,30993.76,46380.15,46380.15,2024
309581,AGRICOLA BANANAEDEN S.A.,A0122,A0122.01 - CULTIVO DE BANANOS Y PLÁTANOS.,cultivo_fruticola,FALSE,EL ORO,4,171121.6,56216.68,114904.92000000001,1215097.37,1628.85,1628.85,2024
739349,HACIENDA LA-ESCONDIDA S.A.S.,A0125,"A0125.09 - OTROS CULTIVOS DE FRUTOS DE ÁRBOLES Y ARBUSTOS: PITAHAYA, TUNA, ALGARROBA, TAXOS, ETCÉTERA.",cultivo_fruticola,TRUE,GUAYAS,4,170596.99,7124.8,163472.19,213406.71,3440.88,2683.89,2024
177645,VENEZIA FOODS S.A. VENEFOOD,G4630,"G4630.12 - VENTA AL POR MAYOR DE FRUTAS, LEGUMBRES Y HORTALIZAS.",comercio_mayorista,FALSE,GUAYAS,2,170569.32,32671.9,137897.42,336041.19,3488.57,2721.08,2024
715168,REPRESENTACIONES EUROPEAS EURO&REPRESENTACIONES S.A.,G4630,"G4630.95 - VENTA AL POR MAYOR DE BEBIDAS ALCOHÓLICAS, INCLUSO EL ENVASADO DE VINO A GRANEL SIN TRANSFORMACIÓN.",comercio_mayorista,FALSE,PICHINCHA,3,170443.34,168357.01,2086.329999999987,16655.9,0,-3409.63,2024
120548,RACSA S.A.,G4630,"G4630.12 - VENTA AL POR MAYOR DE FRUTAS, LEGUMBRES Y HORTALIZAS.",comercio_mayorista,FALSE,GUAYAS,5,170346.86,107644.59,62702.26999999999,378440.73,24792.83,19338.4,2024
726641,FLEXSA CIA.LTDA.,G4620,G4620.15 - VENTA AL POR MAYOR DE FLORES Y PLANTAS.,comercio_mayorista,FALSE,PICHINCHA,6,169798.05,926.21,168871.84,138951.78,444.92,440.57,2024
320233,IMPORTADORA & EXPORTADORA DE PESCADOS Y MARISCOS MABEFISH S.A.,G4630,"G4630.33 - VENTA AL POR MAYOR DE PESCADO, CRUSTÁCEOS, MOLUSCOS Y PRODUCTOS DE LA PESCA.",comercio_mayorista,FALSE,GUAYAS,2,169684.9,140794.9,28890,521115.42,-47881.03,-47881.03,2024
365732,QUITO FRUITS QUITOFRUITS S.A.S.,G4630,"G4630.12 - VENTA AL POR MAYOR DE FRUTAS, LEGUMBRES Y HORTALIZAS.",comercio_mayorista,FALSE,GUAYAS,1,169672.5,-21676.73,191349.23,130717.88,-28264.46,-21876.73,2024
117119,PESQUERIA MORAN S.A. MORANPEZ,G4630,G4630.32 - VENTA AL POR MAYOR DE CAMARÓN Y LANGOSTINOS.,comercio_mayorista,FALSE,SANTA ELENA,4,169564.94,88544.94,81020,62190.3,-69535.8,-69535.8,2024
325797,SO BELLA SOFLOWERS S.A.S.,G4620,G4620.15 - VENTA AL POR MAYOR DE FLORES Y PLANTAS.,comercio_mayorista,FALSE,PICHINCHA,11,169534.49,3809.9,165724.59,248807.12,3923.97,1809.9,2024
743234,AGRICOLA MOLINA AGROMOLINA S.A.S.,A0122,A0122.01 - CULTIVO DE BANANOS Y PLÁTANOS.,cultivo_fruticola,FALSE,GUAYAS,2,169307.39,163388,5919.390000000014,147713.99,0,75492.61,2024
716042,BANASIEMBRA CIA.LTDA.,A0122,A0122.01 - CULTIVO DE BANANOS Y PLÁTANOS.,cultivo_fruticola,FALSE,LOS RIOS,44,169072.71,32727.84,136344.87,638876.85,13123.46,6077.03,2024
724206,GREATPET CIA.LTDA.,G4630,G4630.97 - VENTA AL POR MAYOR DE ALIMENTO PARA MASCOTAS (ANIMALES DOMÉSTICOS).,comercio_mayorista,FALSE,PICHINCHA,4,168965.09,4246.43,164718.66,556450.29,-477.56,-477.56,2024
128264,PROBARPES S.A. PRODUCTOS DE BARCOS PESQUEROS,G4630,G4630.32 - VENTA AL POR MAYOR DE CAMARÓN Y LANGOSTINOS.,comercio_mayorista,FALSE,GUAYAS,2,168865.58,41192.79,127672.78999999998,1172.81,0,0,2024
131474,DECORJARDIN S.A.,G4620,G4620.15 - VENTA AL POR MAYOR DE FLORES Y PLANTAS.,comercio_mayorista,FALSE,GUAYAS,30,168621.59,107745.1,60876.48999999999,383480.95,24606.2,19192.84,2024
736094,BANEXPORTIM S.A.,A0122,A0122.01 - CULTIVO DE BANANOS Y PLÁTANOS.,cultivo_fruticola,FALSE,GUAYAS,4,167838.25,160358.46,7479.790000000008,300505.35,33999.05,26519.26,2024
320153,DRAGONBERRY PRODUCE S.A.,A0125,"A0125.09 - OTROS CULTIVOS DE FRUTOS DE ÁRBOLES Y ARBUSTOS: PITAHAYA, TUNA, ALGARROBA, TAXOS, ETCÉTERA.",cultivo_fruticola,TRUE,GUAYAS,4,167774.37,15049.93,152724.44,75870.23,1565.04,1220.73,2024
323398,DISTRIBUIDORA DAZULTHI S.A.S.,G4630,"G4630.21 - VENTA AL POR MAYOR DE PRODUCTOS LÁCTEOS, INCLUIDO HELADOS, BOLOS, ETCÉTERA.",comercio_mayorista,FALSE,LOS RIOS,4,167486.15,85684.76,81801.39,2369741.11,40450.36,30337.77,2024
137124,AGROEMPRESAS CIA. LTDA.,G4620,G4620.11 - VENTA AL POR MAYOR DE CEREALES (GRANOS) Y SEMILLAS.,comercio_mayorista,FALSE,COTOPAXI,2,167480.64,52911.16,114569.48000000001,362306.29,6159.21,4794.81,2024
149087,YOGUPOP C. LTDA.,G4630,"G4630.94 - VENTA AL POR MAYOR DE BEBIDAS NO ALCOHÓLICAS (JUGOS, GASEOSAS, AGUA MINERAL, ETCÉTERA).",comercio_mayorista,FALSE,GUAYAS,5,166696.3,152048.15,14648.149999999994,429298.42,20415.23,14331.49,2024
345031,COMERCIALIZADORA PALMOIL S.A.S.,G4630,G4630.23 - VENTA AL POR MAYOR DE ACEITES Y GRASAS COMESTIBLES DE ORIGEN ANIMAL O VEGETAL.,comercio_mayorista,FALSE,SANTO DOMINGO DE LOS TSACHILAS,2,165985.62,60673.28,105312.34,935672.88,54419.99,42447.59,2024
343156,BANCODE ARROZ Y AZÚCAR S.A.S.,G4630,G4630.91 - VENTA AL POR MAYOR DE ARROZ.,comercio_mayorista,FALSE,PICHINCHA,2,165650.75,26945.8,138704.95,936332.54,33263.85,25945.8,2024
703933,SMARTBLENDS S.A.,G4630,"G4630.94 - VENTA AL POR MAYOR DE BEBIDAS NO ALCOHÓLICAS (JUGOS, GASEOSAS, AGUA MINERAL, ETCÉTERA).",comercio_mayorista,FALSE,GUAYAS,2,165204.51,131292.08,33912.43000000002,133536.96,1280.19,1280.19,2024
323561,GLOBAL EXPLOITATION EXPORT AND IMPORT S.A.,G4630,G4630.11 - VENTA AL POR MAYOR DE BANANO Y PLÁTANO.,comercio_mayorista,FALSE,GUAYAS,4,164980.14,77473.51,87506.63000000002,356045.85,95113.4,74188.45,2024
90598,GALINDO JOHNSON REPRESENTACIONES CIA. LTDA.,G4630,G4630.91 - VENTA AL POR MAYOR DE ARROZ.,comercio_mayorista,FALSE,SUCUMBIOS,4,164405.74,164405.74,0,628768.49,0,-114904.85,2024
320292,TIPESCON S.A.,G4630,"G4630.33 - VENTA AL POR MAYOR DE PESCADO, CRUSTÁCEOS, MOLUSCOS Y PRODUCTOS DE LA PESCA.",comercio_mayorista,FALSE,MANABI,3,164343.71,143281.78,21061.929999999993,824914.49,0,42631.21,2024
61875,AGRICOLA HNOS. ORDOÑEZ OCAMPO S. A.,A0122,A0122.01 - CULTIVO DE BANANOS Y PLÁTANOS.,cultivo_fruticola,FALSE,EL ORO,24,163495.85,102602.59,60893.26000000001,1048447,10097.65,10097.65,2024
705589,AGRICOLA LA-AZUCENA S.A.,A0122,A0122.01 - CULTIVO DE BANANOS Y PLÁTANOS.,cultivo_fruticola,FALSE,GUAYAS,4,163383.91,40289.3,123094.61,49850,0,904.95,2024
357447,LA MAR PROCESADORA PROEMAR S.A.S.,G4630,"G4630.33 - VENTA AL POR MAYOR DE PESCADO, CRUSTÁCEOS, MOLUSCOS Y PRODUCTOS DE LA PESCA.",comercio_mayorista,FALSE,GUAYAS,5,163290.08,72301.73,90988.34999999999,473200,28591.96,20071.56,2024
301766,A&R BETA FOODS S.A.,G4630,"G4630.21 - VENTA AL POR MAYOR DE PRODUCTOS LÁCTEOS, INCLUIDO HELADOS, BOLOS, ETCÉTERA.",comercio_mayorista,FALSE,GUAYAS,6,163180.09,68278.08,94902.01,373500,7425.63,5791.99,2024
734546,EVISCERADORA YANINA GISSELLA S.A.,G4630,"G4630.33 - VENTA AL POR MAYOR DE PESCADO, CRUSTÁCEOS, MOLUSCOS Y PRODUCTOS DE LA PESCA.",comercio_mayorista,FALSE,SANTA ELENA,2,162917.18,106536.19,56380.98999999999,1253548.26,572.62,429.45,2024
183137,AGROMEX CIA.LTDA.,G4630,"G4630.12 - VENTA AL POR MAYOR DE FRUTAS, LEGUMBRES Y HORTALIZAS.",comercio_mayorista,FALSE,GUAYAS,4,162719.62,143823.25,18896.369999999995,167020.27,32339.39,30119.04,2024
320109,EFROSES S.A.S.,G4620,G4620.15 - VENTA AL POR MAYOR DE FLORES Y PLANTAS.,comercio_mayorista,FALSE,PICHINCHA,3,162344.44,11722.53,150621.91,94981.25,780.04,917.7,2024
126734,ALIMENTOS ECOLÓGICOS ALIEKO CIA. LTDA.,G4630,G4630.91 - VENTA AL POR MAYOR DE ARROZ.,comercio_mayorista,FALSE,GUAYAS,4,162040.6,18179.26,143861.34,266804.13,20931.88,16326.87,2024
741566,EXPORTADORA LUCETTY BANANA EXPORTLUCETTY S.A.,A0122,A0122.01 - CULTIVO DE BANANOS Y PLÁTANOS.,cultivo_fruticola,FALSE,LOS RIOS,8,161880.23,114977.98,46902.250000000015,2921657.43,0,36642.33,2024
325523,AGROINDUSTRIAL PUERTO LIMON AGPL S.A.S.,C1030,"C1030.30 - SERVICIOS DE APOYO A LA ELABORACIÓN Y CONSERVACIÓN DE FRUTAS, LEGUMBRES Y HORTALIZAS A CAMBIO DE UNA RETRIBUCIÓN O POR CONTRATO: PELADO INDUSTRIAL DE PAPAS, ETCÉTERA.",procesamiento,FALSE,PICHINCHA,2,161773.45,54617,107156.45000000001,578846.28,70791.31,54217,2024
327314,SERVIRURAL S.A.S.,G4620,G4620.11 - VENTA AL POR MAYOR DE CEREALES (GRANOS) Y SEMILLAS.,comercio_mayorista,FALSE,GUAYAS,4,161645.24,79178.69,82466.54999999999,165830.19,36442.62,34243.09,2024
312795,GUANABANA-BIG CIA.LTDA.,A0122,"A0122.09 - OTROS CULTIVOS DE FRUTAS TROPICALES Y SUBTROPICALES: PAPAYAS, BABACOS, CHAMBUROS, AGUACATES, HIGOS, ARAZÁ, GUAYABAS, GUANÁBANA, GUABA, CHIRIMOYA, NARANJILLAS, ZAPOTES, BOROJÓ, TAMARINDO, GRANADILLAS, DÁTILES, ETCÉTERA.",cultivo_fruticola,TRUE,PICHINCHA,4,159669.9,-151637.48,311307.38,237979.74,1996.02,-183.78,2024
351531,EL AGRICHACRERO S.A.,G4630,G4630.99 - VENTA AL POR MAYOR DE OTROS PRODUCTOS COMESTIBLES (ENLATADOS Y CONSERVAS).,comercio_mayorista,FALSE,GUAYAS,4,159425.37,9076.29,150349.08,118115.71,6584.99,5136.29,2024
337569,AGROVETIMPORTACIONES S.A.S.,A0126,A0126.01 - CULTIVO DE PALMAS DE ACEITE (PALMA AFRICANA).,cultivo_fruticola,FALSE,SANTO DOMINGO DE LOS TSACHILAS,3,159259.1,66522.28,92736.82,321779.07,18900.05,14419.4,2024
748410,HOLEX ECUADOR S.A.S.,G4620,G4620.15 - VENTA AL POR MAYOR DE FLORES Y PLANTAS.,comercio_mayorista,FALSE,PICHINCHA,11,159186.1,-13766.76,172952.86000000002,2297283.34,-18148.6,-18148.6,2024
754733,POWERFEED S.A.S.,G4620,G4620.19 - VENTA AL POR MAYOR DE OTRAS MATERIAS PRIMAS AGROPECUARIAS.,comercio_mayorista,FALSE,PICHINCHA,3,158633.14,131735.69,26897.45000000001,211834.95,25927.22,25927.22,2024
97093,HERLOMIN CIA LTDA.,A0122,A0122.01 - CULTIVO DE BANANOS Y PLÁTANOS.,cultivo_fruticola,FALSE,EL ORO,14,157887.59,152040.58,5847.010000000009,174849.17,11262.26,8784.56,2024
97614,MULTIPLES VENTAS Y SERVICIOS MULVENSER S.A.,A0122,A0122.01 - CULTIVO DE BANANOS Y PLÁTANOS.,cultivo_fruticola,FALSE,EL ORO,2,157644.61,44163.89,113480.71999999999,73716.8,1340.74,1340.74,2024
141186,EMPROFRUT EMPRESA PROCESADORA DE FRUTAS S.A.,C1030,"C1030.15 - ELABORACIÓN DE JUGOS (ZUMOS), NÉCTARES, CONCENTRADOS DE FRUTA FRESCA Y HORTALIZAS.",procesamiento,FALSE,PICHINCHA,6,157508.15,1728.88,155779.27,151584.15,0,-1950.22,2024
335739,EXPOFRUTS S.A.S.,G4630,"G4630.12 - VENTA AL POR MAYOR DE FRUTAS, LEGUMBRES Y HORTALIZAS.",comercio_mayorista,FALSE,TUNGURAHUA,3,157433.18,147433.18,10000,8667.53,-100.8,-100.8,2024
748208,DISTRIBUIDORA CAMPOS DICAMPOS S.A.S.,G4630,G4630.31 - VENTA AL POR MAYOR DE CARNE Y PRODUCTOS CÁRNICOS (INCLUIDAS LAS AVES DE CORRAL).,comercio_mayorista,FALSE,AZUAY,4,157279.15,128543.33,28735.819999999992,444632.56,87229.08,68038.68,2024
321868,VITMORGROUP S.A.S.,A0122,A0122.01 - CULTIVO DE BANANOS Y PLÁTANOS.,cultivo_fruticola,FALSE,GUAYAS,4,156689.09,5987.07,150702.02,33780.55,275,214.5,2024
180750,CUBECFOOD S.A.,G4630,"G4630.94 - VENTA AL POR MAYOR DE BEBIDAS NO ALCOHÓLICAS (JUGOS, GASEOSAS, AGUA MINERAL, ETCÉTERA).",comercio_mayorista,FALSE,GUAYAS,4,155921.49,60717.21,95204.28,365112.33,10259.94,10259.94,2024
338109,PROOPETS S.A.S.,G4630,G4630.97 - VENTA AL POR MAYOR DE ALIMENTO PARA MASCOTAS (ANIMALES DOMÉSTICOS).,comercio_mayorista,FALSE,TUNGURAHUA,2,155900.73,-89975.64,245876.37,53875.79,0,-67892.91,2024
337659,MABH EL GRANJERO S.A.S.,G4630,G4630.31 - VENTA AL POR MAYOR DE CARNE Y PRODUCTOS CÁRNICOS (INCLUIDAS LAS AVES DE CORRAL).,comercio_mayorista,FALSE,GUAYAS,11,155879.06,22777.74,133101.32,1054711.58,9315.88,6986.91,2024
705949,MIRAPEZ S.A.,G4630,"G4630.33 - VENTA AL POR MAYOR DE PESCADO, CRUSTÁCEOS, MOLUSCOS Y PRODUCTOS DE LA PESCA.",comercio_mayorista,FALSE,SANTA ELENA,9,155166.81,147718.17,7448.639999999985,321053.68,9734.66,5782.43,2024
164909,NAUTIMOTORS S.A.,G4630,G4630.99 - VENTA AL POR MAYOR DE OTROS PRODUCTOS COMESTIBLES (ENLATADOS Y CONSERVAS).,comercio_mayorista,FALSE,MANABI,9,154972.07,72327.59,82644.48000000001,465380.87,22537.08,17578.92,2024
361536,GUAQUETA TRADING S.A.S.,G4620,G4620.15 - VENTA AL POR MAYOR DE FLORES Y PLANTAS.,comercio_mayorista,FALSE,PICHINCHA,2,153823.72,22163.79,131659.93,142274.69,0,19155.17,2024
746960,KAYMINCORP S.A.S.,G4620,G4620.15 - VENTA AL POR MAYOR DE FLORES Y PLANTAS.,comercio_mayorista,FALSE,COTOPAXI,12,153329.16,10617.18,142711.98,210763.54,12073.75,9417.4,2024
338535,LAS VAINITAS S.A.S.,C1030,"C1030.14 - FABRICACIÓN DE PRODUCTOS ALIMENTICIOS A PARTIR DE (UN SOLO COMPONENTE) FRUTAS, LEGUMBRES Y HORTALIZAS; INCLUSO SNACKS DE PLÁTANO (CHIFLES), YUCA, FRUTAS, ETCÉTERA, EXCEPTO PAPA.",procesamiento,FALSE,MANABI,11,152977.92,17224.76,135753.16,502254.11,0,16804.82,2024
368258,COMERCIO YANGTZE S.A.S.,G4620,G4620.11 - VENTA AL POR MAYOR DE CEREALES (GRANOS) Y SEMILLAS.,comercio_mayorista,FALSE,GUAYAS,4,152682.36,36405.97,116276.38999999998,610000,37379.43,36305.97,2024
349067,FRUITSTUDIO S.A.,G4630,G4630.11 - VENTA AL POR MAYOR DE BANANO Y PLÁTANO.,comercio_mayorista,FALSE,GUAYAS,4,152630.51,53090.2,99540.31000000001,1706231.57,50888.63,38281.59,2024
728367,AGROECUATORIANA DEL SOL AGROECUASOL S.A.,A0125,"A0125.09 - OTROS CULTIVOS DE FRUTOS DE ÁRBOLES Y ARBUSTOS: PITAHAYA, TUNA, ALGARROBA, TAXOS, ETCÉTERA.",cultivo_fruticola,TRUE,GUAYAS,4,152032.82,112994.12,39038.70000000001,305137.39,7330.67,5981.92,2024
305166,ENCALUDIMPORT S.A.,G4630,"G4630.33 - VENTA AL POR MAYOR DE PESCADO, CRUSTÁCEOS, MOLUSCOS Y PRODUCTOS DE LA PESCA.",comercio_mayorista,FALSE,GUAYAS,4,151964.74,129390.15,22574.589999999997,106082,0,13709.5,2024
745240,DOIL INTERNATIONAL ECUADOR S.A.,G4630,G4630.23 - VENTA AL POR MAYOR DE ACEITES Y GRASAS COMESTIBLES DE ORIGEN ANIMAL O VEGETAL.,comercio_mayorista,FALSE,EL ORO,4,151786.81,-40375.3,192162.11,8642.34,-29808.23,-29808.23,2024
336500,K-LISTOS S.A.S.,G4630,"G4630.95 - VENTA AL POR MAYOR DE BEBIDAS ALCOHÓLICAS, INCLUSO EL ENVASADO DE VINO A GRANEL SIN TRANSFORMACIÓN.",comercio_mayorista,FALSE,PICHINCHA,3,151699.7,-39463.1,191162.80000000002,259247.2,-26626.28,-30608.74,2024
720956,FRUTORGANIC CIA.LTDA.,A0122,"A0122.09 - OTROS CULTIVOS DE FRUTAS TROPICALES Y SUBTROPICALES: PAPAYAS, BABACOS, CHAMBUROS, AGUACATES, HIGOS, ARAZÁ, GUAYABAS, GUANÁBANA, GUABA, CHIRIMOYA, NARANJILLAS, ZAPOTES, BOROJÓ, TAMARINDO, GRANADILLAS, DÁTILES, ETCÉTERA.",cultivo_fruticola,TRUE,AZUAY,5,151411.17,-15194.34,166605.51,52422.12,0,-677.98,2024
327075,ECUBIOGENIC EXPORTACIONES S.A.,A0122,"A0122.09 - OTROS CULTIVOS DE FRUTAS TROPICALES Y SUBTROPICALES: PAPAYAS, BABACOS, CHAMBUROS, AGUACATES, HIGOS, ARAZÁ, GUAYABAS, GUANÁBANA, GUABA, CHIRIMOYA, NARANJILLAS, ZAPOTES, BOROJÓ, TAMARINDO, GRANADILLAS, DÁTILES, ETCÉTERA.",cultivo_fruticola,TRUE,GUAYAS,5,151339.1,28033.3,123305.8,55357.75,3946.7,2924.51,2024
115180,PACIFICO SUR S.A. CIFSURPAC,G4630,"G4630.33 - VENTA AL POR MAYOR DE PESCADO, CRUSTÁCEOS, MOLUSCOS Y PRODUCTOS DE LA PESCA.",comercio_mayorista,FALSE,GUAYAS,5,151185.09,151185.09,0,216238.06,0,0,2024
328809,CENTRO DE ACOPIO NICOL FLOWERS S.A.S.,G4620,G4620.15 - VENTA AL POR MAYOR DE FLORES Y PLANTAS.,comercio_mayorista,FALSE,COTOPAXI,2,150950.63,150950.63,0,156684.67,113701.87,113701.87,2024
63833,BANARECRE S. A.,A0123,"A0123.09 - OTROS CULTIVOS DE CÍTRICOS, LIMONES, TORONJAS, LIMAS, ETCÉTERA.",cultivo_fruticola,FALSE,GUAYAS,21,150611.19,108634.94,41976.25,685829.82,28182.77,20520.85,2024
342016,FISHCO S.A.S.,G4630,"G4630.33 - VENTA AL POR MAYOR DE PESCADO, CRUSTÁCEOS, MOLUSCOS Y PRODUCTOS DE LA PESCA.",comercio_mayorista,FALSE,PICHINCHA,1,149862.82,33813.98,116048.84,401078.35,0,26744.08,2024
327166,FRUTVEC S.A.S.,G4630,"G4630.12 - VENTA AL POR MAYOR DE FRUTAS, LEGUMBRES Y HORTALIZAS.",comercio_mayorista,FALSE,PICHINCHA,4,149754.69,49348.49,100406.20000000001,245587.41,0,1261.03,2024
742198,PREMIUM CHEMICALS MOLO S.A.,G4620,G4620.19 - VENTA AL POR MAYOR DE OTRAS MATERIAS PRIMAS AGROPECUARIAS.,comercio_mayorista,FALSE,GUAYAS,4,148882.31,19013.83,129868.48,189211.25,4513.02,3520.16,2024
137949,BOCA FLOWERS INTERNATIONAL LTD.,G4620,G4620.15 - VENTA AL POR MAYOR DE FLORES Y PLANTAS.,comercio_mayorista,FALSE,PICHINCHA,13,148692.68,44014.1,104678.57999999999,503000,693.38,2729.07,2024
168234,BREXIUNISA S.A.,G4630,"G4630.92 - VENTA AL POR MAYOR DE AZÚCAR, CHOCOLATE Y PRODUCTOS DE CONFITERÍA.",comercio_mayorista,FALSE,EL ORO,4,148569.94,52783.65,95786.29000000001,1072252.63,10439.05,7829.29,2024
161371,LACTEOSAMYRO CIA. LTDA.,G4630,"G4630.21 - VENTA AL POR MAYOR DE PRODUCTOS LÁCTEOS, INCLUIDO HELADOS, BOLOS, ETCÉTERA.",comercio_mayorista,FALSE,PICHINCHA,8,148275.31,31789.95,116485.36,397085.33,-1333.41,-1333.41,2024
29505,TRANSPBDELIC S.A.,G4630,G4630.11 - VENTA AL POR MAYOR DE BANANO Y PLÁTANO.,comercio_mayorista,FALSE,EL ORO,5,148179.91,55770.75,92409.16,609938.26,20058.73,15040.56,2024
170041,OREPRODU S.A.,G4630,G4630.11 - VENTA AL POR MAYOR DE BANANO Y PLÁTANO.,comercio_mayorista,FALSE,EL ORO,2,147639.52,9183.76,138455.75999999998,846216,0,2340.28,2024
327339,PROCESADORA DE ALIMENTOS CÁRNICOS LOMOFINO S.A.S. S.A.S.,G4630,G4630.31 - VENTA AL POR MAYOR DE CARNE Y PRODUCTOS CÁRNICOS (INCLUIDAS LAS AVES DE CORRAL).,comercio_mayorista,FALSE,PICHINCHA,2,147412.14,-15505.16,162917.30000000002,1301868.42,0,4069.37,2024
720664,LICORES DEL MUNDO LICMUN CIA.LTDA.,G4630,"G4630.95 - VENTA AL POR MAYOR DE BEBIDAS ALCOHÓLICAS, INCLUSO EL ENVASADO DE VINO A GRANEL SIN TRANSFORMACIÓN.",comercio_mayorista,FALSE,PICHINCHA,2,147408.82,-8801.21,156210.03,44359.91,-3235.74,-3539.34,2024
173920,PLUSCUEROS ECUADOR S.A.,G4620,"G4620.22 - VENTA AL POR MAYOR DE CUEROS, PIELES Y OTROS PRODUCTOS ANIMALES.",comercio_mayorista,FALSE,CAÑAR,3,147176.35,59781.99,87394.36000000002,117636.2,-5138.4,-5138.4,2024
131738,ROQUE SANTEIRO CIA. LTDA.,A0122,A0122.01 - CULTIVO DE BANANOS Y PLÁTANOS.,cultivo_fruticola,FALSE,GUAYAS,11,146992.12,57194.3,89797.81999999999,976048.44,16416.38,8028.18,2024
732008,EXPORTADORA DE CACAO PUERTOCAO S.A.,A0127,A0127.02 - CULTIVO DE CACAO.,cultivo_fruticola,FALSE,SANTO DOMINGO DE LOS TSACHILAS,4,146123,34266.56,111856.44,1580656.63,0,14402.56,2024
335487,FLORISSIMA&FRUIT EXPORT S.A.,G4620,G4620.15 - VENTA AL POR MAYOR DE FLORES Y PLANTAS.,comercio_mayorista,FALSE,PICHINCHA,5,145497.44,21974.73,123522.71,76473.65,-5212,-5212,2024
714074,AGROSYNTHESIS S.A.,G4620,G4620.19 - VENTA AL POR MAYOR DE OTRAS MATERIAS PRIMAS AGROPECUARIAS.,comercio_mayorista,FALSE,PICHINCHA,6,145156.3,116259.72,28896.579999999987,553473,0,45116.02,2024
724007,SEED FOOD SFOODSA S.A.,G4620,G4620.12 - VENTA AL POR MAYOR DE FRUTOS Y SEMILLAS OLEAGINOSAS.,comercio_mayorista,FALSE,GUAYAS,2,144903.59,3927.39,140976.19999999998,41705.39,1977.18,1482.88,2024
748633,CARPAGUIL S.A.S.,G4630,"G4630.12 - VENTA AL POR MAYOR DE FRUTAS, LEGUMBRES Y HORTALIZAS.",comercio_mayorista,FALSE,GUAYAS,5,144682.72,111404,33278.72,603471.39,0,25360.77,2024
732144,GAM&PRODUCTORES S.A.S.,G4630,G4630.31 - VENTA AL POR MAYOR DE CARNE Y PRODUCTOS CÁRNICOS (INCLUIDAS LAS AVES DE CORRAL).,comercio_mayorista,FALSE,MORONA SANTIAGO,2,144667.21,30445.44,114221.76999999999,322607.17,4165.51,3249.1,2024
322114,PEREZ&LARREA PROVISIONES PERLAPROV S.A.S.,G4630,"G4630.21 - VENTA AL POR MAYOR DE PRODUCTOS LÁCTEOS, INCLUIDO HELADOS, BOLOS, ETCÉTERA.",comercio_mayorista,FALSE,GUAYAS,4,143698.9,82473.36,61225.53999999999,405716.38,59118.64,54321.12,2024
129113,EBESIL S.A.,G4630,"G4630.12 - VENTA AL POR MAYOR DE FRUTAS, LEGUMBRES Y HORTALIZAS.",comercio_mayorista,FALSE,GUAYAS,3,143554.69,119343.66,24211.03,10762.58,-30990.87,-30990.87,2024
157615,EASYFLOWERS S.A.,G4620,G4620.15 - VENTA AL POR MAYOR DE FLORES Y PLANTAS.,comercio_mayorista,FALSE,PICHINCHA,2,142993.14,60565.14,82428.00000000001,113839.49,21146.97,19857.28,2024
738637,TIERRA&ARBOL S.A.S.,G4630,"G4630.14 - VENTA AL POR MAYOR DE CAFÉ, CACAO, TE Y ESPECIAS.",comercio_mayorista,FALSE,PICHINCHA,11,142614.83,121118.59,21496.23999999999,458485.95,1000.08,378.64,2024
319527,HUMA S.A.,G4630,"G4630.14 - VENTA AL POR MAYOR DE CAFÉ, CACAO, TE Y ESPECIAS.",comercio_mayorista,FALSE,GUAYAS,1,141935.84,16178.83,125757.01,325567.21,8747.43,8747.43,2024
131950,FURONDA S. A.,A0122,A0122.01 - CULTIVO DE BANANOS Y PLÁTANOS.,cultivo_fruticola,FALSE,GUAYAS,4,141537.23,25679.1,115858.13,8625,0,21.06,2024
327638,AGRO LUBESE S.A.S.,A0125,"A0125.01 - CULTIVO DE BAYAS GROSELLAS, GROSELLAS ESPINOSAS, KIWIS, FRAMBUESAS, FRESAS (FRUTILLAS), MORAS, MORTIÑOS (ARÁNDANOS), UVILLA Y OTRAS BAYAS.",cultivo_fruticola,TRUE,IMBABURA,6,141471.08,-92145.09,233616.16999999998,87316.08,-31229.58,-15614.79,2024
100026,EAGLE BRAND DISTRIBUTORS S.A.,G4630,"G4630.94 - VENTA AL POR MAYOR DE BEBIDAS NO ALCOHÓLICAS (JUGOS, GASEOSAS, AGUA MINERAL, ETCÉTERA).",comercio_mayorista,FALSE,GUAYAS,4,141369.6,81803.41,59566.19,134790,0,1110.33,2024
739507,LOGISTICA GREEN FRUIT LOGREFRUSA S.A.S.,G4630,G4630.11 - VENTA AL POR MAYOR DE BANANO Y PLÁTANO.,comercio_mayorista,FALSE,MANABI,6,140987.92,31516.69,109471.23000000001,1574658.67,11999.07,9359.28,2024
311291,LADIVINAPAPAYA CIA.LTDA.,C1030,"C1030.12 - CONSERVACIÓN DE FRUTAS, PULPA DE FRUTAS, LEGUMBRES Y HORTALIZAS MEDIANTE EL CONGELADO, SECADO, DESHIDRATADO, INMERSIÓN EN ACEITE O VINAGRE, ENLATADO, ETCÉTERA.",procesamiento,FALSE,PICHINCHA,5,140568.59,47922.98,92645.60999999999,61913.11,-5190.33,-5699.55,2024
352575,LUINA S.A.S.,A0126,A0126.01 - CULTIVO DE PALMAS DE ACEITE (PALMA AFRICANA).,cultivo_fruticola,FALSE,LOS RIOS,3,140530.49,38950.11,101580.37999999999,297347.55,0,37950.11,2024
751328,EL POLLAZO GALAPAGUEÑO S.A.S.,G4630,G4630.31 - VENTA AL POR MAYOR DE CARNE Y PRODUCTOS CÁRNICOS (INCLUIDAS LAS AVES DE CORRAL).,comercio_mayorista,FALSE,GALAPAGOS,3,140427.72,9592.44,130835.28,219696.32,690.53,690.53,2024
311632,DEPOSITO COYHAIQUE S.A.,G4630,"G4630.94 - VENTA AL POR MAYOR DE BEBIDAS NO ALCOHÓLICAS (JUGOS, GASEOSAS, AGUA MINERAL, ETCÉTERA).",comercio_mayorista,FALSE,GUAYAS,5,140278.84,3471.21,136807.63,1132201.74,14760.69,6014.94,2024
742787,ALEXA-FLOWERS S.A.S.,G4620,G4620.15 - VENTA AL POR MAYOR DE FLORES Y PLANTAS.,comercio_mayorista,FALSE,PICHINCHA,7,140166.45,-26611.6,166778.05000000002,115283.71,493.48,383.82,2024
739112,GOLDGREEN S.A.,G4630,G4630.11 - VENTA AL POR MAYOR DE BANANO Y PLÁTANO.,comercio_mayorista,FALSE,GUAYAS,4,140107.48,6090.24,134017.24000000002,60.02,0,0,2024
733755,ALIMENTOS PROCESADOS CON CALIDAD Y CALIDEZ ALPROCEZ S.A.S.,C1030,"C1030.12 - CONSERVACIÓN DE FRUTAS, PULPA DE FRUTAS, LEGUMBRES Y HORTALIZAS MEDIANTE EL CONGELADO, SECADO, DESHIDRATADO, INMERSIÓN EN ACEITE O VINAGRE, ENLATADO, ETCÉTERA.",procesamiento,FALSE,PICHINCHA,5,140077.48,-42289.52,182367,61599.85,1398.31,893.31,2024
323411,BENIFRESH FRUIT COMPANY S.A.S.,G4630,G4630.11 - VENTA AL POR MAYOR DE BANANO Y PLÁTANO.,comercio_mayorista,FALSE,EL ORO,2,139792.74,111420.76,28371.979999999996,723105.2,110461,103605.33,2024
740873,PROALMI S.A.S.,G4630,"G4630.21 - VENTA AL POR MAYOR DE PRODUCTOS LÁCTEOS, INCLUIDO HELADOS, BOLOS, ETCÉTERA.",comercio_mayorista,FALSE,PICHINCHA,8,139665.17,968.6,138696.57,341572.09,29240.67,-66.09,2024
114402,ARIANCORP S.A.,G4630,"G4630.95 - VENTA AL POR MAYOR DE BEBIDAS ALCOHÓLICAS, INCLUSO EL ENVASADO DE VINO A GRANEL SIN TRANSFORMACIÓN.",comercio_mayorista,FALSE,GUAYAS,5,139572.7,88463.29,51109.41000000002,120943.62,0,13944.53,2024
368579,EXBRIOVER S.A.S.,A0127,A0127.02 - CULTIVO DE CACAO.,cultivo_fruticola,FALSE,GUAYAS,2,139377.66,134613.26,4764.399999999994,8128907.92,200020,132613.26,2024
757401,ANDESBLOOM S.A.S.,A0122,"A0122.09 - OTROS CULTIVOS DE FRUTAS TROPICALES Y SUBTROPICALES: PAPAYAS, BABACOS, CHAMBUROS, AGUACATES, HIGOS, ARAZÁ, GUAYABAS, GUANÁBANA, GUABA, CHIRIMOYA, NARANJILLAS, ZAPOTES, BOROJÓ, TAMARINDO, GRANADILLAS, DÁTILES, ETCÉTERA.",cultivo_fruticola,TRUE,PICHINCHA,3,139272.1,-22020.17,161292.27000000002,0.04,0,-27020.17,2024
302842,AGROINDUSTRIAS-KINI CIA.LTDA.,C1030,"C1030.30 - SERVICIOS DE APOYO A LA ELABORACIÓN Y CONSERVACIÓN DE FRUTAS, LEGUMBRES Y HORTALIZAS A CAMBIO DE UNA RETRIBUCIÓN O POR CONTRATO: PELADO INDUSTRIAL DE PAPAS, ETCÉTERA.",procesamiento,FALSE,PICHINCHA,5,138821.85,19841.73,118980.12000000001,88927.09,3477.67,1298.13,2024
722493,AGRICOLA VILEMA DEFAZ AGVIDE S.A.,A0122,A0122.01 - CULTIVO DE BANANOS Y PLÁTANOS.,cultivo_fruticola,FALSE,GUAYAS,4,138139.59,137864.18,275.4100000000035,757527.11,0,31304.65,2024
317726,EICOP CIA.LTDA.,G4620,G4620.12 - VENTA AL POR MAYOR DE FRUTOS Y SEMILLAS OLEAGINOSAS.,comercio_mayorista,FALSE,PICHINCHA,4,137705.26,-91157.52,228862.78000000003,427978.73,-141779.22,-141779.22,2024
749513,MACORCA S.A.S.,A0122,A0122.01 - CULTIVO DE BANANOS Y PLÁTANOS.,cultivo_fruticola,FALSE,GUAYAS,8,137638.17,114719.5,22918.670000000013,561753.2,66983.82,52247.38,2024
160387,EXPRESSGRILL CIA. LTDA.,G4630,G4630.31 - VENTA AL POR MAYOR DE CARNE Y PRODUCTOS CÁRNICOS (INCLUIDAS LAS AVES DE CORRAL).,comercio_mayorista,FALSE,PICHINCHA,4,137480,77334.28,60145.72,2120773.88,0,39897.1,2024
323513,KHUYAY-GOURMET CHOCOFACTORY & GRILL S.A.S.,C1073,C1073.12 - ELABORACIÓN DE CHOCOLATE Y PRODUCTOS DE CHOCOLATE.,procesamiento,FALSE,PICHINCHA,7,137221.91,14145.01,123076.90000000001,99101.09,0,297.82,2024
707747,AGRILEVE S.A.,G4630,"G4630.12 - VENTA AL POR MAYOR DE FRUTAS, LEGUMBRES Y HORTALIZAS.",comercio_mayorista,FALSE,LOS RIOS,4,136711.78,113396.63,23315.149999999994,344006.63,0,13160.67,2024
726183,LAVIC CIA.LTDA.,C1030,"C1030.14 - FABRICACIÓN DE PRODUCTOS ALIMENTICIOS A PARTIR DE (UN SOLO COMPONENTE) FRUTAS, LEGUMBRES Y HORTALIZAS; INCLUSO SNACKS DE PLÁTANO (CHIFLES), YUCA, FRUTAS, ETCÉTERA, EXCEPTO PAPA.",procesamiento,FALSE,PICHINCHA,17,136454.11,1347.61,135106.5,53036.76,0,-6959.41,2024
324565,AGRICOLA AGROYMASZV S.A.S.,G4620,"G4620.14 - VENTA AL POR MAYOR DE DESECHOS, RESIDUOS Y PRODUCTOS DERIVADOS USADOS PARA ALIMENTAR ANIMALES (FORRAJE), INCLUYE MATERIAS PRIMAS AGRARIAS.",comercio_mayorista,FALSE,SANTO DOMINGO DE LOS TSACHILAS,3,136290.39,32724.01,103566.38000000002,374145.42,0,3661.44,2024
164591,NARACRISA S.A.,A0122,"A0122.09 - OTROS CULTIVOS DE FRUTAS TROPICALES Y SUBTROPICALES: PAPAYAS, BABACOS, CHAMBUROS, AGUACATES, HIGOS, ARAZÁ, GUAYABAS, GUANÁBANA, GUABA, CHIRIMOYA, NARANJILLAS, ZAPOTES, BOROJÓ, TAMARINDO, GRANADILLAS, DÁTILES, ETCÉTERA.",cultivo_fruticola,TRUE,GUAYAS,1,135356.48,134941.3,415.1800000000221,32416.97,1047.17,816.79,2024
729174,JAHVE JIREH JAHVEJIREH S.A.,G4630,"G4630.33 - VENTA AL POR MAYOR DE PESCADO, CRUSTÁCEOS, MOLUSCOS Y PRODUCTOS DE LA PESCA.",comercio_mayorista,FALSE,MANABI,3,135346.56,-51272.12,186618.68,38327.68,-15970.34,-15970.34,2024
749019,MHAP S.A.S.,G4630,"G4630.95 - VENTA AL POR MAYOR DE BEBIDAS ALCOHÓLICAS, INCLUSO EL ENVASADO DE VINO A GRANEL SIN TRANSFORMACIÓN.",comercio_mayorista,FALSE,CAÑAR,4,135123.37,51547.45,83575.92,740740.08,0,975.3,2024
332717,MIXCONFITERIA S.A.S.,G4630,"G4630.92 - VENTA AL POR MAYOR DE AZÚCAR, CHOCOLATE Y PRODUCTOS DE CONFITERÍA.",comercio_mayorista,FALSE,EL ORO,4,135116.59,1107.93,134008.66,1120572.83,307.93,307.93,2024
135527,AGRICOLA LOS ANGELES S.A. AGRIANGELES,A0127,A0127.02 - CULTIVO DE CACAO.,cultivo_fruticola,FALSE,GUAYAS,6,135108.7,4228.21,130880.49,284846.93,675.32,526.75,2024
122874,FULL GARDEN FULLGARSA S.A.,G4620,G4620.15 - VENTA AL POR MAYOR DE FLORES Y PLANTAS.,comercio_mayorista,FALSE,GUAYAS,9,135066.82,116083.7,18983.12000000001,354130.77,10436.79,8140.7,2024
739053,COSEITEA S.A.S.,C1030,"C1030.14 - FABRICACIÓN DE PRODUCTOS ALIMENTICIOS A PARTIR DE (UN SOLO COMPONENTE) FRUTAS, LEGUMBRES Y HORTALIZAS; INCLUSO SNACKS DE PLÁTANO (CHIFLES), YUCA, FRUTAS, ETCÉTERA, EXCEPTO PAPA.",procesamiento,FALSE,GUAYAS,8,134999.3,6367.85,128631.44999999998,363804.41,-4747.74,-4747.74,2024
735292,MEAT MARKETER CLJ S.A.S.,G4630,G4630.31 - VENTA AL POR MAYOR DE CARNE Y PRODUCTOS CÁRNICOS (INCLUIDAS LAS AVES DE CORRAL).,comercio_mayorista,FALSE,AZUAY,2,134678.46,132800.41,1878.0499999999884,149411.15,85394.44,83924.56,2024
119664,PLUSTELCO S.A.,G4620,G4620.11 - VENTA AL POR MAYOR DE CEREALES (GRANOS) Y SEMILLAS.,comercio_mayorista,FALSE,GUAYAS,2,133839.28,36803.31,97035.97,139288.71,1512.31,1179.6,2024
704106,DEMADELS S.A.,C1030,"C1030.11 - ELABORACIÓN DE ALIMENTOS COMPUESTOS (MEZCLA) PRINCIPALMENTE DE FRUTAS LEGUMBRES U HORTALIZAS, EXCEPTO PLATOS PREPARADOS EN FORMA CONGELADA O ENLATADA LISTOS PARA CONSUMIR.",procesamiento,FALSE,GUAYAS,3,133794.12,50033.55,83760.56999999999,328074.96,406.03,316.64,2024
345587,D'LEO-FRUIT S.A.S.,G4630,G4630.11 - VENTA AL POR MAYOR DE BANANO Y PLÁTANO.,comercio_mayorista,FALSE,GUAYAS,4,133768,104457.84,29310.160000000003,661178.48,101892.68,93665.59,2024
352590,LOGISCAPA S.A.S.,G4630,G4630.32 - VENTA AL POR MAYOR DE CAMARÓN Y LANGOSTINOS.,comercio_mayorista,FALSE,MANABI,2,133346.59,131326.23,2020.359999999986,238382.86,0,104860.19,2024
142131,ARISOLTY S.A.,G4630,"G4630.95 - VENTA AL POR MAYOR DE BEBIDAS ALCOHÓLICAS, INCLUSO EL ENVASADO DE VINO A GRANEL SIN TRANSFORMACIÓN.",comercio_mayorista,FALSE,GUAYAS,14,133328.03,18293.69,115034.34,253442.86,0,-25911.41,2024
342727,ORGANIC FARMERS S.A.S.,A0125,"A0125.09 - OTROS CULTIVOS DE FRUTOS DE ÁRBOLES Y ARBUSTOS: PITAHAYA, TUNA, ALGARROBA, TAXOS, ETCÉTERA.",cultivo_fruticola,TRUE,MANABI,4,133265.95,-75559.11,208825.06,171664.01,-5844.64,-7361.28,2024
202048,MOROCHOS INTERNACIONALGRUP MIG CIA.LTDA.,G4630,"G4630.14 - VENTA AL POR MAYOR DE CAFÉ, CACAO, TE Y ESPECIAS.",comercio_mayorista,FALSE,AZUAY,3,133168.04,-94988.18,228156.22,10795.45,0,-41758.05,2024
728858,ALKARI BANANA ALKABANACOM CIA.LTDA.,G4630,G4630.11 - VENTA AL POR MAYOR DE BANANO Y PLÁTANO.,comercio_mayorista,FALSE,GUAYAS,1,133081.48,133081.48,0,19294,111.9,111.9,2024
320782,ECUIND S.A.S.,G4630,G4630.11 - VENTA AL POR MAYOR DE BANANO Y PLÁTANO.,comercio_mayorista,FALSE,GUAYAS,3,132691.8,102896.77,29795.029999999984,1160956,88801.28,88801.28,2024
709746,AGRICOLA SANTA RITA SANRITA S.A.,A0122,A0122.01 - CULTIVO DE BANANOS Y PLÁTANOS.,cultivo_fruticola,FALSE,LOS RIOS,2,132269.33,8795.65,123473.68,49524.53,2545.24,1809.2,2024
154197,DAMPEC DISTRIBUIDORA DE ALIMENTOS ECUATORIANA CIA. LTDA.,G4630,G4630.91 - VENTA AL POR MAYOR DE ARROZ.,comercio_mayorista,FALSE,PICHINCHA,4,131355.47,34599.68,96755.79000000001,438336.58,-15591.21,-15591.21,2024
178443,CORPORACION CONFITERA LA-NOBLEZZA CIA.LTDA.,C1073,"C1073.21 - ELABORACIÓN DE PRODUCTOS DE CONFITERÍA: CARAMELOS, TURRÓN, GRAGEAS Y PASTILLAS DE CONFITERÍA, GOMA DE MASCAR (CHICLES), CONFITES BLANDOS, CONFITERÍA A BASE DE CHOCOLATE Y CHOCOLATE BLANCO, ETCÉTERA.",procesamiento,FALSE,TUNGURAHUA,11,131010.71,2841.81,128168.90000000001,88897.55,220.38,-668.68,2024
358088,MARISCOS DEL PACÍFICO-EC S.A.S.,G4630,"G4630.33 - VENTA AL POR MAYOR DE PESCADO, CRUSTÁCEOS, MOLUSCOS Y PRODUCTOS DE LA PESCA.",comercio_mayorista,FALSE,GUAYAS,3,130893.94,39471.11,91422.83,1168323.22,7255.4,7255.4,2024
136663,ECUADOR MAR FISHING COMPANY S.A. EMARFISA,G4630,"G4630.33 - VENTA AL POR MAYOR DE PESCADO, CRUSTÁCEOS, MOLUSCOS Y PRODUCTOS DE LA PESCA.",comercio_mayorista,FALSE,SANTA ELENA,5,130660.03,109308.74,21351.289999999994,182778,8105.48,6322.27,2024
748331,KUNTU S.A.S.,G4620,G4620.12 - VENTA AL POR MAYOR DE FRUTOS Y SEMILLAS OLEAGINOSAS.,comercio_mayorista,FALSE,ESMERALDAS,4,130302.94,75222.18,55080.76000000001,75789.97,806.68,806.68,2024
330201,AYALAGROUP S.A.S.,G4620,G4620.19 - VENTA AL POR MAYOR DE OTRAS MATERIAS PRIMAS AGROPECUARIAS.,comercio_mayorista,FALSE,MORONA SANTIAGO,2,129581.4,22490.33,107091.06999999999,616052.03,7775.6,5755.96,2024
155130,ECUAFRANQ S.A.,G4630,G4630.91 - VENTA AL POR MAYOR DE ARROZ.,comercio_mayorista,FALSE,PICHINCHA,12,129326.33,-3741.7,133068.03,453477.89,-15838.06,-15838.06,2024
331960,SD SOL 3 S.A.S.,A0127,A0127.01 - CULTIVO DE CAFÉ.,cultivo_fruticola,FALSE,MANABI,7,128956.85,-57600.95,186557.8,107217.7,0,-57700.95,2024
362444,MUNDOCEREAL S.A.S.,G4620,G4620.11 - VENTA AL POR MAYOR DE CEREALES (GRANOS) Y SEMILLAS.,comercio_mayorista,FALSE,TUNGURAHUA,1,128899.02,30412.49,98486.53,388072.8,35041.41,29612.49,2024
715741,AGROINDNAT S.A.,A0127,A0127.02 - CULTIVO DE CACAO.,cultivo_fruticola,FALSE,MANABI,3,128868.24,95082.41,33785.83,4754.2,0,3488.42,2024
131139,AGROPECUARIA ANDREN S.A.,G4620,G4620.21 - VENTA AL POR MAYOR DE ANIMALES VIVOS.,comercio_mayorista,FALSE,LOS RIOS,14,128619.29,43938.54,84680.75,17258.32,58.72,45.8,2024
724605,FRUTYBOX S.A.,G4630,G4630.11 - VENTA AL POR MAYOR DE BANANO Y PLÁTANO.,comercio_mayorista,FALSE,GUAYAS,8,128528.24,27419.84,101108.40000000001,2403805.88,23324.53,1435.28,2024
733832,RUNAMED S.A.S.,G4620,G4620.11 - VENTA AL POR MAYOR DE CEREALES (GRANOS) Y SEMILLAS.,comercio_mayorista,FALSE,COTOPAXI,1,128255.13,-39923.7,168178.83000000002,69846.91,-12046.21,-12046.21,2024
96325,GABALMIR S.A.,G4630,"G4630.12 - VENTA AL POR MAYOR DE FRUTAS, LEGUMBRES Y HORTALIZAS.",comercio_mayorista,FALSE,MANABI,38,128192.35,63151.58,65040.770000000004,1114022.96,13013.9,13013.9,2024
26220,AQUAMUNDO C LTDA,G4630,"G4630.33 - VENTA AL POR MAYOR DE PESCADO, CRUSTÁCEOS, MOLUSCOS Y PRODUCTOS DE LA PESCA.",comercio_mayorista,FALSE,GUAYAS,1,128090.01,91657.78,36432.229999999996,239049.98,73688.14,70278.68,2024
703564,FINCARECRE S.A.,G4630,G4630.11 - VENTA AL POR MAYOR DE BANANO Y PLÁTANO.,comercio_mayorista,FALSE,GUAYAS,21,127981,67340.15,60640.850000000006,226957.99,7474.71,4771.97,2024
355280,AGRICOLA LA-Y S.A.S.,C1030,"C1030.30 - SERVICIOS DE APOYO A LA ELABORACIÓN Y CONSERVACIÓN DE FRUTAS, LEGUMBRES Y HORTALIZAS A CAMBIO DE UNA RETRIBUCIÓN O POR CONTRATO: PELADO INDUSTRIAL DE PAPAS, ETCÉTERA.",procesamiento,FALSE,PICHINCHA,2,127344.93,102858.5,24486.429999999993,43130.45,17427.54,13579.48,2024
746063,PRODUCTOSDELDIA S.A.S.,G4630,"G4630.94 - VENTA AL POR MAYOR DE BEBIDAS NO ALCOHÓLICAS (JUGOS, GASEOSAS, AGUA MINERAL, ETCÉTERA).",comercio_mayorista,FALSE,GUAYAS,11,126738.79,-5833.66,132572.44999999998,502239.03,-25864.78,-28006.11,2024
328813,BAYA BERRIES S.A.S.,A0125,"A0125.01 - CULTIVO DE BAYAS GROSELLAS, GROSELLAS ESPINOSAS, KIWIS, FRAMBUESAS, FRESAS (FRUTILLAS), MORAS, MORTIÑOS (ARÁNDANOS), UVILLA Y OTRAS BAYAS.",cultivo_fruticola,TRUE,PICHINCHA,6,126476.19,67616.66,58859.53,93035.01,0,-16225.09,2024
740631,BP-VIOLETAS Y ALGO MAS S.A.S.,G4620,G4620.15 - VENTA AL POR MAYOR DE FLORES Y PLANTAS.,comercio_mayorista,FALSE,PICHINCHA,7,126243.15,-4971.89,131215.04,146636.97,-37,-1907.38,2024
743143,OSCORT S.A.S.,G4630,"G4630.33 - VENTA AL POR MAYOR DE PESCADO, CRUSTÁCEOS, MOLUSCOS Y PRODUCTOS DE LA PESCA.",comercio_mayorista,FALSE,GUAYAS,2,126008.14,97042.61,28965.53,2838.17,0,815.61,2024
182501,PROCESADORA AGROPECUARIA ELCAMPEON S.A.,A0122,A0122.01 - CULTIVO DE BANANOS Y PLÁTANOS.,cultivo_fruticola,FALSE,MANABI,4,125966.73,65821.16,60145.56999999999,519262.59,7023.58,5267.68,2024
313773,ECUADORIAN EXOTIC FOODS EXOTICFOODS S.A.,C1030,"C1030.14 - FABRICACIÓN DE PRODUCTOS ALIMENTICIOS A PARTIR DE (UN SOLO COMPONENTE) FRUTAS, LEGUMBRES Y HORTALIZAS; INCLUSO SNACKS DE PLÁTANO (CHIFLES), YUCA, FRUTAS, ETCÉTERA, EXCEPTO PAPA.",procesamiento,FALSE,GUAYAS,4,125966.73,65821.16,60145.56999999999,519262.59,7023.58,5267.68,2024
718079,SILICAMAR S.A.,A0122,"A0122.09 - OTROS CULTIVOS DE FRUTAS TROPICALES Y SUBTROPICALES: PAPAYAS, BABACOS, CHAMBUROS, AGUACATES, HIGOS, ARAZÁ, GUAYABAS, GUANÁBANA, GUABA, CHIRIMOYA, NARANJILLAS, ZAPOTES, BOROJÓ, TAMARINDO, GRANADILLAS, DÁTILES, ETCÉTERA.",cultivo_fruticola,TRUE,GUAYAS,2,125817.52,111046.12,14771.400000000009,509951.22,0,5993.16,2024
106456,DISINMED S.A.,A0127,A0127.02 - CULTIVO DE CACAO.,cultivo_fruticola,FALSE,GUAYAS,2,125435.86,15607.92,109827.94,39704.09,418.19,326.19,2024
145749,CUREFOR S.A.,G4630,"G4630.12 - VENTA AL POR MAYOR DE FRUTAS, LEGUMBRES Y HORTALIZAS.",comercio_mayorista,FALSE,GUAYAS,1,125143.53,123420.33,1723.199999999997,939.44,-802.32,-802.32,2024
149182,WOLFPACK SOLUCIONES INTEGRALES CIA. LTDA.,G4630,"G4630.14 - VENTA AL POR MAYOR DE CAFÉ, CACAO, TE Y ESPECIAS.",comercio_mayorista,FALSE,PICHINCHA,2,125105.53,11739.78,113365.75,78736.2,1.68,0.74,2024
361041,A&S CONDIMESP S.A.S.,G4620,G4620.11 - VENTA AL POR MAYOR DE CEREALES (GRANOS) Y SEMILLAS.,comercio_mayorista,FALSE,PICHINCHA,10,125103.01,82701.8,42401.20999999999,1151634.22,54900.9,24057.7,2024
726484,AMPELCL CIA.LTDA.,A0122,"A0122.09 - OTROS CULTIVOS DE FRUTAS TROPICALES Y SUBTROPICALES: PAPAYAS, BABACOS, CHAMBUROS, AGUACATES, HIGOS, ARAZÁ, GUAYABAS, GUANÁBANA, GUABA, CHIRIMOYA, NARANJILLAS, ZAPOTES, BOROJÓ, TAMARINDO, GRANADILLAS, DÁTILES, ETCÉTERA.",cultivo_fruticola,TRUE,LOS RIOS,9,125095.74,105115.64,19980.100000000006,239675.39,-12044.48,-12044.48,2024
342058,ECUAPARADISE S.A.S.,G4630,"G4630.12 - VENTA AL POR MAYOR DE FRUTAS, LEGUMBRES Y HORTALIZAS.",comercio_mayorista,FALSE,CHIMBORAZO,3,124662.47,14024.12,110638.35,94538.31,29540.84,13024.12,2024
147226,PICOVILL S.A.,G4620,G4620.15 - VENTA AL POR MAYOR DE FLORES Y PLANTAS.,comercio_mayorista,FALSE,GUAYAS,5,124335.83,113505.58,10830.25,8815,3226.92,2509.52,2024
333059,PROMARS S.A.,G4630,G4630.32 - VENTA AL POR MAYOR DE CAMARÓN Y LANGOSTINOS.,comercio_mayorista,FALSE,GUAYAS,5,124230.82,-89335.88,213566.7,127092.8,0,-91456.78,2024
181295,AGROCARPI S.A.,G4630,G4630.11 - VENTA AL POR MAYOR DE BANANO Y PLÁTANO.,comercio_mayorista,FALSE,EL ORO,4,124203.02,123889.43,313.59000000001106,45347.11,-1574.59,-1574.59,2024
153217,CALVADOS DE SAN AGUSTIN CIA. LTDA.,G4620,G4620.15 - VENTA AL POR MAYOR DE FLORES Y PLANTAS.,comercio_mayorista,FALSE,PICHINCHA,4,123899.84,117011.43,6888.4100000000035,332757.31,-7364.03,-7364.03,2024
754932,BELLEVUEFLOWERS S.A.S.,G4620,G4620.15 - VENTA AL POR MAYOR DE FLORES Y PLANTAS.,comercio_mayorista,FALSE,PICHINCHA,8,123807.76,-133739.06,257546.82,153739.94,-143739.06,-143739.06,2024
336218,JELAP FRUIT ECUADOR S.A.S.,G4630,"G4630.12 - VENTA AL POR MAYOR DE FRUTAS, LEGUMBRES Y HORTALIZAS.",comercio_mayorista,FALSE,PICHINCHA,2,123764.78,82734.41,41030.369999999995,1072934.33,95160.5,95160.5,2024
131574,IMPERIALGROUP S.A.,G4630,G4630.91 - VENTA AL POR MAYOR DE ARROZ.,comercio_mayorista,FALSE,GUAYAS,5,123741.54,123741.54,0,565,0,0,2024
725912,ALLEGROFARMS ALLFLOWERS CIA.LTDA.,G4620,G4620.15 - VENTA AL POR MAYOR DE FLORES Y PLANTAS.,comercio_mayorista,FALSE,PICHINCHA,4,123594.38,9403.43,114190.95000000001,1291299.5,0,7999.26,2024
372674,RECICLATEC S.A.S.,G4630,"G4630.12 - VENTA AL POR MAYOR DE FRUTAS, LEGUMBRES Y HORTALIZAS.",comercio_mayorista,FALSE,GUAYAS,1,123187.8,80309.9,42877.90000000001,110591.23,0,79309.9,2024
326170,NEW START AGRI-ES S.A.S.,G4620,G4620.11 - VENTA AL POR MAYOR DE CEREALES (GRANOS) Y SEMILLAS.,comercio_mayorista,FALSE,SANTO DOMINGO DE LOS TSACHILAS,4,122982.06,11371.34,111610.72,104552.89,269.24,210.01,2024
753345,GIOMIFLOR S.A.S.,G4620,G4620.15 - VENTA AL POR MAYOR DE FLORES Y PLANTAS.,comercio_mayorista,FALSE,PICHINCHA,10,122841.69,17491.49,105350.2,849550.39,3091.36,3091.36,2024
349558,ECUADELICIOUS S.A.,G4630,G4630.11 - VENTA AL POR MAYOR DE BANANO Y PLÁTANO.,comercio_mayorista,FALSE,GUAYAS,6,122451.03,899.42,121551.61,433794.51,99.42,99.42,2024
139569,ASHRAFIT CIA. LTDA.,G4630,G4630.31 - VENTA AL POR MAYOR DE CARNE Y PRODUCTOS CÁRNICOS (INCLUIDAS LAS AVES DE CORRAL).,comercio_mayorista,FALSE,PICHINCHA,4,122267.4,-3036.63,125304.03,694342.36,-3436.63,-3436.63,2024
717475,ECUADOR ORIGIN PRODUCTS ECUAEXPORTATION CIA.LTDA.,C1073,"C1073.21 - ELABORACIÓN DE PRODUCTOS DE CONFITERÍA: CARAMELOS, TURRÓN, GRAGEAS Y PASTILLAS DE CONFITERÍA, GOMA DE MASCAR (CHICLES), CONFITES BLANDOS, CONFITERÍA A BASE DE CHOCOLATE Y CHOCOLATE BLANCO, ETCÉTERA.",procesamiento,FALSE,PICHINCHA,4,121649.19,3149.92,118499.27,193263.17,1827.43,2149.92,2024
301172,MAQUILUGO S.A.,A0122,A0122.03 - CULTIVO DE MARACUYÁ.,cultivo_fruticola,FALSE,EL ORO,1,121392.33,19252.4,102139.93,56532,4182.09,4182.09,2024
335209,DISTRIMAR S.A.S.,G4620,G4620.12 - VENTA AL POR MAYOR DE FRUTOS Y SEMILLAS OLEAGINOSAS.,comercio_mayorista,FALSE,GUAYAS,4,120412,107162.28,13249.720000000001,10000,0,9248.45,2024
60755,ECUABONTURE S.A.,A0122,A0122.01 - CULTIVO DE BANANOS Y PLÁTANOS.,cultivo_fruticola,FALSE,GUAYAS,18,120393.54,85654.93,34738.61,201005.86,5164.08,5164.08,2024
313414,ANCATROPICALFRESH CIA.LTDA.,A0125,"A0125.09 - OTROS CULTIVOS DE FRUTOS DE ÁRBOLES Y ARBUSTOS: PITAHAYA, TUNA, ALGARROBA, TAXOS, ETCÉTERA.",cultivo_fruticola,TRUE,TUNGURAHUA,4,119952.82,57211.11,62741.71000000001,11110.15,-11708.13,-9132.34,2024
371294,KAORI EXPORT S.A.S.,G4630,"G4630.14 - VENTA AL POR MAYOR DE CAFÉ, CACAO, TE Y ESPECIAS.",comercio_mayorista,FALSE,GUAYAS,1,119929.79,24549.75,95380.04,69608.7,23549.75,23549.75,2024
318842,RIPA TUNA CIA.LTDA.,G4630,"G4630.33 - VENTA AL POR MAYOR DE PESCADO, CRUSTÁCEOS, MOLUSCOS Y PRODUCTOS DE LA PESCA.",comercio_mayorista,FALSE,MANABI,4,119603.46,92105.61,27497.850000000006,1545368.08,0,17610.67,2024
322889,SEAFARIMARFISH S.A.S.,G4630,"G4630.33 - VENTA AL POR MAYOR DE PESCADO, CRUSTÁCEOS, MOLUSCOS Y PRODUCTOS DE LA PESCA.",comercio_mayorista,FALSE,EL ORO,5,119483.05,57320.03,62163.020000000004,751599.2,8265.35,6446.97,2024
332838,LATITUD PROVISIONS S.A.S. B.I.C.,C1030,"C1030.14 - FABRICACIÓN DE PRODUCTOS ALIMENTICIOS A PARTIR DE (UN SOLO COMPONENTE) FRUTAS, LEGUMBRES Y HORTALIZAS; INCLUSO SNACKS DE PLÁTANO (CHIFLES), YUCA, FRUTAS, ETCÉTERA, EXCEPTO PAPA.",procesamiento,FALSE,EL ORO,4,119260.44,22723.78,96536.66,350028.1,29004.85,22623.78,2024
365151,LIDRINK S.A.S.,G4630,"G4630.95 - VENTA AL POR MAYOR DE BEBIDAS ALCOHÓLICAS, INCLUSO EL ENVASADO DE VINO A GRANEL SIN TRANSFORMACIÓN.",comercio_mayorista,FALSE,GUAYAS,2,118629.17,24448.51,94180.66,144755.63,24298.51,24298.51,2024
339005,GRUPOPRIMAVERA S.A.S. B.I.C.,A0125,"A0125.01 - CULTIVO DE BAYAS GROSELLAS, GROSELLAS ESPINOSAS, KIWIS, FRAMBUESAS, FRESAS (FRUTILLAS), MORAS, MORTIÑOS (ARÁNDANOS), UVILLA Y OTRAS BAYAS.",cultivo_fruticola,TRUE,IMBABURA,3,118028.5,2899.61,115128.89,24472.12,0,226.27,2024
145349,DALIFLOWERS S.A.,G4620,G4620.15 - VENTA AL POR MAYOR DE FLORES Y PLANTAS.,comercio_mayorista,FALSE,PICHINCHA,5,117858.14,70315.21,47542.92999999999,171949.02,6231.29,3918.24,2024
304905,PRODUCTORA ORGANICA ALIMENTICIA SIERKOSTA S.A.,A0125,"A0125.09 - OTROS CULTIVOS DE FRUTOS DE ÁRBOLES Y ARBUSTOS: PITAHAYA, TUNA, ALGARROBA, TAXOS, ETCÉTERA.",cultivo_fruticola,TRUE,GUAYAS,4,117227.36,16934.28,100293.08,1293.59,-20257.4,-20257.4,2024
308830,IMPORTADORA INDUSTRIAL AGRICOLA JIMENEZ ROMERO JIMEAGROS S.A.,G4620,"G4620.14 - VENTA AL POR MAYOR DE DESECHOS, RESIDUOS Y PRODUCTOS DERIVADOS USADOS PARA ALIMENTAR ANIMALES (FORRAJE), INCLUYE MATERIAS PRIMAS AGRARIAS.",comercio_mayorista,FALSE,EL ORO,4,117024.29,88457.99,28566.29999999999,93771,8502.1,6631.64,2024
38587,LUMASESA S.A.,A0127,A0127.02 - CULTIVO DE CACAO.,cultivo_fruticola,FALSE,GUAYAS,4,116824.28,16134.71,100689.57,484061.08,935.27,935.27,2024
703532,COMPAÑIA DE COMERCIO FRESHDITT FRESH DIRECT S.A.,A0125,A0125.03 - PRODUCCIÓN DE SEMILLAS DE FRUTAS.,cultivo_fruticola,FALSE,GUAYAS,3,116525.45,28731.84,87793.61,569829.42,0,25743.63,2024
731631,MCM-EXPORT S.A.,G4630,G4630.32 - VENTA AL POR MAYOR DE CAMARÓN Y LANGOSTINOS.,comercio_mayorista,FALSE,GUAYAS,4,116520.56,50984.3,65536.26,2031785.21,0,200844.4,2024
308697,BIOTEK-EC SA COMERCIALIZADORA BIOTEK-EC S.A.,G4620,"G4620.14 - VENTA AL POR MAYOR DE DESECHOS, RESIDUOS Y PRODUCTOS DERIVADOS USADOS PARA ALIMENTAR ANIMALES (FORRAJE), INCLUYE MATERIAS PRIMAS AGRARIAS.",comercio_mayorista,FALSE,GUAYAS,3,116350.83,32756.63,83594.2,351296.78,12010.1,9007.58,2024
756331,EXPORMIA BANANAS S.A.,G4630,G4630.11 - VENTA AL POR MAYOR DE BANANO Y PLÁTANO.,comercio_mayorista,FALSE,EL ORO,4,116046.96,24513.51,91533.45000000001,609172.65,0,23713.51,2024
301033,INVERMUDRO S.A.,A0126,A0126.01 - CULTIVO DE PALMAS DE ACEITE (PALMA AFRICANA).,cultivo_fruticola,FALSE,GUAYAS,4,115942.5,34258.11,81684.39,57745.55,1817.37,1417.55,2024
319838,NBR FRUIT COMPANY S.A.S.,A0125,"A0125.09 - OTROS CULTIVOS DE FRUTOS DE ÁRBOLES Y ARBUSTOS: PITAHAYA, TUNA, ALGARROBA, TAXOS, ETCÉTERA.",cultivo_fruticola,TRUE,GUAYAS,1,115166.62,-349214.41,464381.02999999997,176860.89,-95952.51,-95952.51,2024
733106,FRU & GAR CIA.LTDA.,G4630,"G4630.12 - VENTA AL POR MAYOR DE FRUTAS, LEGUMBRES Y HORTALIZAS.",comercio_mayorista,FALSE,PICHINCHA,10,115123,37724.96,77398.04000000001,694680.49,417.44,309.4,2024
335497,GAMBERMAR C.A.,G4630,G4630.32 - VENTA AL POR MAYOR DE CAMARÓN Y LANGOSTINOS.,comercio_mayorista,FALSE,GUAYAS,11,114761.33,33669.64,81091.69,218075.82,15000,15000,2024
726876,SPORA C.L.,G4620,G4620.19 - VENTA AL POR MAYOR DE OTRAS MATERIAS PRIMAS AGROPECUARIAS.,comercio_mayorista,FALSE,GUAYAS,2,114431.22,48974.13,65457.090000000004,241180.09,2699.96,-921.16,2024
735978,PROTEINAS&COMPANY S.A.S.,G4630,G4630.31 - VENTA AL POR MAYOR DE CARNE Y PRODUCTOS CÁRNICOS (INCLUIDAS LAS AVES DE CORRAL).,comercio_mayorista,FALSE,GUAYAS,5,114106.75,56447.65,57659.1,535684.06,21862.53,17052.77,2024
361134,CENTRO DE ACOPIO DESOF S.A.S.,G4630,"G4630.14 - VENTA AL POR MAYOR DE CAFÉ, CACAO, TE Y ESPECIAS.",comercio_mayorista,FALSE,PICHINCHA,5,113714.59,42043.99,71670.6,1166938.8,32297.51,12043.99,2024
38822,LUCKYFRUIT S.A.,A0122,"A0122.09 - OTROS CULTIVOS DE FRUTAS TROPICALES Y SUBTROPICALES: PAPAYAS, BABACOS, CHAMBUROS, AGUACATES, HIGOS, ARAZÁ, GUAYABAS, GUANÁBANA, GUABA, CHIRIMOYA, NARANJILLAS, ZAPOTES, BOROJÓ, TAMARINDO, GRANADILLAS, DÁTILES, ETCÉTERA.",cultivo_fruticola,TRUE,GUAYAS,4,113703.23,69620.35,44082.87999999999,47680.62,-30114.16,-23489.1,2024
128444,LISENAR S.A.,A0125,"A0125.09 - OTROS CULTIVOS DE FRUTOS DE ÁRBOLES Y ARBUSTOS: PITAHAYA, TUNA, ALGARROBA, TAXOS, ETCÉTERA.",cultivo_fruticola,TRUE,GUAYAS,4,113160.38,800,112360.38,0.03,0,0,2024
365810,PESCABUENA S.A.S.,G4630,"G4630.33 - VENTA AL POR MAYOR DE PESCADO, CRUSTÁCEOS, MOLUSCOS Y PRODUCTOS DE LA PESCA.",comercio_mayorista,FALSE,MANABI,3,112986.43,1962.92,111023.51,324900.53,0,962.92,2024
735334,BANADMR CIA.LTDA.,A0122,A0122.01 - CULTIVO DE BANANOS Y PLÁTANOS.,cultivo_fruticola,FALSE,EL ORO,4,112978.56,-164021.44,277000,359280.06,-164821.44,-164821.44,2024
359492,PRIMAFRUTA S.A.S.,G4630,G4630.11 - VENTA AL POR MAYOR DE BANANO Y PLÁTANO.,comercio_mayorista,FALSE,GUAYAS,1,112817.83,3153.02,109664.81,923.04,2760.28,1937.72,2024
757340,AGROPILA S.A.S.,A0122,A0122.01 - CULTIVO DE BANANOS Y PLÁTANOS.,cultivo_fruticola,FALSE,GUAYAS,3,112802.53,111463.35,1339.179999999993,112002.53,112002.53,110663.35,2024
703059,CFBAKE CIA.LTDA.,G4630,G4630.93 - VENTA AL POR MAYOR DE PRODUCTOS DE PANADERÍA Y REPOSTERÍA.,comercio_mayorista,FALSE,PICHINCHA,4,112700.83,16484.77,96216.06,405978.07,8916.57,6935.05,2024
365428,ARECACAO S.A.S.,G4630,"G4630.14 - VENTA AL POR MAYOR DE CAFÉ, CACAO, TE Y ESPECIAS.",comercio_mayorista,FALSE,EL ORO,2,112327.45,112327.45,0,689732.12,0,92327.45,2024
98387,PASIONVENTAS S.A.,G4630,"G4630.92 - VENTA AL POR MAYOR DE AZÚCAR, CHOCOLATE Y PRODUCTOS DE CONFITERÍA.",comercio_mayorista,FALSE,GUAYAS,5,112146.93,23295.79,88851.13999999998,158823.63,11976.93,9900.02,2024
352580,FRUTANA S.A.,G4630,G4630.11 - VENTA AL POR MAYOR DE BANANO Y PLÁTANO.,comercio_mayorista,FALSE,GUAYAS,6,111991.58,67153.15,44838.43000000001,90580,21991.22,17153.15,2024
327358,AGRISUP S.A.,A0122,A0122.01 - CULTIVO DE BANANOS Y PLÁTANOS.,cultivo_fruticola,FALSE,GUAYAS,4,111985.24,79809.38,32175.86,1394715.25,16006.39,11834.17,2024
747160,ASOBANLIT EXPORT S.A.,A0122,A0122.01 - CULTIVO DE BANANOS Y PLÁTANOS.,cultivo_fruticola,FALSE,EL ORO,4,111976.38,10792.86,101183.52,2929617.76,0,14942.53,2024
313777,DISTRIDELIMAR S.A.,G4630,"G4630.33 - VENTA AL POR MAYOR DE PESCADO, CRUSTÁCEOS, MOLUSCOS Y PRODUCTOS DE LA PESCA.",comercio_mayorista,FALSE,MANABI,5,111828.81,57755.27,54073.54,289754.16,18056.09,13463.49,2024
313171,FRIGORIFICO SAN RAFAEL FRIGOFISH CIA.LTDA.,G4630,"G4630.33 - VENTA AL POR MAYOR DE PESCADO, CRUSTÁCEOS, MOLUSCOS Y PRODUCTOS DE LA PESCA.",comercio_mayorista,FALSE,MANABI,4,111650.98,110608.29,1042.6900000000023,124269.1,43685.59,43685.59,2024
178392,COMERCIALIZADORA CODANMONG S. A.,G4630,G4630.32 - VENTA AL POR MAYOR DE CAMARÓN Y LANGOSTINOS.,comercio_mayorista,FALSE,EL ORO,4,111005.69,75203.95,35801.740000000005,189267.95,34477.4,31867.64,2024
354930,EXPORTADORA PRIMUN S.A.S.,G4630,G4630.11 - VENTA AL POR MAYOR DE BANANO Y PLÁTANO.,comercio_mayorista,FALSE,GUAYAS,3,110582.35,49963.07,60619.280000000006,746137.85,6347.29,5133.93,2024
723201,MOONSHOT S.A.,C1030,"C1030.14 - FABRICACIÓN DE PRODUCTOS ALIMENTICIOS A PARTIR DE (UN SOLO COMPONENTE) FRUTAS, LEGUMBRES Y HORTALIZAS; INCLUSO SNACKS DE PLÁTANO (CHIFLES), YUCA, FRUTAS, ETCÉTERA, EXCEPTO PAPA.",procesamiento,FALSE,PICHINCHA,7,110398.1,-81249.31,191647.41,32664.66,0,-83710.99,2024
369781,ACOPIO PARROQUIAL HG CACAO S.A.S.,G4630,"G4630.14 - VENTA AL POR MAYOR DE CAFÉ, CACAO, TE Y ESPECIAS.",comercio_mayorista,FALSE,EL ORO,2,110353.82,110353.82,0,159471.03,219707.64,109853.82,2024
351123,TIKAESSENCE S.A.S.,G4620,G4620.15 - VENTA AL POR MAYOR DE FLORES Y PLANTAS.,comercio_mayorista,FALSE,PICHINCHA,1,110330.54,-25150.1,135480.63999999998,91797.75,1479.02,537.18,2024
753267,CORPORACION CAPITAL CORPCAP S.A.S.,G4630,"G4630.95 - VENTA AL POR MAYOR DE BEBIDAS ALCOHÓLICAS, INCLUSO EL ENVASADO DE VINO A GRANEL SIN TRANSFORMACIÓN.",comercio_mayorista,FALSE,EL ORO,2,110315.42,109982.93,332.49000000000524,311897.31,-265.29,-265.29,2024
742415,LOGISTICPASS S.A.S.,G4620,G4620.15 - VENTA AL POR MAYOR DE FLORES Y PLANTAS.,comercio_mayorista,FALSE,PICHINCHA,16,110082.57,28562.68,81519.89000000001,509592,36423.79,30401.59,2024
337506,COMPANY GTSEC S.A.S.,G4630,"G4630.94 - VENTA AL POR MAYOR DE BEBIDAS NO ALCOHÓLICAS (JUGOS, GASEOSAS, AGUA MINERAL, ETCÉTERA).",comercio_mayorista,FALSE,SANTO DOMINGO DE LOS TSACHILAS,4,110061.5,21533.91,88527.59,180351.23,18737.57,18737.57,2024
103834,AGROEXPERIENCIA S.A.,A0122,A0122.01 - CULTIVO DE BANANOS Y PLÁTANOS.,cultivo_fruticola,FALSE,LOS RIOS,2,109866.97,101889.95,7977.020000000004,15982.18,1880.3,746.42,2024
739709,CIAROSSGRUP S.A.,G4620,G4620.11 - VENTA AL POR MAYOR DE CEREALES (GRANOS) Y SEMILLAS.,comercio_mayorista,FALSE,CARCHI,2,109826.6,54166.5,55660.100000000006,101734.37,0,1413.46,2024
176242,AGROINDUSTRIAL MONTERREY AGROINDUREY S.A.,A0126,A0126.01 - CULTIVO DE PALMAS DE ACEITE (PALMA AFRICANA).,cultivo_fruticola,FALSE,ESMERALDAS,4,109737.12,109737.12,0,0.11,-29706.9,-29706.9,2024
358500,DISPEQ S.A.S.,G4630,"G4630.33 - VENTA AL POR MAYOR DE PESCADO, CRUSTÁCEOS, MOLUSCOS Y PRODUCTOS DE LA PESCA.",comercio_mayorista,FALSE,AZUAY,4,109584.86,6339.3,103245.56,416268.43,5789.94,5339.3,2024
717016,PALMERAS DEL PACÍFICO AGROPACIFICPALM CIA.LTDA.,G4630,G4630.23 - VENTA AL POR MAYOR DE ACEITES Y GRASAS COMESTIBLES DE ORIGEN ANIMAL O VEGETAL.,comercio_mayorista,FALSE,PICHINCHA,4,109573.05,36429.94,73143.11,254376.33,14799.69,11249.26,2024
738328,SANSUA S.A.,G4630,G4630.11 - VENTA AL POR MAYOR DE BANANO Y PLÁTANO.,comercio_mayorista,FALSE,GUAYAS,1,109407.36,64737.16,44670.2,752482.03,0,50425.94,2024
360658,BLESMOR S.A.S.,G4630,G4630.91 - VENTA AL POR MAYOR DE ARROZ.,comercio_mayorista,FALSE,GUAYAS,2,109161.32,19074.97,90086.35,717660.2,23429.45,18274.97,2024
359889,VALERITO ENRIQUEZ S.A.S.,A0127,A0127.02 - CULTIVO DE CACAO.,cultivo_fruticola,FALSE,COTOPAXI,2,108704.73,86764.73,21940,135219.5,86564.73,86564.73,2024
119323,TRADEFLORAL S.A.,G4620,G4620.15 - VENTA AL POR MAYOR DE FLORES Y PLANTAS.,comercio_mayorista,FALSE,GUAYAS,4,108404.9,58181.04,50223.85999999999,853.82,175.93,75.4,2024
318956,SALDA S.A.,G4630,"G4630.12 - VENTA AL POR MAYOR DE FRUTAS, LEGUMBRES Y HORTALIZAS.",comercio_mayorista,FALSE,GUAYAS,4,108060.09,455.09,107605,4691.67,0,-1057.47,2024
744492,INDUSTRIA DE ALIMENTOS MONTES IAM S.A.S.,C1030,"C1030.16 - ELABORACIÓN DE COMPOTAS, MERMELADAS Y JALEAS, PURÉS Y OTRAS CONFITURAS DE FRUTAS O FRUTOS SECOS.",procesamiento,FALSE,PICHINCHA,5,108004.32,22725.33,85278.99,320763.95,3676.9,2063.24,2024
701455,FERTILISUR S.A.,G4620,"G4620.14 - VENTA AL POR MAYOR DE DESECHOS, RESIDUOS Y PRODUCTOS DERIVADOS USADOS PARA ALIMENTAR ANIMALES (FORRAJE), INCLUYE MATERIAS PRIMAS AGRARIAS.",comercio_mayorista,FALSE,EL ORO,4,107624.2,48497.79,59126.409999999996,6500,0,27.02,2024
361963,KINGFISH EXPORT S.A.,G4630,"G4630.33 - VENTA AL POR MAYOR DE PESCADO, CRUSTÁCEOS, MOLUSCOS Y PRODUCTOS DE LA PESCA.",comercio_mayorista,FALSE,GUAYAS,2,107407.85,-23740.18,131148.03,1421169.14,-24540.18,-24540.18,2024
39533,JULIO PESANTEZ C. LTDA.,G4630,"G4630.95 - VENTA AL POR MAYOR DE BEBIDAS ALCOHÓLICAS, INCLUSO EL ENVASADO DE VINO A GRANEL SIN TRANSFORMACIÓN.",comercio_mayorista,FALSE,EL ORO,2,107327.07,17101.89,90225.18000000001,30251.81,527.45,411.41,2024
751361,P&B ROSES S.A.,G4620,G4620.15 - VENTA AL POR MAYOR DE FLORES Y PLANTAS.,comercio_mayorista,FALSE,COTOPAXI,21,107254.32,4483.99,102770.33,63093.79,641.91,479.98,2024
301254,DISTRIBUIDORA DEL LLANO KUS CIA.LTDA.,G4630,G4630.31 - VENTA AL POR MAYOR DE CARNE Y PRODUCTOS CÁRNICOS (INCLUIDAS LAS AVES DE CORRAL).,comercio_mayorista,FALSE,PICHINCHA,4,107180.17,28945.12,78235.05,864749.35,4979.45,3883.97,2024
745641,GESTORA DE PRODUCTOS ALIMENTICIOS GESPRALSA S.A.,G4620,"G4620.14 - VENTA AL POR MAYOR DE DESECHOS, RESIDUOS Y PRODUCTOS DERIVADOS USADOS PARA ALIMENTAR ANIMALES (FORRAJE), INCLUYE MATERIAS PRIMAS AGRARIAS.",comercio_mayorista,FALSE,GUAYAS,7,107030.63,67095.09,39935.54000000001,318135.88,27552.13,21490.66,2024
735139,DOSVAQUITAS S.A.S.,A0122,"A0122.09 - OTROS CULTIVOS DE FRUTAS TROPICALES Y SUBTROPICALES: PAPAYAS, BABACOS, CHAMBUROS, AGUACATES, HIGOS, ARAZÁ, GUAYABAS, GUANÁBANA, GUABA, CHIRIMOYA, NARANJILLAS, ZAPOTES, BOROJÓ, TAMARINDO, GRANADILLAS, DÁTILES, ETCÉTERA.",cultivo_fruticola,TRUE,SANTA ELENA,5,106792.01,86792.01,20000,36150.46,0,3650.6,2024
730099,LIOFILIZANDES C.A.,C1030,"C1030.12 - CONSERVACIÓN DE FRUTAS, PULPA DE FRUTAS, LEGUMBRES Y HORTALIZAS MEDIANTE EL CONGELADO, SECADO, DESHIDRATADO, INMERSIÓN EN ACEITE O VINAGRE, ENLATADO, ETCÉTERA.",procesamiento,FALSE,PICHINCHA,11,106377.83,10904.31,95473.52,218320.36,1411.61,949.77,2024
707671,PROCOMALIM PRODUCTORA Y COMERCIALIZADORA DE PRODUCTOS ALIMENTICIOS DEL ECUADOR S.A.,C1030,"C1030.15 - ELABORACIÓN DE JUGOS (ZUMOS), NÉCTARES, CONCENTRADOS DE FRUTA FRESCA Y HORTALIZAS.",procesamiento,FALSE,GUAYAS,3,106200.13,88601.12,17599.01000000001,236389.18,12037.72,14162.02,2024
735469,GGFRUIT S.A.S.,G4630,"G4630.12 - VENTA AL POR MAYOR DE FRUTAS, LEGUMBRES Y HORTALIZAS.",comercio_mayorista,FALSE,PICHINCHA,2,105729.84,70001.59,35728.25,955067.6,0,1545.34,2024
727360,TEAM4 TRADING S.A.,G4630,"G4630.14 - VENTA AL POR MAYOR DE CAFÉ, CACAO, TE Y ESPECIAS.",comercio_mayorista,FALSE,GUAYAS,3,105709.28,105443.97,265.3099999999977,19490.81,871.59,1025.4,2024
369563,COSTERA DEL PACIFICO COSDELPA S.A.S.,G4630,"G4630.33 - VENTA AL POR MAYOR DE PESCADO, CRUSTÁCEOS, MOLUSCOS Y PRODUCTOS DE LA PESCA.",comercio_mayorista,FALSE,MANABI,4,105490.48,389.19,105101.29,550,0,89.19,2024
750459,NUTRIMASCOTAS S.A.,G4630,G4630.97 - VENTA AL POR MAYOR DE ALIMENTO PARA MASCOTAS (ANIMALES DOMÉSTICOS).,comercio_mayorista,FALSE,GUAYAS,4,105040.65,-13603.98,118644.62999999999,224903.89,3592.84,294.17,2024
724944,PAKARINAFLOWERS & FRUITS CIA.LTDA.,G4620,G4620.15 - VENTA AL POR MAYOR DE FLORES Y PLANTAS.,comercio_mayorista,FALSE,PICHINCHA,3,105020.29,57254.1,47766.189999999995,135422.33,5108.29,3440.9,2024
63824,AGRIJOESA S. A.,A0122,A0122.04 - CULTIVO DE PIÑAS.,cultivo_fruticola,FALSE,GUAYAS,21,104861.96,97677.25,7184.710000000006,184712,6585.25,4586.15,2024
365627,AGRICOLA BANALAB S.A.S.,A0122,A0122.01 - CULTIVO DE BANANOS Y PLÁTANOS.,cultivo_fruticola,FALSE,EL ORO,5,104237.72,41161.21,63076.51,263278.56,46339.37,36161.21,2024
316684,ECUAFENIX S.A.,A0125,"A0125.01 - CULTIVO DE BAYAS GROSELLAS, GROSELLAS ESPINOSAS, KIWIS, FRAMBUESAS, FRESAS (FRUTILLAS), MORAS, MORTIÑOS (ARÁNDANOS), UVILLA Y OTRAS BAYAS.",cultivo_fruticola,TRUE,PICHINCHA,4,104201.9,73675.72,30526.179999999993,302255.21,16441.91,12824.68,2024
323529,MANAFINCA S.A.S.,A0125,"A0125.09 - OTROS CULTIVOS DE FRUTOS DE ÁRBOLES Y ARBUSTOS: PITAHAYA, TUNA, ALGARROBA, TAXOS, ETCÉTERA.",cultivo_fruticola,TRUE,MANABI,4,104165.38,97293.66,6871.720000000001,119135.28,0,11551.47,2024
126922,JOTAMELOS S.A.,A0127,A0127.02 - CULTIVO DE CACAO.,cultivo_fruticola,FALSE,GUAYAS,4,103610.57,103610.57,0,482852.91,18718.02,18718.02,2024
316343,DAWA FRUITS S.A.,G4630,"G4630.12 - VENTA AL POR MAYOR DE FRUTAS, LEGUMBRES Y HORTALIZAS.",comercio_mayorista,FALSE,GUAYAS,2,103539.73,75304.46,28235.26999999999,157776.65,762.82,572.11,2024
345895,ISACORP S.A.S.,G4630,G4630.31 - VENTA AL POR MAYOR DE CARNE Y PRODUCTOS CÁRNICOS (INCLUIDAS LAS AVES DE CORRAL).,comercio_mayorista,FALSE,GUAYAS,5,102688.4,49427.2,53261.2,1224891.46,-73.8,-73.8,2024
757611,ALCOHOLERA DEL PACIFICO ALCOPACIF S.A.,G4630,"G4630.95 - VENTA AL POR MAYOR DE BEBIDAS ALCOHÓLICAS, INCLUSO EL ENVASADO DE VINO A GRANEL SIN TRANSFORMACIÓN.",comercio_mayorista,FALSE,GUAYAS,1,102629.66,7863.41,94766.25,56550.63,2645.4,2063.41,2024
353455,PITAIA TORRES & ORTIZ COMPANY PT&OC S.A.S.,A0125,"A0125.09 - OTROS CULTIVOS DE FRUTOS DE ÁRBOLES Y ARBUSTOS: PITAHAYA, TUNA, ALGARROBA, TAXOS, ETCÉTERA.",cultivo_fruticola,TRUE,PICHINCHA,4,102362.74,19359.96,83002.78,528659.69,0,17039.29,2024
362219,FISHING COMPANY JUANE EXPORT SOCIEDAD POR ACCIONES SIMPLIFICADA,G4630,"G4630.33 - VENTA AL POR MAYOR DE PESCADO, CRUSTÁCEOS, MOLUSCOS Y PRODUCTOS DE LA PESCA.",comercio_mayorista,FALSE,GUAYAS,9,102000,52000,50000,1765237.67,-79259.87,0,2024
367839,COCOAFISH FRESH EXPORT COMPANY S.A.S.,A0127,A0127.02 - CULTIVO DE CACAO.,cultivo_fruticola,FALSE,ESMERALDAS,7,102000,52000,50000,1765237.67,-79259.87,0,2024
732105,HELLO-FOODS S.A.S.,G4630,"G4630.92 - VENTA AL POR MAYOR DE AZÚCAR, CHOCOLATE Y PRODUCTOS DE CONFITERÍA.",comercio_mayorista,FALSE,PICHINCHA,2,101995.18,33559.14,68436.04,103718.49,2978.94,1515.34,2024
126496,LIQUIDMAX S.A.,G4630,"G4630.94 - VENTA AL POR MAYOR DE BEBIDAS NO ALCOHÓLICAS (JUGOS, GASEOSAS, AGUA MINERAL, ETCÉTERA).",comercio_mayorista,FALSE,GUAYAS,4,101990.28,1916.51,100073.77,21381,1116.51,1116.51,2024
369175,SAGUCON S.A.S.,G4630,"G4630.21 - VENTA AL POR MAYOR DE PRODUCTOS LÁCTEOS, INCLUIDO HELADOS, BOLOS, ETCÉTERA.",comercio_mayorista,FALSE,LOJA,2,101433.84,11755.43,89678.41,107450.98,2250.55,1755.43,2024
317985,INTERBANAN&ECUADOR S.A.,G4630,G4630.11 - VENTA AL POR MAYOR DE BANANO Y PLÁTANO.,comercio_mayorista,FALSE,GUAYAS,8,101280.41,9571.23,91709.18000000001,859258.41,760.34,617.09,2024
80092,MERCAMUNDO S.A.,G4630,G4630.91 - VENTA AL POR MAYOR DE ARROZ.,comercio_mayorista,FALSE,GUAYAS,2,100932.67,31633.53,69299.14,3959.25,0,0,2024
171547,ORVILACA S.A.,G4630,G4630.99 - VENTA AL POR MAYOR DE OTROS PRODUCTOS COMESTIBLES (ENLATADOS Y CONSERVAS).,comercio_mayorista,FALSE,GUAYAS,4,100573.91,100567.18,6.730000000010477,2213,26.92,20.19,2024
365410,RANCHO LAVICTORIA PRODUCTORA Y COMERCIALIZADORA S.A.S.,A0122,"A0122.09 - OTROS CULTIVOS DE FRUTAS TROPICALES Y SUBTROPICALES: PAPAYAS, BABACOS, CHAMBUROS, AGUACATES, HIGOS, ARAZÁ, GUAYABAS, GUANÁBANA, GUABA, CHIRIMOYA, NARANJILLAS, ZAPOTES, BOROJÓ, TAMARINDO, GRANADILLAS, DÁTILES, ETCÉTERA.",cultivo_fruticola,TRUE,MANABI,3,100232.51,98534.75,1697.7599999999948,189795.94,99732.71,98034.75,2024
358142,INVEGRER S.A.S.,G4630,"G4630.14 - VENTA AL POR MAYOR DE CAFÉ, CACAO, TE Y ESPECIAS.",comercio_mayorista,FALSE,SANTO DOMINGO DE LOS TSACHILAS,4,100000.43,100000.34,0.08999999999650754,0.43,0.43,0.34,2024
349293,DISTRIFRUVER ORMASA S.A.,G4630,"G4630.12 - VENTA AL POR MAYOR DE FRUTAS, LEGUMBRES Y HORTALIZAS.",comercio_mayorista,FALSE,GUAYAS,3,99589.93,15800,83789.93,1298012,51444.46,51444.46,2024
757365,LA LUCIANA GUILUCIAN S.A.,A0122,"A0122.09 - OTROS CULTIVOS DE FRUTAS TROPICALES Y SUBTROPICALES: PAPAYAS, BABACOS, CHAMBUROS, AGUACATES, HIGOS, ARAZÁ, GUAYABAS, GUANÁBANA, GUABA, CHIRIMOYA, NARANJILLAS, ZAPOTES, BOROJÓ, TAMARINDO, GRANADILLAS, DÁTILES, ETCÉTERA.",cultivo_fruticola,TRUE,MANABI,4,99494.51,59619.56,39874.95,39901.07,-329.44,-329.44,2024
321501,NATIVADAULAR S.A.S.,A0125,"A0125.09 - OTROS CULTIVOS DE FRUTOS DE ÁRBOLES Y ARBUSTOS: PITAHAYA, TUNA, ALGARROBA, TAXOS, ETCÉTERA.",cultivo_fruticola,TRUE,GUAYAS,1,99298.86,1110.14,98188.72,5908.7,141.2,110.14,2024
338209,COMERCIALIZADORA DE LARVAS DICAMAR S.A.S.,G4630,"G4630.33 - VENTA AL POR MAYOR DE PESCADO, CRUSTÁCEOS, MOLUSCOS Y PRODUCTOS DE LA PESCA.",comercio_mayorista,FALSE,EL ORO,4,99270.1,4479.61,94790.49,14579.89,53.63,41.83,2024
746711,GLOBALPLUS S.A.S.,G4630,G4630.99 - VENTA AL POR MAYOR DE OTROS PRODUCTOS COMESTIBLES (ENLATADOS Y CONSERVAS).,comercio_mayorista,FALSE,PICHINCHA,5,98989.25,-63838.33,162827.58000000002,36915.99,-28332.32,-14166.16,2024
326669,COSECHADELSUR S.A.S.,C1030,"C1030.16 - ELABORACIÓN DE COMPOTAS, MERMELADAS Y JALEAS, PURÉS Y OTRAS CONFITURAS DE FRUTAS O FRUTOS SECOS.",procesamiento,FALSE,AZUAY,4,98987.89,23158.77,75829.12,105018.7,21617.81,21617.81,2024
304951,EXPORTADORA BANANERA Y FRUTAS TROPICALES '' JAVIER GUERRERO VANEGAS'' ''EXBANFRUT'' S.A.,A0122,A0122.01 - CULTIVO DE BANANOS Y PLÁTANOS.,cultivo_fruticola,FALSE,EL ORO,4,98766.63,27688.12,71078.51000000001,667278,0,7469.88,2024
39631,AGROCHOTE S.A.,G4630,G4630.91 - VENTA AL POR MAYOR DE ARROZ.,comercio_mayorista,FALSE,GUAYAS,5,98332.59,31164.69,67167.9,470491.83,19015.14,14831.81,2024
307004,PRODUCTORA AGROECOLOGICA ALPACHACA MUYUVERDE CIA.LTDA.,C1030,"C1030.14 - FABRICACIÓN DE PRODUCTOS ALIMENTICIOS A PARTIR DE (UN SOLO COMPONENTE) FRUTAS, LEGUMBRES Y HORTALIZAS; INCLUSO SNACKS DE PLÁTANO (CHIFLES), YUCA, FRUTAS, ETCÉTERA, EXCEPTO PAPA.",procesamiento,FALSE,PICHINCHA,3,98211.9,50922.25,47289.649999999994,241710.34,10449.3,10449.3,2024
707860,MASTER-FEED S.A.,G4620,"G4620.14 - VENTA AL POR MAYOR DE DESECHOS, RESIDUOS Y PRODUCTOS DERIVADOS USADOS PARA ALIMENTAR ANIMALES (FORRAJE), INCLUYE MATERIAS PRIMAS AGRARIAS.",comercio_mayorista,FALSE,GUAYAS,3,98182.14,27569.14,70613,214836,15848.59,15848.59,2024
753843,HERNOTZCOM CIA.LTDA.,A0122,"A0122.09 - OTROS CULTIVOS DE FRUTAS TROPICALES Y SUBTROPICALES: PAPAYAS, BABACOS, CHAMBUROS, AGUACATES, HIGOS, ARAZÁ, GUAYABAS, GUANÁBANA, GUABA, CHIRIMOYA, NARANJILLAS, ZAPOTES, BOROJÓ, TAMARINDO, GRANADILLAS, DÁTILES, ETCÉTERA.",cultivo_fruticola,TRUE,MORONA SANTIAGO,2,97709.97,36378.95,61331.020000000004,102500.83,34441.5,33420,2024
134204,INPROALEC S.A.,G4630,"G4630.92 - VENTA AL POR MAYOR DE AZÚCAR, CHOCOLATE Y PRODUCTOS DE CONFITERÍA.",comercio_mayorista,FALSE,GUAYAS,6,97235.15,64962.4,32272.749999999993,206956.94,-3896.88,-3896.88,2024
316123,COFFEEXCHANGE S.A.,G4630,"G4630.14 - VENTA AL POR MAYOR DE CAFÉ, CACAO, TE Y ESPECIAS.",comercio_mayorista,FALSE,PICHINCHA,2,97063.89,4215.59,92848.3,64025.29,717.72,559.82,2024
112166,RUDELAR S.A.,G4630,G4630.11 - VENTA AL POR MAYOR DE BANANO Y PLÁTANO.,comercio_mayorista,FALSE,SANTA ELENA,5,96676.22,932.94,95743.28,25200,87.81,68.49,2024
140934,PIGMALION S.A.,A0122,"A0122.09 - OTROS CULTIVOS DE FRUTAS TROPICALES Y SUBTROPICALES: PAPAYAS, BABACOS, CHAMBUROS, AGUACATES, HIGOS, ARAZÁ, GUAYABAS, GUANÁBANA, GUABA, CHIRIMOYA, NARANJILLAS, ZAPOTES, BOROJÓ, TAMARINDO, GRANADILLAS, DÁTILES, ETCÉTERA.",cultivo_fruticola,TRUE,GUAYAS,4,96323.28,26081.85,70241.43,23160,2021.81,1313.39,2024
359838,MONTBLACK S.A.S.,G4630,G4630.31 - VENTA AL POR MAYOR DE CARNE Y PRODUCTOS CÁRNICOS (INCLUIDAS LAS AVES DE CORRAL).,comercio_mayorista,FALSE,GUAYAS,4,96048.67,33206.88,62841.79,97053.5,28206.88,28206.88,2024
360872,CRESPO-QUIMÍ CORP S.A.,G4630,G4630.32 - VENTA AL POR MAYOR DE CAMARÓN Y LANGOSTINOS.,comercio_mayorista,FALSE,EL ORO,4,95971.85,26002.26,69969.59000000001,476554.34,0,12697.57,2024
734058,BANANERA MARÍA FERNANDA BANAFER S.A.,A0122,A0122.01 - CULTIVO DE BANANOS Y PLÁTANOS.,cultivo_fruticola,FALSE,EL ORO,4,95971.85,26002.26,69969.59000000001,476554.34,0,12697.57,2024
728567,EXPORTADORA IMPORTADORA COMERCIALIZADORA AGUILAR & BARZOLA ECOMCAB S.A.,G4630,G4630.32 - VENTA AL POR MAYOR DE CAMARÓN Y LANGOSTINOS.,comercio_mayorista,FALSE,GUAYAS,4,95554.74,16818.55,78736.19,241255.36,181.96,141.93,2024
707391,COMERCIALIZADORA AGRICOLA SIERRAORGANICS S.A.,G4620,G4620.11 - VENTA AL POR MAYOR DE CEREALES (GRANOS) Y SEMILLAS.,comercio_mayorista,FALSE,PICHINCHA,2,95059.55,76857.05,18202.5,315187.12,28707.16,21439.51,2024
344507,AGRORUAR S.A.S. B.I.C.,G4620,G4620.19 - VENTA AL POR MAYOR DE OTRAS MATERIAS PRIMAS AGROPECUARIAS.,comercio_mayorista,FALSE,GUAYAS,2,94999.43,37095.22,57904.20999999999,125428.7,10318.12,8040.15,2024
750901,AGRO-VILLVA S.A.,G4620,G4620.11 - VENTA AL POR MAYOR DE CEREALES (GRANOS) Y SEMILLAS.,comercio_mayorista,FALSE,GUAYAS,3,94885.44,30490.35,64395.090000000004,609369.2,30038.68,23430.17,2024
750758,ACUAWEIR S.A.,G4620,G4620.19 - VENTA AL POR MAYOR DE OTRAS MATERIAS PRIMAS AGROPECUARIAS.,comercio_mayorista,FALSE,GUAYAS,5,94863.8,8515.43,86348.37,245650,5434.25,4238.71,2024
320338,ECUADOR ORGÁNICO ORG-EC C.L.,G4630,"G4630.14 - VENTA AL POR MAYOR DE CAFÉ, CACAO, TE Y ESPECIAS.",comercio_mayorista,FALSE,GUAYAS,2,94773.13,11211.48,83561.65000000001,11952.1,1897.78,1469.58,2024
329073,BRAINARD ENTERPRISES S.A.S.,G4620,G4620.11 - VENTA AL POR MAYOR DE CEREALES (GRANOS) Y SEMILLAS.,comercio_mayorista,FALSE,SANTO DOMINGO DE LOS TSACHILAS,2,94763.49,85575.74,9187.75,96332.75,0,43001.72,2024
348890,FISHMARIN S.A.S.,G4630,"G4630.33 - VENTA AL POR MAYOR DE PESCADO, CRUSTÁCEOS, MOLUSCOS Y PRODUCTOS DE LA PESCA.",comercio_mayorista,FALSE,GUAYAS,4,94444.78,1915.64,92529.14,43286.5,1726.61,1433.74,2024
329510,GARDEN WORKSHOP S.A.S.,G4620,G4620.15 - VENTA AL POR MAYOR DE FLORES Y PLANTAS.,comercio_mayorista,FALSE,GUAYAS,2,94388.95,-27486.23,121875.18,308280.67,-10997.21,-10997.21,2024
323483,RAINFOREST GOURMET RAINFORESTGOURMET S.A.,A0122,A0122.01 - CULTIVO DE BANANOS Y PLÁTANOS.,cultivo_fruticola,FALSE,MANABI,2,94321.89,79868.44,14453.449999999997,117689.3,7115.49,5550.08,2024
740736,SILOMIXFARDO S.A.S.,G4620,G4620.19 - VENTA AL POR MAYOR DE OTRAS MATERIAS PRIMAS AGROPECUARIAS.,comercio_mayorista,FALSE,PICHINCHA,5,94165.84,12569.8,81596.04,286637.1,4343.78,4343.78,2024
29238,IMPORTACIONES Y SERVICIOS GENERALES CIA. LTDA. (IMSERGE),G4630,G4630.91 - VENTA AL POR MAYOR DE ARROZ.,comercio_mayorista,FALSE,GUAYAS,5,94139.98,2160.94,91979.04,334918.99,1249.22,974.4,2024
167734,FLORISAM CIA. LTDA.,G4620,G4620.15 - VENTA AL POR MAYOR DE FLORES Y PLANTAS.,comercio_mayorista,FALSE,PICHINCHA,4,93961.04,15042.47,78918.56999999999,27628.21,0,640.93,2024
354477,GLOBAL MART GLOMASA S.A.,G4630,G4630.11 - VENTA AL POR MAYOR DE BANANO Y PLÁTANO.,comercio_mayorista,FALSE,MANABI,2,93950.52,38704.88,55245.64000000001,396151.31,1416.24,877.66,2024
732795,ECUAGRO-EC S.A.S.,A0122,"A0122.09 - OTROS CULTIVOS DE FRUTAS TROPICALES Y SUBTROPICALES: PAPAYAS, BABACOS, CHAMBUROS, AGUACATES, HIGOS, ARAZÁ, GUAYABAS, GUANÁBANA, GUABA, CHIRIMOYA, NARANJILLAS, ZAPOTES, BOROJÓ, TAMARINDO, GRANADILLAS, DÁTILES, ETCÉTERA.",cultivo_fruticola,TRUE,PICHINCHA,2,93950.12,31589.51,62360.61,112925.73,32118.77,31189.51,2024
37170,MERCANTIL TORRESCO CIA. LTDA.,G4630,"G4630.12 - VENTA AL POR MAYOR DE FRUTAS, LEGUMBRES Y HORTALIZAS.",comercio_mayorista,FALSE,TUNGURAHUA,3,93907.53,93907.53,0,29284.05,16488.9,12861.34,2024
750992,FULL HITEA S.A.S.,G4630,"G4630.14 - VENTA AL POR MAYOR DE CAFÉ, CACAO, TE Y ESPECIAS.",comercio_mayorista,FALSE,AZUAY,4,93688.34,48381.23,45307.10999999999,111406.07,0,54411.57,2024
140857,ALBEAGRO S.A.,G4630,G4630.99 - VENTA AL POR MAYOR DE OTROS PRODUCTOS COMESTIBLES (ENLATADOS Y CONSERVAS).,comercio_mayorista,FALSE,GUAYAS,4,93434.4,54430.14,39004.259999999995,167443.23,4368.29,3407.27,2024
717797,AGROROOTS CIA.LTDA.,C1030,"C1030.12 - CONSERVACIÓN DE FRUTAS, PULPA DE FRUTAS, LEGUMBRES Y HORTALIZAS MEDIANTE EL CONGELADO, SECADO, DESHIDRATADO, INMERSIÓN EN ACEITE O VINAGRE, ENLATADO, ETCÉTERA.",procesamiento,FALSE,PICHINCHA,2,93379.08,9619.77,83759.31,11780.33,0,-231.17,2024
165837,COMERCIALIZADORA CODISNA CIA. LTDA.,G4630,"G4630.95 - VENTA AL POR MAYOR DE BEBIDAS ALCOHÓLICAS, INCLUSO EL ENVASADO DE VINO A GRANEL SIN TRANSFORMACIÓN.",comercio_mayorista,FALSE,PICHINCHA,5,92889.62,-101129.32,194018.94,220384.65,-45056.59,-49111.8,2024
370354,PESQUERA LAPAZMIN S.A.S.,G4630,"G4630.33 - VENTA AL POR MAYOR DE PESCADO, CRUSTÁCEOS, MOLUSCOS Y PRODUCTOS DE LA PESCA.",comercio_mayorista,FALSE,MANABI,4,92882.51,1309.49,91573.01999999999,92082.51,0,509.49,2024
325583,DISCOVER-ECUADOR S.A.S.,G4620,G4620.15 - VENTA AL POR MAYOR DE FLORES Y PLANTAS.,comercio_mayorista,FALSE,PICHINCHA,5,92639.04,17589.04,75050,99806.39,-6565.36,-3282.68,2024
305982,EXPORTADORA E IMPORTADORA TORRES&GARZON S.A.,G4630,"G4630.33 - VENTA AL POR MAYOR DE PESCADO, CRUSTÁCEOS, MOLUSCOS Y PRODUCTOS DE LA PESCA.",comercio_mayorista,FALSE,PICHINCHA,2,92242.21,47910.24,44331.97000000001,16204.07,5352.35,4157.46,2024
746092,FRUTAS DEL EQUINOCCIO S.A.,C1030,"C1030.12 - CONSERVACIÓN DE FRUTAS, PULPA DE FRUTAS, LEGUMBRES Y HORTALIZAS MEDIANTE EL CONGELADO, SECADO, DESHIDRATADO, INMERSIÓN EN ACEITE O VINAGRE, ENLATADO, ETCÉTERA.",procesamiento,FALSE,PICHINCHA,1,91777.55,-15655.25,107432.8,1586.09,0,-2315.86,2024
355715,AGRORIOS S.A.S.,G4620,G4620.11 - VENTA AL POR MAYOR DE CEREALES (GRANOS) Y SEMILLAS.,comercio_mayorista,FALSE,LOS RIOS,6,91516.62,64858.58,26658.039999999994,183090.15,2676.62,2037.95,2024
723339,AGROASVIG S.A.,A0122,A0122.01 - CULTIVO DE BANANOS Y PLÁTANOS.,cultivo_fruticola,FALSE,GUAYAS,4,91272.81,91138.28,134.52999999999884,352887.11,0,78739.09,2024
728083,IMPORTADORES ASOCIADOS GALVAZ S.A.,G4620,G4620.11 - VENTA AL POR MAYOR DE CEREALES (GRANOS) Y SEMILLAS.,comercio_mayorista,FALSE,GUAYAS,6,91157.04,48752.39,42404.649999999994,163590,7058.93,7058.93,2024
179168,INDUSTRIA INTERNACIONAL ALIMENTCRUZ S.A.,G4630,"G4630.14 - VENTA AL POR MAYOR DE CAFÉ, CACAO, TE Y ESPECIAS.",comercio_mayorista,FALSE,PICHINCHA,3,91083.84,1589.24,89494.59999999999,21275.69,0,258.57,2024
729049,BRAVESEA CIA.LTDA.,G4630,"G4630.33 - VENTA AL POR MAYOR DE PESCADO, CRUSTÁCEOS, MOLUSCOS Y PRODUCTOS DE LA PESCA.",comercio_mayorista,FALSE,AZUAY,2,90569.48,37413.73,53155.74999999999,20867,0,3282.97,2024
41377,SERVIVENTAS SERVICIOS Y VENTAS SA,G4630,G4630.91 - VENTA AL POR MAYOR DE ARROZ.,comercio_mayorista,FALSE,GUAYAS,5,90488.05,27280.17,63207.880000000005,49875.17,0,194.46,2024
722808,IDMAS IMPORTADORA & DISTRIBUIDORA CIA.LTDA.,G4630,"G4630.92 - VENTA AL POR MAYOR DE AZÚCAR, CHOCOLATE Y PRODUCTOS DE CONFITERÍA.",comercio_mayorista,FALSE,LOJA,6,90198.73,82131.5,8067.229999999996,40,0,-18525.47,2024
146405,AGRICOLA EL TURO AGROTURO CIA. LTDA.,G4630,"G4630.12 - VENTA AL POR MAYOR DE FRUTAS, LEGUMBRES Y HORTALIZAS.",comercio_mayorista,FALSE,PICHINCHA,8,89949.79,45492.7,44457.09,143391.19,320.29,320.29,2024
359381,SIERRALIMENTOS S.A.S.,G4620,G4620.11 - VENTA AL POR MAYOR DE CEREALES (GRANOS) Y SEMILLAS.,comercio_mayorista,FALSE,COTOPAXI,2,89923.13,19276.73,70646.40000000001,378975.95,37753.46,18876.73,2024
63822,AGRISANJUSA S. A.,A0122,A0122.04 - CULTIVO DE PIÑAS.,cultivo_fruticola,FALSE,GUAYAS,20,89674.82,83118.67,6556.150000000009,149152,4865.75,3374.23,2024
745029,BOTANIKER ALCHEMIST S.A.S.,G4630,"G4630.95 - VENTA AL POR MAYOR DE BEBIDAS ALCOHÓLICAS, INCLUSO EL ENVASADO DE VINO A GRANEL SIN TRANSFORMACIÓN.",comercio_mayorista,FALSE,AZUAY,2,89452.34,12499.38,76952.95999999999,318825.85,12806.22,9969.23,2024
741293,AGROINDUSTRIA SAN JOSE AGROSJ CIA.LTDA.,A0122,"A0122.09 - OTROS CULTIVOS DE FRUTAS TROPICALES Y SUBTROPICALES: PAPAYAS, BABACOS, CHAMBUROS, AGUACATES, HIGOS, ARAZÁ, GUAYABAS, GUANÁBANA, GUABA, CHIRIMOYA, NARANJILLAS, ZAPOTES, BOROJÓ, TAMARINDO, GRANADILLAS, DÁTILES, ETCÉTERA.",cultivo_fruticola,TRUE,TUNGURAHUA,5,89089.27,51306.11,37783.16,50182.72,0,1124.05,2024
323562,HAOMEN HAICHAN HAOMENHAICHAN S.A.,G4630,G4630.32 - VENTA AL POR MAYOR DE CAMARÓN Y LANGOSTINOS.,comercio_mayorista,FALSE,GUAYAS,6,89087.22,85004.79,4082.4300000000076,307246.07,18556.48,14474.06,2024
727289,''GRUPO LOORZAMB S.A'' ''SUPERMERCADOS REH'' GRULOZAREH S.A.,G4630,G4630.31 - VENTA AL POR MAYOR DE CARNE Y PRODUCTOS CÁRNICOS (INCLUIDAS LAS AVES DE CORRAL).,comercio_mayorista,FALSE,GUAYAS,5,89078.9,14840.92,74237.98,554362.78,10415.49,8124.09,2024
744550,AGROASIT S.A.S.,A0126,A0126.01 - CULTIVO DE PALMAS DE ACEITE (PALMA AFRICANA).,cultivo_fruticola,FALSE,ESMERALDAS,11,89036.14,-211581.52,300617.66,113999.36,-103554.45,-103554.45,2024
171370,PERROS DE TRABAJO PEDEWORK CIA. LTDA.,G4620,G4620.21 - VENTA AL POR MAYOR DE ANIMALES VIVOS.,comercio_mayorista,FALSE,PICHINCHA,3,88968.69,83053.28,5915.4100000000035,236706.65,-2443.7,-2443.7,2024
755968,TROPICALBITES FOOD FACTORY S.A.S.,C1030,"C1030.14 - FABRICACIÓN DE PRODUCTOS ALIMENTICIOS A PARTIR DE (UN SOLO COMPONENTE) FRUTAS, LEGUMBRES Y HORTALIZAS; INCLUSO SNACKS DE PLÁTANO (CHIFLES), YUCA, FRUTAS, ETCÉTERA, EXCEPTO PAPA.",procesamiento,FALSE,PICHINCHA,3,88625.38,42441.87,46183.51,61880.47,913.38,404.87,2024
315725,DISTRIALMA S.A.,G4630,"G4630.92 - VENTA AL POR MAYOR DE AZÚCAR, CHOCOLATE Y PRODUCTOS DE CONFITERÍA.",comercio_mayorista,FALSE,GUAYAS,1,88366.99,46739.51,41627.48,316166.84,0,6987.31,2024
304983,COMERCIALIZADORA VINOSITALY S.A.,G4630,"G4630.95 - VENTA AL POR MAYOR DE BEBIDAS ALCOHÓLICAS, INCLUSO EL ENVASADO DE VINO A GRANEL SIN TRANSFORMACIÓN.",comercio_mayorista,FALSE,GUAYAS,2,88275.79,64585.77,23690.019999999997,12646,9987.1,8595.18,2024
740840,SINGLE ORIGINS DEL ECUADOR S.A.S.,G4630,"G4630.14 - VENTA AL POR MAYOR DE CAFÉ, CACAO, TE Y ESPECIAS.",comercio_mayorista,FALSE,GUAYAS,41,88161.68,-1039042.2,1127203.88,579003.75,-426382.55,-426382.55,2024
757443,ZAMORAOCHOA S.A.,G4630,"G4630.95 - VENTA AL POR MAYOR DE BEBIDAS ALCOHÓLICAS, INCLUSO EL ENVASADO DE VINO A GRANEL SIN TRANSFORMACIÓN.",comercio_mayorista,FALSE,LOS RIOS,1,88152.77,2993.26,85159.51000000001,69254.56,2555.46,1993.26,2024
703569,BANASANJUAN S.A.,A0122,A0122.01 - CULTIVO DE BANANOS Y PLÁTANOS.,cultivo_fruticola,FALSE,GUAYAS,26,88146.01,63423.68,24722.329999999994,363665.31,11506.42,7811.09,2024
205063,ARABICOFFEE S.A.,G4630,"G4630.14 - VENTA AL POR MAYOR DE CAFÉ, CACAO, TE Y ESPECIAS.",comercio_mayorista,FALSE,MANABI,4,88079.18,29652.63,58426.54999999999,29432.75,212.11,212.11,2024
732657,ARAVI S.A.,G4630,G4630.11 - VENTA AL POR MAYOR DE BANANO Y PLÁTANO.,comercio_mayorista,FALSE,LOS RIOS,4,87880.53,87880.53,0,722783.42,87080.53,87080.53,2024
332727,AROMASAS S.A.S.,G4630,"G4630.14 - VENTA AL POR MAYOR DE CAFÉ, CACAO, TE Y ESPECIAS.",comercio_mayorista,FALSE,AZUAY,4,87785.34,3413.53,84371.81,9625.05,640.88,640.88,2024
752525,GOTLAND INDUSTRIES GOTIN S.A.S.,G4620,G4620.19 - VENTA AL POR MAYOR DE OTRAS MATERIAS PRIMAS AGROPECUARIAS.,comercio_mayorista,FALSE,AZUAY,1,87727.75,1089.74,86638.01,22000.02,903.51,704.74,2024
309421,IMPORTADORA SARANGO GIRON JENNYFRUIT S.A.,G4630,"G4630.12 - VENTA AL POR MAYOR DE FRUTAS, LEGUMBRES Y HORTALIZAS.",comercio_mayorista,FALSE,GUAYAS,2,87712,25853.66,61858.34,318208,0,2186.17,2024
739546,EXPORTACIONES & IMPORTACIONES FRUTIEXPORTECU CIA.LTDA.,G4630,"G4630.12 - VENTA AL POR MAYOR DE FRUTAS, LEGUMBRES Y HORTALIZAS.",comercio_mayorista,FALSE,PICHINCHA,7,87704.26,10638.47,77065.79,111329.79,1876.52,1407.39,2024
124085,WIKORS S.A.,G4620,"G4620.14 - VENTA AL POR MAYOR DE DESECHOS, RESIDUOS Y PRODUCTOS DERIVADOS USADOS PARA ALIMENTAR ANIMALES (FORRAJE), INCLUYE MATERIAS PRIMAS AGRARIAS.",comercio_mayorista,FALSE,GUAYAS,4,87397.29,681.82,86715.46999999999,82935.48,0,-954.36,2024
730626,"PRODUCTORA, COMERCIALIZADORA Y EXPORTADORA DE FRUTA ORGANICA DEL ECUADOR COPROFRUIT S.A.",A0122,A0122.01 - CULTIVO DE BANANOS Y PLÁTANOS.,cultivo_fruticola,FALSE,EL ORO,4,86481.62,45268.59,41213.03,859414.54,-18239.17,-18239.17,2024
138073,PARFATE CIA. LTDA.,G4620,G4620.15 - VENTA AL POR MAYOR DE FLORES Y PLANTAS.,comercio_mayorista,FALSE,PICHINCHA,7,86325.15,33292.98,53032.16999999999,444567.85,0,595.39,2024
735927,DISTRIBUIDORA DE CARNICOS Y MARISCOS LINEA ORIENTAL LINEAORIENTAL S.A.,G4630,"G4630.33 - VENTA AL POR MAYOR DE PESCADO, CRUSTÁCEOS, MOLUSCOS Y PRODUCTOS DE LA PESCA.",comercio_mayorista,FALSE,ORELLANA,4,86302.37,74956.68,11345.690000000002,87025,74156.68,74156.68,2024
325680,FABLUMAR S.A.S.,A0125,"A0125.09 - OTROS CULTIVOS DE FRUTOS DE ÁRBOLES Y ARBUSTOS: PITAHAYA, TUNA, ALGARROBA, TAXOS, ETCÉTERA.",cultivo_fruticola,TRUE,MANABI,4,86231.93,86231.93,0,19980,19980,19980,2024
727265,UNITEDEXPORTS S.A.,G4630,G4630.11 - VENTA AL POR MAYOR DE BANANO Y PLÁTANO.,comercio_mayorista,FALSE,GUAYAS,1,86196.06,-283879.01,370075.07,8673.64,0,-38325.37,2024
142901,YIELDSTELL S.A.,G4620,G4620.12 - VENTA AL POR MAYOR DE FRUTOS Y SEMILLAS OLEAGINOSAS.,comercio_mayorista,FALSE,GUAYAS,4,86118.35,85854.99,263.3600000000006,8768,69054.09,68846.98,2024
350900,PATITAS FELICES S.A.S.,G4630,G4630.97 - VENTA AL POR MAYOR DE ALIMENTO PARA MASCOTAS (ANIMALES DOMÉSTICOS).,comercio_mayorista,FALSE,PICHINCHA,3,86115.34,10179.12,75936.22,15950,0,2303.67,2024
336190,"IMPORTADORA, COMERCIALIZADORA Y DISTRIBUIDORA ROPIOR S.A.S.",G4620,G4620.19 - VENTA AL POR MAYOR DE OTRAS MATERIAS PRIMAS AGROPECUARIAS.,comercio_mayorista,FALSE,GUAYAS,2,86015.85,2711.29,83304.56000000001,134148.65,1098.29,649.3,2024
356400,ASK-VETPHARMA S.A.S.,G4620,G4620.19 - VENTA AL POR MAYOR DE OTRAS MATERIAS PRIMAS AGROPECUARIAS.,comercio_mayorista,FALSE,EL ORO,3,85575.04,82684.14,2890.899999999994,267827.62,86738.21,82584.14,2024
370373,LASKAP FISH SUPPLY S.A.S.,G4630,"G4630.33 - VENTA AL POR MAYOR DE PESCADO, CRUSTÁCEOS, MOLUSCOS Y PRODUCTOS DE LA PESCA.",comercio_mayorista,FALSE,MANABI,3,85298.29,1284.6,84013.68999999999,84498.29,0,484.6,2024
751508,CHATASQA S.A.S.,G4630,G4630.91 - VENTA AL POR MAYOR DE ARROZ.,comercio_mayorista,FALSE,EL ORO,4,85248.71,72648.71,12600,302715.82,0,72048.71,2024
717173,EXPORTAGRORAGUE S.A.,A0122,A0122.01 - CULTIVO DE BANANOS Y PLÁTANOS.,cultivo_fruticola,FALSE,GUAYAS,2,84757.66,1124.31,83633.35,20700,0,60.47,2024
182900,MULTISERVICIOS BANANEROS S.A MULTISERBAN,A0122,A0122.01 - CULTIVO DE BANANOS Y PLÁTANOS.,cultivo_fruticola,FALSE,GUAYAS,4,84725.81,9470.13,75255.68,778832.26,0,3080.75,2024
357855,EL BUQUE S.A.S.,G4630,"G4630.95 - VENTA AL POR MAYOR DE BEBIDAS ALCOHÓLICAS, INCLUSO EL ENVASADO DE VINO A GRANEL SIN TRANSFORMACIÓN.",comercio_mayorista,FALSE,GUAYAS,3,84716.22,-14664.4,99380.62,229073.86,-15664.4,-15664.4,2024
335717,LAUROTRAVI S.A.S.,G4620,G4620.11 - VENTA AL POR MAYOR DE CEREALES (GRANOS) Y SEMILLAS.,comercio_mayorista,FALSE,AZUAY,4,84598.2,74549.9,10048.300000000003,104936.77,0,-8211.75,2024
318601,YENAY CIA.LTDA.,G4620,G4620.15 - VENTA AL POR MAYOR DE FLORES Y PLANTAS.,comercio_mayorista,FALSE,PICHINCHA,2,84481.2,45744.53,38736.67,41362.6,426.47,332.65,2024
329589,MARISMAN G6G S.A.S.,G4630,"G4630.33 - VENTA AL POR MAYOR DE PESCADO, CRUSTÁCEOS, MOLUSCOS Y PRODUCTOS DE LA PESCA.",comercio_mayorista,FALSE,SANTA ELENA,3,84104.45,947.82,83156.62999999999,83304.45,0,147.82,2024
714649,APC-PR COMERCIALIZADORA EXPORT - IMPORT S.A.,G4630,"G4630.12 - VENTA AL POR MAYOR DE FRUTAS, LEGUMBRES Y HORTALIZAS.",comercio_mayorista,FALSE,PICHINCHA,3,83880.48,-37292.88,121173.35999999999,20,0,-94.59,2024
331179,CERVECERIA C&C FCR S.A.S.,G4630,"G4630.95 - VENTA AL POR MAYOR DE BEBIDAS ALCOHÓLICAS, INCLUSO EL ENVASADO DE VINO A GRANEL SIN TRANSFORMACIÓN.",comercio_mayorista,FALSE,ESMERALDAS,7,83746.19,12417.81,71328.38,251220.35,-92.11,-92.11,2024
747533,SWEETFRUITS-EXPORT S.A.S.,G4630,G4630.11 - VENTA AL POR MAYOR DE BANANO Y PLÁTANO.,comercio_mayorista,FALSE,GUAYAS,3,83679.13,64201.02,19478.110000000008,529029.5,31921.46,26634.15,2024
732317,BOCAIAFOOD S.A.S.,C1030,"C1030.11 - ELABORACIÓN DE ALIMENTOS COMPUESTOS (MEZCLA) PRINCIPALMENTE DE FRUTAS LEGUMBRES U HORTALIZAS, EXCEPTO PLATOS PREPARADOS EN FORMA CONGELADA O ENLATADA LISTOS PARA CONSUMIR.",procesamiento,FALSE,GUAYAS,4,83561.76,53634.69,29927.069999999992,152423.28,7200.13,7409.94,2024
748520,CASTLETRADING S.A.S.,G4630,G4630.32 - VENTA AL POR MAYOR DE CAMARÓN Y LANGOSTINOS.,comercio_mayorista,FALSE,EL ORO,3,83434.42,7121.35,76313.06999999999,13167.01,0,-1134.26,2024
322845,IMPORTADORA ALICONFRUIT CIA.LTDA.,G4630,G4630.99 - VENTA AL POR MAYOR DE OTROS PRODUCTOS COMESTIBLES (ENLATADOS Y CONSERVAS).,comercio_mayorista,FALSE,PICHINCHA,3,83424.75,66457.27,16967.479999999996,115071.73,16067.57,14718.51,2024
168763,POLYFOOD PRODUCTOS ALIMENTICIOS CIA. LTDA.,G4630,G4630.99 - VENTA AL POR MAYOR DE OTROS PRODUCTOS COMESTIBLES (ENLATADOS Y CONSERVAS).,comercio_mayorista,FALSE,PICHINCHA,2,83183.41,32222.63,50960.78,105056.8,-4411.98,-4411.98,2024
116872,VOSMIL S.A.,G4630,"G4630.12 - VENTA AL POR MAYOR DE FRUTAS, LEGUMBRES Y HORTALIZAS.",comercio_mayorista,FALSE,LOS RIOS,1,82973.01,-22080.78,105053.79,1563.36,274.5,274.5,2024
732793,BARCAMARINA S.A.S.,G4630,"G4630.33 - VENTA AL POR MAYOR DE PESCADO, CRUSTÁCEOS, MOLUSCOS Y PRODUCTOS DE LA PESCA.",comercio_mayorista,FALSE,GUAYAS,44,82943.02,11057.88,71885.14,466885.55,11869.94,9258.55,2024
352859,NAYEM S.A.S.,G4620,G4620.19 - VENTA AL POR MAYOR DE OTRAS MATERIAS PRIMAS AGROPECUARIAS.,comercio_mayorista,FALSE,GUAYAS,4,82774.16,80736.91,2037.25,131074.72,6727.22,5045.41,2024
84313,IMPORGOLFO S.A.,G4630,G4630.91 - VENTA AL POR MAYOR DE ARROZ.,comercio_mayorista,FALSE,GUAYAS,4,82671.83,22431.23,60240.600000000006,532624.8,2099.56,1484.67,2024
63831,BANACAMESA S. A.,A0122,"A0122.09 - OTROS CULTIVOS DE FRUTAS TROPICALES Y SUBTROPICALES: PAPAYAS, BABACOS, CHAMBUROS, AGUACATES, HIGOS, ARAZÁ, GUAYABAS, GUANÁBANA, GUABA, CHIRIMOYA, NARANJILLAS, ZAPOTES, BOROJÓ, TAMARINDO, GRANADILLAS, DÁTILES, ETCÉTERA.",cultivo_fruticola,TRUE,GUAYAS,32,82633.1,69607.58,13025.520000000004,217458.68,6712.85,4238.19,2024
151083,ALGAS DE LOS ANDES ALGANDES S.A.,G4620,G4620.12 - VENTA AL POR MAYOR DE FRUTOS Y SEMILLAS OLEAGINOSAS.,comercio_mayorista,FALSE,PICHINCHA,3,82576.14,-85107.9,167684.03999999998,195015.49,-30345.96,-30345.96,2024
178880,GRANCASUP CIA.LTDA.,G4630,G4630.32 - VENTA AL POR MAYOR DE CAMARÓN Y LANGOSTINOS.,comercio_mayorista,FALSE,EL ORO,4,82437.26,15319.55,67117.70999999999,86608.7,0,-9741.09,2024
729203,PLATANOMAX EXPORT&PRODUCT SERVICES S.A.,G4630,G4630.11 - VENTA AL POR MAYOR DE BANANO Y PLÁTANO.,comercio_mayorista,FALSE,GUAYAS,6,82131.87,77959.53,4172.3399999999965,17111.24,242.06,242.06,2024
345569,AGROCOMERCIO LUFER AGROLUFER S.A.S.,G4630,"G4630.14 - VENTA AL POR MAYOR DE CAFÉ, CACAO, TE Y ESPECIAS.",comercio_mayorista,FALSE,MANABI,7,82069.24,1162.23,80907.01000000001,1651694,25459.1,19031.82,2024
312991,EMADOM S.A.,G4630,G4630.99 - VENTA AL POR MAYOR DE OTROS PRODUCTOS COMESTIBLES (ENLATADOS Y CONSERVAS).,comercio_mayorista,FALSE,GUAYAS,2,81804.05,59950.49,21853.560000000005,186981.36,0,17171.78,2024
310108,MANANTIALESFRUITS S.A.,A0125,"A0125.09 - OTROS CULTIVOS DE FRUTOS DE ÁRBOLES Y ARBUSTOS: PITAHAYA, TUNA, ALGARROBA, TAXOS, ETCÉTERA.",cultivo_fruticola,TRUE,MANABI,5,81293.3,77862.22,3431.0800000000017,69341.27,0,6251.1,2024
355004,EXPORTADORA TUKA S.A.S.,G4630,G4630.11 - VENTA AL POR MAYOR DE BANANO Y PLÁTANO.,comercio_mayorista,FALSE,GUAYAS,5,81175.03,53818.13,27356.9,32008.32,3803.05,3803.05,2024
341368,AGROPECUARIA INDUSTRIAL Y COMERCIAL MARÍA JOSÉ AGROMJ S.A.S.,G4630,"G4630.21 - VENTA AL POR MAYOR DE PRODUCTOS LÁCTEOS, INCLUIDO HELADOS, BOLOS, ETCÉTERA.",comercio_mayorista,FALSE,CAÑAR,2,80952.87,42978.87,37973.99999999999,3713979.07,38471.28,28853.46,2024
331392,CHAROLAYS S.A.,G4630,G4630.31 - VENTA AL POR MAYOR DE CARNE Y PRODUCTOS CÁRNICOS (INCLUIDAS LAS AVES DE CORRAL).,comercio_mayorista,FALSE,GUAYAS,3,80048.75,55048.75,25000,111511.78,1127.34,879.33,2024
340997,CORPORACION ZAMBRANO CORPZAM S.A.S.,G4620,G4620.19 - VENTA AL POR MAYOR DE OTRAS MATERIAS PRIMAS AGROPECUARIAS.,comercio_mayorista,FALSE,GUAYAS,4,80033.25,23391.77,56641.479999999996,209535.4,22371.95,19383.72,2024
138389,NEGOCREATIVA S.A.,G4630,"G4630.94 - VENTA AL POR MAYOR DE BEBIDAS NO ALCOHÓLICAS (JUGOS, GASEOSAS, AGUA MINERAL, ETCÉTERA).",comercio_mayorista,FALSE,GUAYAS,6,79629.86,20545.35,59084.51,516905.46,0,-421.77,2024
329709,MADELSNACK S.A.S.,C1030,"C1030.12 - CONSERVACIÓN DE FRUTAS, PULPA DE FRUTAS, LEGUMBRES Y HORTALIZAS MEDIANTE EL CONGELADO, SECADO, DESHIDRATADO, INMERSIÓN EN ACEITE O VINAGRE, ENLATADO, ETCÉTERA.",procesamiento,FALSE,MANABI,2,79357.28,10862.89,68494.39,6542.21,0,52.03,2024
735399,AMBROSIA WINESHOP S.A.S.,G4630,"G4630.95 - VENTA AL POR MAYOR DE BEBIDAS ALCOHÓLICAS, INCLUSO EL ENVASADO DE VINO A GRANEL SIN TRANSFORMACIÓN.",comercio_mayorista,FALSE,PICHINCHA,2,79351.52,-25131.57,104483.09,16606.71,0,-1798.77,2024
323694,BELLEROSE PIANTAGIONI S.A.S.,G4620,G4620.15 - VENTA AL POR MAYOR DE FLORES Y PLANTAS.,comercio_mayorista,FALSE,PICHINCHA,2,78719.77,-6295.14,85014.91,605291.81,-24234.72,-24408.3,2024
705262,FRESH FROM SOURCE B.V.,G4620,G4620.19 - VENTA AL POR MAYOR DE OTRAS MATERIAS PRIMAS AGROPECUARIAS.,comercio_mayorista,FALSE,PICHINCHA,6,78275.94,24290.45,53985.490000000005,100214.12,-64.63,-64.63,2024
743157,LATINA INTEGRAL DE NEGOCIOS LATAMFRESH S.A.,A0122,A0122.01 - CULTIVO DE BANANOS Y PLÁTANOS.,cultivo_fruticola,FALSE,GUAYAS,4,77880.2,55752.43,22127.769999999997,179884.54,0,7576.5,2024
325921,IMPORTADORA VALAREZO ROMERO VAL&ROC S.A.,G4620,G4620.19 - VENTA AL POR MAYOR DE OTRAS MATERIAS PRIMAS AGROPECUARIAS.,comercio_mayorista,FALSE,EL ORO,4,77755.99,17617.61,60138.380000000005,76795.46,750.3,50.87,2024
315146,MANAPESCO S.A.,G4630,G4630.32 - VENTA AL POR MAYOR DE CAMARÓN Y LANGOSTINOS.,comercio_mayorista,FALSE,MANABI,2,77635.07,1000,76635.07,13455.37,0,0,2024
88617,GREENSERVICES S.A.,G4620,G4620.15 - VENTA AL POR MAYOR DE FLORES Y PLANTAS.,comercio_mayorista,FALSE,PICHINCHA,2,77474.47,77063.16,411.3099999999977,44831.32,9721.81,9413.5,2024
740119,EXPORTADORA ANDINA DE ALIMENTOS EXPORALIMENTOS S.A.,G4630,"G4630.12 - VENTA AL POR MAYOR DE FRUTAS, LEGUMBRES Y HORTALIZAS.",comercio_mayorista,FALSE,GUAYAS,7,77448.83,-24716.84,102165.67,150631.39,0,1565.39,2024
719811,EXPORTADORA LUCERO LUCEROEXPORT S.A.,A0122,A0122.01 - CULTIVO DE BANANOS Y PLÁTANOS.,cultivo_fruticola,FALSE,SANTO DOMINGO DE LOS TSACHILAS,2,77091.26,36853.78,40237.479999999996,23160.5,336.52,262.49,2024
755913,ISAID S.A.S.,G4630,"G4630.92 - VENTA AL POR MAYOR DE AZÚCAR, CHOCOLATE Y PRODUCTOS DE CONFITERÍA.",comercio_mayorista,FALSE,AZUAY,9,77022.4,-21622.5,98644.9,47312.09,-22022.5,-22022.5,2024
359042,VILETIAN GROWER S.A.S.,G4630,"G4630.12 - VENTA AL POR MAYOR DE FRUTAS, LEGUMBRES Y HORTALIZAS.",comercio_mayorista,FALSE,PICHINCHA,4,76942.97,6228.45,70714.52,1529550.53,0,6228.45,2024
703567,FINCAROS S.A.,G4630,G4630.11 - VENTA AL POR MAYOR DE BANANO Y PLÁTANO.,comercio_mayorista,FALSE,GUAYAS,24,76909.98,70424.28,6485.699999999997,241960,8011.41,5591.81,2024
136473,DISTRIMAXI S.A.,G4630,"G4630.95 - VENTA AL POR MAYOR DE BEBIDAS ALCOHÓLICAS, INCLUSO EL ENVASADO DE VINO A GRANEL SIN TRANSFORMACIÓN.",comercio_mayorista,FALSE,LOJA,2,76739.07,46995.65,29743.420000000006,236588.04,12424.27,12424.27,2024
342486,INDUSTRIA MOLINERA Y COMERCIOS COA S.A.,G4630,G4630.91 - VENTA AL POR MAYOR DE ARROZ.,comercio_mayorista,FALSE,LOS RIOS,4,76481.52,7271.02,69210.5,421491.22,0,6471.02,2024
333348,MIKACAOEXPORT S.A.S.,G4630,"G4630.14 - VENTA AL POR MAYOR DE CAFÉ, CACAO, TE Y ESPECIAS.",comercio_mayorista,FALSE,GUAYAS,4,76301.63,-7496.55,83798.18000000001,2,0,-852.63,2024
335348,PACHAMAMA FARMS S.A.S. B.I.C.,A0122,A0122.01 - CULTIVO DE BANANOS Y PLÁTANOS.,cultivo_fruticola,FALSE,EL ORO,16,75847.36,7863.75,67983.61,521075.63,12423.4,7211.21,2024
141841,PLATROP S.A.,G4630,"G4630.12 - VENTA AL POR MAYOR DE FRUTAS, LEGUMBRES Y HORTALIZAS.",comercio_mayorista,FALSE,GUAYAS,6,75796.08,-3872.82,79668.90000000001,365104.44,116.25,-1328.46,2024
747823,GALAPAC S.A.S.,G4620,G4620.19 - VENTA AL POR MAYOR DE OTRAS MATERIAS PRIMAS AGROPECUARIAS.,comercio_mayorista,FALSE,GALAPAGOS,5,75776.85,-117635.91,193412.76,303653.67,-57009.96,-51013.02,2024
744288,PAPRIETSA S.A.,G4630,G4630.11 - VENTA AL POR MAYOR DE BANANO Y PLÁTANO.,comercio_mayorista,FALSE,EL ORO,4,75774.86,10007.83,65767.03,256500,9207.83,9207.83,2024
155331,ALCOFLOWERS DEL ECUADOR S.A.,G4620,G4620.15 - VENTA AL POR MAYOR DE FLORES Y PLANTAS.,comercio_mayorista,FALSE,PICHINCHA,2,75741.75,75123.72,618.0299999999988,27351.34,314.47,244.47,2024
128449,DULCE PLANETA S.A. DULCEPLANET,G4630,"G4630.92 - VENTA AL POR MAYOR DE AZÚCAR, CHOCOLATE Y PRODUCTOS DE CONFITERÍA.",comercio_mayorista,FALSE,GUAYAS,4,75200.39,31847.93,43352.46,144116.79,13856.8,12026.06,2024
730034,BIOCREVETTE S.A.,G4620,G4620.19 - VENTA AL POR MAYOR DE OTRAS MATERIAS PRIMAS AGROPECUARIAS.,comercio_mayorista,FALSE,GUAYAS,3,75024,7336.51,67687.49,36324,19.3,14.47,2024
368767,PROIZA S.A.S.,G4630,"G4630.14 - VENTA AL POR MAYOR DE CAFÉ, CACAO, TE Y ESPECIAS.",comercio_mayorista,FALSE,MANABI,2,74984.54,7032.55,67951.98999999999,273192.24,0,6532.55,2024
357973,GLOBALMEATSIMPORTS S.A.,G4630,G4630.31 - VENTA AL POR MAYOR DE CARNE Y PRODUCTOS CÁRNICOS (INCLUIDAS LAS AVES DE CORRAL).,comercio_mayorista,FALSE,GUAYAS,4,74597.95,1299.75,73298.2,117557.1,640.7,499.75,2024
707364,DELPECTOR S.A.,A0122,A0122.01 - CULTIVO DE BANANOS Y PLÁTANOS.,cultivo_fruticola,FALSE,GUAYAS,3,74574.77,32226.51,42348.26000000001,25719.18,0,3977.11,2024
38059,MERCANTIL BANANERA NACIONAL S.A. MERBANASA,G4630,G4630.11 - VENTA AL POR MAYOR DE BANANO Y PLÁTANO.,comercio_mayorista,FALSE,EL ORO,3,74557.36,67824.96,6732.399999999994,517944.86,20809.7,20544.86,2024
355123,CHINOMAR S.A.S.,G4630,G4630.32 - VENTA AL POR MAYOR DE CAMARÓN Y LANGOSTINOS.,comercio_mayorista,FALSE,MANABI,2,74542.48,21455.86,53086.619999999995,267750.48,0,19455.86,2024
732518,INDALMES S.A.,G4630,G4630.31 - VENTA AL POR MAYOR DE CARNE Y PRODUCTOS CÁRNICOS (INCLUIDAS LAS AVES DE CORRAL).,comercio_mayorista,FALSE,GUAYAS,2,74184.02,36223.03,37960.990000000005,1578.92,0,556.74,2024
355482,PURAPALMA S.A.S.,G4630,G4630.23 - VENTA AL POR MAYOR DE ACEITES Y GRASAS COMESTIBLES DE ORIGEN ANIMAL O VEGETAL.,comercio_mayorista,FALSE,GUAYAS,2,74098.19,7851,66247.19,443856.35,7555.98,5893.66,2024
361644,"DISTRIBUCIONES ""BRACERO S"" S.A.S.",G4630,G4630.91 - VENTA AL POR MAYOR DE ARROZ.,comercio_mayorista,FALSE,MANABI,4,73862.48,73596.86,265.61999999999534,1046674.5,0,796.86,2024
303984,AROMASABOR CIA.LTDA.,G4630,"G4630.92 - VENTA AL POR MAYOR DE AZÚCAR, CHOCOLATE Y PRODUCTOS DE CONFITERÍA.",comercio_mayorista,FALSE,PICHINCHA,4,73822.22,10600.83,63221.39,185665.41,129.13,100.72,2024
703581,FINCAVILLA S.A.,G4630,G4630.11 - VENTA AL POR MAYOR DE BANANO Y PLÁTANO.,comercio_mayorista,FALSE,GUAYAS,20,73522.92,63970.44,9552.479999999996,190739.54,6169.81,4041.7,2024
717335,THE-OCEANBLUE S.A.,G4630,"G4630.33 - VENTA AL POR MAYOR DE PESCADO, CRUSTÁCEOS, MOLUSCOS Y PRODUCTOS DE LA PESCA.",comercio_mayorista,FALSE,GUAYAS,5,73265.34,15778.81,57486.53,941077.93,0,6252.16,2024
151782,FRESH&SWEET ECUADOR S.A.,G4620,G4620.15 - VENTA AL POR MAYOR DE FLORES Y PLANTAS.,comercio_mayorista,FALSE,PICHINCHA,6,73255.65,3469.39,69786.26,92667.76,888.28,888.28,2024
739370,EPICFLOWERS S.A.S.,G4620,G4620.15 - VENTA AL POR MAYOR DE FLORES Y PLANTAS.,comercio_mayorista,FALSE,PICHINCHA,2,73098.48,-37640.73,110739.20999999999,195357.85,0,-20187.82,2024
327162,DISTRIBUIDORA MANANTIAL DISMANANTIAL CIA.LTDA.,G4630,G4630.91 - VENTA AL POR MAYOR DE ARROZ.,comercio_mayorista,FALSE,PICHINCHA,2,72927.91,-3159.9,76087.81,135933.36,-24.16,-12.08,2024
361053,FLOGREEN ECUADOR S.A.S.,G4620,G4620.15 - VENTA AL POR MAYOR DE FLORES Y PLANTAS.,comercio_mayorista,FALSE,PICHINCHA,7,72811.18,-12019.85,84831.03,56674.58,-16444.68,-13019.85,2024
311599,EULAT IMPORT EULATIMPORT COMPAÑIA DE RESPONSABILIDAD LIMITADA,G4630,G4630.23 - VENTA AL POR MAYOR DE ACEITES Y GRASAS COMESTIBLES DE ORIGEN ANIMAL O VEGETAL.,comercio_mayorista,FALSE,GUAYAS,2,72603.14,72603.14,0,14049.94,0,-20060.39,2024
117329,SABLONE S.A.,G4620,G4620.12 - VENTA AL POR MAYOR DE FRUTOS Y SEMILLAS OLEAGINOSAS.,comercio_mayorista,FALSE,GUAYAS,4,72546.77,41174.82,31371.950000000004,1453906.34,40766.44,27517.34,2024
740582,EMPACRO S.A.S.,A0122,A0122.02 - CULTIVO DE MANGOS.,cultivo_fruticola,FALSE,GUAYAS,2,72226.09,10233.57,61992.52,90226.5,1582.4,693.41,2024
344629,VILLAFRUIT S.A.S.,A0125,"A0125.09 - OTROS CULTIVOS DE FRUTOS DE ÁRBOLES Y ARBUSTOS: PITAHAYA, TUNA, ALGARROBA, TAXOS, ETCÉTERA.",cultivo_fruticola,TRUE,MANABI,2,72086.96,56414.22,15672.740000000005,95050.59,68217.42,67487.9,2024
369570,FRUTBOUNTY S.A.S.,A0125,"A0125.09 - OTROS CULTIVOS DE FRUTOS DE ÁRBOLES Y ARBUSTOS: PITAHAYA, TUNA, ALGARROBA, TAXOS, ETCÉTERA.",cultivo_fruticola,TRUE,MORONA SANTIAGO,4,72059.4,17391.35,54668.049999999996,146028.85,0,17391.35,2024
368476,AGROGANAGRI S.A.S.,A0122,A0122.01 - CULTIVO DE BANANOS Y PLÁTANOS.,cultivo_fruticola,FALSE,MANABI,19,72053.6,58670.52,13383.080000000009,24907,8768.66,8236.99,2024
323786,CAPES S.A.S.,A0122,"A0122.09 - OTROS CULTIVOS DE FRUTAS TROPICALES Y SUBTROPICALES: PAPAYAS, BABACOS, CHAMBUROS, AGUACATES, HIGOS, ARAZÁ, GUAYABAS, GUANÁBANA, GUABA, CHIRIMOYA, NARANJILLAS, ZAPOTES, BOROJÓ, TAMARINDO, GRANADILLAS, DÁTILES, ETCÉTERA.",cultivo_fruticola,TRUE,GUAYAS,1,71825.34,71825.34,0,23701.41,1291.44,1055.81,2024
304362,PROPROEC CIA.LTDA.,C1030,"C1030.11 - ELABORACIÓN DE ALIMENTOS COMPUESTOS (MEZCLA) PRINCIPALMENTE DE FRUTAS LEGUMBRES U HORTALIZAS, EXCEPTO PLATOS PREPARADOS EN FORMA CONGELADA O ENLATADA LISTOS PARA CONSUMIR.",procesamiento,FALSE,PICHINCHA,5,71817.9,2466.39,69351.51,154192.77,-1729.21,-1729.21,2024
365301,KAKARAMFRUIT S.A.S.,A0125,"A0125.09 - OTROS CULTIVOS DE FRUTOS DE ÁRBOLES Y ARBUSTOS: PITAHAYA, TUNA, ALGARROBA, TAXOS, ETCÉTERA.",cultivo_fruticola,TRUE,MORONA SANTIAGO,4,71645.4,1568.9,70076.5,118645.4,0,568.9,2024
58148,CHUN S.A.,C1030,"C1030.11 - ELABORACIÓN DE ALIMENTOS COMPUESTOS (MEZCLA) PRINCIPALMENTE DE FRUTAS LEGUMBRES U HORTALIZAS, EXCEPTO PLATOS PREPARADOS EN FORMA CONGELADA O ENLATADA LISTOS PARA CONSUMIR.",procesamiento,FALSE,GUAYAS,4,71523.76,4194.79,67328.97,142227.08,0,-7028.97,2024
353803,BIRTH OF ROSES S.A.S.,G4620,G4620.15 - VENTA AL POR MAYOR DE FLORES Y PLANTAS.,comercio_mayorista,FALSE,PICHINCHA,11,71482.79,10385.89,61096.899999999994,205476.18,15054.87,12383.68,2024
331649,LA BODEGA CARNES Y CORTES S.A.S.,G4630,G4630.31 - VENTA AL POR MAYOR DE CARNE Y PRODUCTOS CÁRNICOS (INCLUIDAS LAS AVES DE CORRAL).,comercio_mayorista,FALSE,PICHINCHA,4,71440.16,-20029.59,91469.75,304766.25,3914.37,3914.37,2024
118522,EXALPRO S.A.,G4630,G4630.11 - VENTA AL POR MAYOR DE BANANO Y PLÁTANO.,comercio_mayorista,FALSE,GUAYAS,3,71207.4,48668.67,22538.729999999996,44800,309.25,31.78,2024
156930,GREENLIFE S.A.,G4620,G4620.15 - VENTA AL POR MAYOR DE FLORES Y PLANTAS.,comercio_mayorista,FALSE,PICHINCHA,6,71141.53,11670.77,59470.759999999995,1483.47,0,0,2024
147164,ARAMAKAL S.A.,G4630,"G4630.95 - VENTA AL POR MAYOR DE BEBIDAS ALCOHÓLICAS, INCLUSO EL ENVASADO DE VINO A GRANEL SIN TRANSFORMACIÓN.",comercio_mayorista,FALSE,PICHINCHA,1,70777.77,3981.41,66796.36,16148,-13060.74,-13060.74,2024
753194,DISTRIBUIDORA GENERAL DE LICORES ZARUMA DIGELZA CIA.LTDA.,G4630,"G4630.95 - VENTA AL POR MAYOR DE BEBIDAS ALCOHÓLICAS, INCLUSO EL ENVASADO DE VINO A GRANEL SIN TRANSFORMACIÓN.",comercio_mayorista,FALSE,EL ORO,9,70763.67,-184938.13,255701.8,1129390.21,-370809.52,-185404.76,2024
318992,C G GUARNIZO &GROUP CIA.LTDA.,G4620,G4620.15 - VENTA AL POR MAYOR DE FLORES Y PLANTAS.,comercio_mayorista,FALSE,PICHINCHA,1,70499,279.82,70219.18,13471.82,100,78,2024
304149,BLACK RIVER BANAPROTEKT CIA.LTDA.,A0122,A0122.01 - CULTIVO DE BANANOS Y PLÁTANOS.,cultivo_fruticola,FALSE,EL ORO,4,70316.65,55258.65,15057.999999999993,149673,9318.92,7402.15,2024
312910,RAINFOREST FRUITS FROM ECUADOR RAINFORESTFRUITS CIA.LTDA.,G4630,"G4630.12 - VENTA AL POR MAYOR DE FRUTAS, LEGUMBRES Y HORTALIZAS.",comercio_mayorista,FALSE,PICHINCHA,1,70235.17,9292.1,60943.07,10160,0,6546.79,2024
359613,VIVARIUM DEL PARAISO S.A.S.,G4620,G4620.15 - VENTA AL POR MAYOR DE FLORES Y PLANTAS.,comercio_mayorista,FALSE,MANABI,5,69753.09,42361.59,27391.5,303561.97,41489.22,29125.43,2024
329555,BELLS FLOWERS S.A.S.,G4620,G4620.15 - VENTA AL POR MAYOR DE FLORES Y PLANTAS.,comercio_mayorista,FALSE,COTOPAXI,2,69636,56553.59,13082.410000000003,77210.95,32036.67,31331.01,2024
363341,MARISQUITO S.A.S.,G4630,"G4630.33 - VENTA AL POR MAYOR DE PESCADO, CRUSTÁCEOS, MOLUSCOS Y PRODUCTOS DE LA PESCA.",comercio_mayorista,FALSE,PICHINCHA,2,69580.59,55755.57,13825.019999999997,133443.54,55388.33,53755.57,2024
43285,PATRICIA MERCANTIL INDUSTRIAL PATRIMERCSA SA,G4630,"G4630.95 - VENTA AL POR MAYOR DE BEBIDAS ALCOHÓLICAS, INCLUSO EL ENVASADO DE VINO A GRANEL SIN TRANSFORMACIÓN.",comercio_mayorista,FALSE,LOS RIOS,4,69191.79,51319.06,17872.729999999996,16800,0,5395.23,2024
343972,EXPERFRUITEXPORT S.A.S.,G4630,G4630.11 - VENTA AL POR MAYOR DE BANANO Y PLÁTANO.,comercio_mayorista,FALSE,GUAYAS,2,69152.72,69091.29,61.43000000000757,41963.01,27926.96,27865.53,2024
363523,COMMERCIO DYNAMICS S.A.S.,G4630,"G4630.95 - VENTA AL POR MAYOR DE BEBIDAS ALCOHÓLICAS, INCLUSO EL ENVASADO DE VINO A GRANEL SIN TRANSFORMACIÓN.",comercio_mayorista,FALSE,PICHINCHA,4,69093.79,37796.84,31296.949999999997,158563.08,0,37296.84,2024
130087,EXPOMARIFRES S.A.,G4630,G4630.32 - VENTA AL POR MAYOR DE CAMARÓN Y LANGOSTINOS.,comercio_mayorista,FALSE,GUAYAS,8,69047.77,-59049.62,128097.39000000001,4495042.35,12678.65,5555.8,2024
34876,COMPAÑIA EXPORTADORA DE FRUTAS EXPORTFRUTAS S.A.,A0122,"A0122.09 - OTROS CULTIVOS DE FRUTAS TROPICALES Y SUBTROPICALES: PAPAYAS, BABACOS, CHAMBUROS, AGUACATES, HIGOS, ARAZÁ, GUAYABAS, GUANÁBANA, GUABA, CHIRIMOYA, NARANJILLAS, ZAPOTES, BOROJÓ, TAMARINDO, GRANADILLAS, DÁTILES, ETCÉTERA.",cultivo_fruticola,TRUE,MANABI,1,68758.18,48699.89,20058.289999999994,8089.4,-676.75,-685.9,2024
346862,LUCIANACORP S.A.S. B.I.C.,G4630,G4630.13 - VENTA AL POR MAYOR DE PAPA Y TUBÉRCULOS.,comercio_mayorista,FALSE,SANTO DOMINGO DE LOS TSACHILAS,3,68270.18,54914.57,13355.609999999993,998897.91,11070.66,3868.11,2024
365093,BLUE-HARVEST EXPORT S.A.S.,G4630,"G4630.33 - VENTA AL POR MAYOR DE PESCADO, CRUSTÁCEOS, MOLUSCOS Y PRODUCTOS DE LA PESCA.",comercio_mayorista,FALSE,MANABI,6,68224.44,359.4,67865.04000000001,57361.9,0,-240.6,2024
361656,BYENTSAIMPORT S.A.S.,G4630,"G4630.12 - VENTA AL POR MAYOR DE FRUTAS, LEGUMBRES Y HORTALIZAS.",comercio_mayorista,FALSE,PICHINCHA,4,67819.36,-19960.01,87779.37,41783.32,-40100.02,-20050.01,2024
703626,AGRIROSARIO S.A.,G4630,G4630.11 - VENTA AL POR MAYOR DE BANANO Y PLÁTANO.,comercio_mayorista,FALSE,GUAYAS,26,67743.74,63590.33,4153.4100000000035,253196,8484.92,5952.96,2024
326705,SERVICIO Y VENTA QUEZADA MURILLO SERVEQUM S.A.S.,G4630,"G4630.95 - VENTA AL POR MAYOR DE BEBIDAS ALCOHÓLICAS, INCLUSO EL ENVASADO DE VINO A GRANEL SIN TRANSFORMACIÓN.",comercio_mayorista,FALSE,GUAYAS,2,67695.42,12175.43,55519.99,159532.73,0,4038.12,2024
749887,FINCA CRUZLOMA S.A.S.,A0127,A0127.01 - CULTIVO DE CAFÉ.,cultivo_fruticola,FALSE,PICHINCHA,3,67568.08,2139.51,65428.57,203131.16,1602.19,654.48,2024
742399,AGROFERTIL S.A.,G4620,G4620.19 - VENTA AL POR MAYOR DE OTRAS MATERIAS PRIMAS AGROPECUARIAS.,comercio_mayorista,FALSE,LOS RIOS,2,67561.06,67561.06,0,30,0,-2276.07,2024
335217,TAITA FLORES S.A.S.,G4620,G4620.15 - VENTA AL POR MAYOR DE FLORES Y PLANTAS.,comercio_mayorista,FALSE,IMBABURA,3,67527.55,-3588.76,71116.31,6089.12,0,-3235.9,2024
753607,ARAN FRUIT S.A.S.,G4630,"G4630.12 - VENTA AL POR MAYOR DE FRUTAS, LEGUMBRES Y HORTALIZAS.",comercio_mayorista,FALSE,GUAYAS,2,67294.89,6509.45,60785.44,353845.26,0,6009.45,2024
357616,LUXURY-ROSES S.A.S.,G4620,G4620.15 - VENTA AL POR MAYOR DE FLORES Y PLANTAS.,comercio_mayorista,FALSE,COTOPAXI,4,67225.14,-24393.79,91618.93,20725.29,0,-26393.79,2024
342454,BENRES S.A.S.,C1030,"C1030.14 - FABRICACIÓN DE PRODUCTOS ALIMENTICIOS A PARTIR DE (UN SOLO COMPONENTE) FRUTAS, LEGUMBRES Y HORTALIZAS; INCLUSO SNACKS DE PLÁTANO (CHIFLES), YUCA, FRUTAS, ETCÉTERA, EXCEPTO PAPA.",procesamiento,FALSE,GUAYAS,8,66880.6,53444.69,13435.910000000003,165040.15,-1.79,-1.79,2024
319065,OLHEVAL S.A.,G4620,G4620.11 - VENTA AL POR MAYOR DE CEREALES (GRANOS) Y SEMILLAS.,comercio_mayorista,FALSE,GUAYAS,2,66687.58,27826.02,38861.56,603733.88,19368.61,15107.52,2024
360394,CORPO-QUITO S.A.S.,G4630,G4630.31 - VENTA AL POR MAYOR DE CARNE Y PRODUCTOS CÁRNICOS (INCLUIDAS LAS AVES DE CORRAL).,comercio_mayorista,FALSE,MANABI,4,66685.08,50723.79,15961.29,32364.08,0,7620.24,2024
744385,ECUALCOHOL THE PARTY LICOR S.A.S.,G4630,"G4630.95 - VENTA AL POR MAYOR DE BEBIDAS ALCOHÓLICAS, INCLUSO EL ENVASADO DE VINO A GRANEL SIN TRANSFORMACIÓN.",comercio_mayorista,FALSE,TUNGURAHUA,2,66459.1,1901.25,64557.850000000006,47350.61,2092.74,1632.34,2024
335873,DISTUCAR CIA.LTDA.,G4630,G4630.31 - VENTA AL POR MAYOR DE CARNE Y PRODUCTOS CÁRNICOS (INCLUIDAS LAS AVES DE CORRAL).,comercio_mayorista,FALSE,EL ORO,5,66444.04,23288.35,43155.689999999995,2162995.79,0,6905.59,2024
182363,DISTRIBUIDOR Y PROVEEDOR DE SERVICIOS MARITIMOS OASIS DISPROSERMA S.A.,G4630,G4630.99 - VENTA AL POR MAYOR DE OTROS PRODUCTOS COMESTIBLES (ENLATADOS Y CONSERVAS).,comercio_mayorista,FALSE,GUAYAS,4,66422.78,11139.55,55283.229999999996,82820.73,-301.36,-301.36,2024
137777,EXPORTADORA SUHART S.A.,G4630,G4630.11 - VENTA AL POR MAYOR DE BANANO Y PLÁTANO.,comercio_mayorista,FALSE,EL ORO,4,66325.37,5743.25,60582.119999999995,45693.99,0,5543.25,2024
753008,COMERCIAL-JAR S.A.S.,G4620,G4620.11 - VENTA AL POR MAYOR DE CEREALES (GRANOS) Y SEMILLAS.,comercio_mayorista,FALSE,GUAYAS,4,66250.46,29427.18,36823.280000000006,833165.67,19316.52,15066.89,2024
739664,DOGTOWN ORGANIC S.A.S.,G4630,G4630.97 - VENTA AL POR MAYOR DE ALIMENTO PARA MASCOTAS (ANIMALES DOMÉSTICOS).,comercio_mayorista,FALSE,GUAYAS,5,66176.56,24900.81,41275.75,258519.76,10060.78,6092.86,2024
720316,AGROPRODUCCION ECUAFRUTEXCA S.A.,A0122,"A0122.09 - OTROS CULTIVOS DE FRUTAS TROPICALES Y SUBTROPICALES: PAPAYAS, BABACOS, CHAMBUROS, AGUACATES, HIGOS, ARAZÁ, GUAYABAS, GUANÁBANA, GUABA, CHIRIMOYA, NARANJILLAS, ZAPOTES, BOROJÓ, TAMARINDO, GRANADILLAS, DÁTILES, ETCÉTERA.",cultivo_fruticola,TRUE,MANABI,3,66002.6,1401.17,64601.43000000001,16585.8,95.17,74.24,2024
734487,FLOWERS LINE ECUADOR FLOWERSLINE S.A.S.,G4620,G4620.15 - VENTA AL POR MAYOR DE FLORES Y PLANTAS.,comercio_mayorista,FALSE,PICHINCHA,2,65990.64,-39254.52,105245.16,1250,-18731.11,-18731.11,2024
750121,SURBANA S.A.,G4630,G4630.11 - VENTA AL POR MAYOR DE BANANO Y PLÁTANO.,comercio_mayorista,FALSE,GUAYAS,8,65940.34,1041.8,64898.53999999999,77721,41.79,41.8,2024
146188,AGROSEDINT S.A,G4630,G4630.99 - VENTA AL POR MAYOR DE OTROS PRODUCTOS COMESTIBLES (ENLATADOS Y CONSERVAS).,comercio_mayorista,FALSE,GUAYAS,4,65912.41,51160.26,14752.150000000001,291379.02,35960.18,28048.94,2024
363551,URRUCORP S.A.S.,G4630,G4630.99 - VENTA AL POR MAYOR DE OTROS PRODUCTOS COMESTIBLES (ENLATADOS Y CONSERVAS).,comercio_mayorista,FALSE,GUAYAS,2,65876.54,56335.8,9540.73999999999,60000,55832.85,55335.8,2024
178610,DISTRIBUCIONES CLARITA DISTRICLAR CIA LTDA,G4630,G4630.91 - VENTA AL POR MAYOR DE ARROZ.,comercio_mayorista,FALSE,PICHINCHA,2,65828.13,48843.7,16984.430000000008,166408.54,21519.38,16785.12,2024
304133,EXPORTADORA ALVOR FRUIT ALVORFRUIT S.A.,G4630,G4630.11 - VENTA AL POR MAYOR DE BANANO Y PLÁTANO.,comercio_mayorista,FALSE,GUAYAS,6,65678.09,52989.42,12688.669999999998,166006.41,53921.8,51789.42,2024
748852,CENTRO DE SOLUCIONES INTEGRALES CSI RIVETOCSI S.A.,G4620,G4620.11 - VENTA AL POR MAYOR DE CEREALES (GRANOS) Y SEMILLAS.,comercio_mayorista,FALSE,GUAYAS,4,65632.91,45534.86,20098.050000000003,113624,8220.49,6934.57,2024
173136,AGRICOLA CORTES VILLALBA S.A. AGRICORVI,G4630,G4630.11 - VENTA AL POR MAYOR DE BANANO Y PLÁTANO.,comercio_mayorista,FALSE,LOS RIOS,13,65524.3,56291.17,9233.130000000005,370647.5,14322.14,11171.27,2024
337134,EXPORTADORA IMPORTADORA AGRICOLA EXPORBURNEO S.A.,G4630,"G4630.14 - VENTA AL POR MAYOR DE CAFÉ, CACAO, TE Y ESPECIAS.",comercio_mayorista,FALSE,MANABI,2,65431.56,8186.53,57245.03,64196.8,7931.45,5567.88,2024
165059,DIANELIZAFRUIT S.A.,A0122,"A0122.09 - OTROS CULTIVOS DE FRUTAS TROPICALES Y SUBTROPICALES: PAPAYAS, BABACOS, CHAMBUROS, AGUACATES, HIGOS, ARAZÁ, GUAYABAS, GUANÁBANA, GUABA, CHIRIMOYA, NARANJILLAS, ZAPOTES, BOROJÓ, TAMARINDO, GRANADILLAS, DÁTILES, ETCÉTERA.",cultivo_fruticola,TRUE,GUAYAS,4,65211.53,656.08,64555.45,77688.27,0,0,2024
735317,ACHKA FARM S.A.S. B.I.C.,G4620,G4620.19 - VENTA AL POR MAYOR DE OTRAS MATERIAS PRIMAS AGROPECUARIAS.,comercio_mayorista,FALSE,IMBABURA,5,65020.02,15186.95,49833.06999999999,300028.15,17957.94,14866.78,2024
328996,FRUTAS ECUADOR MULTIFRUIT S.A.S.,A0122,"A0122.09 - OTROS CULTIVOS DE FRUTAS TROPICALES Y SUBTROPICALES: PAPAYAS, BABACOS, CHAMBUROS, AGUACATES, HIGOS, ARAZÁ, GUAYABAS, GUANÁBANA, GUABA, CHIRIMOYA, NARANJILLAS, ZAPOTES, BOROJÓ, TAMARINDO, GRANADILLAS, DÁTILES, ETCÉTERA.",cultivo_fruticola,TRUE,MANABI,4,64880,61947.99,2932.010000000002,65474.48,0,21733.83,2024
309034,IMPORTADORA MARAND S.A.,G4630,"G4630.95 - VENTA AL POR MAYOR DE BEBIDAS ALCOHÓLICAS, INCLUSO EL ENVASADO DE VINO A GRANEL SIN TRANSFORMACIÓN.",comercio_mayorista,FALSE,PICHINCHA,3,64652.34,10264.59,54387.75,62719.33,-24056.45,-24056.45,2024
137536,FACTOR ECUALIMENTARE S.A.,G4630,G4630.32 - VENTA AL POR MAYOR DE CAMARÓN Y LANGOSTINOS.,comercio_mayorista,FALSE,GUAYAS,5,64360.32,64360.32,0,114000,0,0,2024
138904,QIPAKANA S.A.,G4630,G4630.11 - VENTA AL POR MAYOR DE BANANO Y PLÁTANO.,comercio_mayorista,FALSE,GUAYAS,3,64102.63,28099.02,36003.61,48179.78,3901.36,3559.56,2024
345597,VERDEMAN S.A.S.,C1030,"C1030.14 - FABRICACIÓN DE PRODUCTOS ALIMENTICIOS A PARTIR DE (UN SOLO COMPONENTE) FRUTAS, LEGUMBRES Y HORTALIZAS; INCLUSO SNACKS DE PLÁTANO (CHIFLES), YUCA, FRUTAS, ETCÉTERA, EXCEPTO PAPA.",procesamiento,FALSE,GUAYAS,4,63990.21,1381.01,62609.2,19036.89,744.89,581.01,2024
753248,PLURIBUS TRADING BV ECUADOR COMPAÑIA ANÓNIMA,G4630,G4630.23 - VENTA AL POR MAYOR DE ACEITES Y GRASAS COMESTIBLES DE ORIGEN ANIMAL O VEGETAL.,comercio_mayorista,FALSE,GUAYAS,1,63983.17,-73831,137814.16999999998,75143.53,-75081.05,-75081.05,2024
326065,ECUFRUTTA S.A.S.,C1030,"C1030.15 - ELABORACIÓN DE JUGOS (ZUMOS), NÉCTARES, CONCENTRADOS DE FRUTA FRESCA Y HORTALIZAS.",procesamiento,FALSE,GUAYAS,10,63922.36,63922.36,0,123717.95,18337.53,14303.27,2024
723681,LUA CACAO Y CHOCOLATE LUATE CIA.LTDA.,A0127,A0127.02 - CULTIVO DE CACAO.,cultivo_fruticola,FALSE,GUAYAS,4,63277.06,19857.26,43419.8,22176.32,-6609.16,-6609.16,2024
357702,RAMENTOS S.A.S.,G4630,"G4630.94 - VENTA AL POR MAYOR DE BEBIDAS NO ALCOHÓLICAS (JUGOS, GASEOSAS, AGUA MINERAL, ETCÉTERA).",comercio_mayorista,FALSE,LOS RIOS,1,63026.66,4128.37,58898.29,564348.04,0,3728.37,2024
314318,AGROECONT S.A.,A0122,A0122.01 - CULTIVO DE BANANOS Y PLÁTANOS.,cultivo_fruticola,FALSE,GUAYAS,6,62832.63,26833.97,35998.659999999996,125738.09,5715.38,4458,2024
744318,AROMAZ S.A.S.,G4630,"G4630.92 - VENTA AL POR MAYOR DE AZÚCAR, CHOCOLATE Y PRODUCTOS DE CONFITERÍA.",comercio_mayorista,FALSE,ZAMORA CHINCHIPE,2,62816.22,62204.22,612,55465.19,0,28279.63,2024
356946,EXPO COMERCIO FINO-AROMA S.A.S.,G4630,"G4630.14 - VENTA AL POR MAYOR DE CAFÉ, CACAO, TE Y ESPECIAS.",comercio_mayorista,FALSE,GUAYAS,4,62756.83,3687.71,59069.12,173749.61,2887.71,2887.71,2024
749355,PALMERA DE LOS RIOS PALRIOS S.A.,A0126,A0126.01 - CULTIVO DE PALMAS DE ACEITE (PALMA AFRICANA).,cultivo_fruticola,FALSE,LOS RIOS,4,62716.86,49361.78,13355.080000000002,1287172.28,0,5825.98,2024
102102,ADELAYSA S.A.,G4620,G4620.15 - VENTA AL POR MAYOR DE FLORES Y PLANTAS.,comercio_mayorista,FALSE,GUAYAS,4,62689.83,16190.58,46499.25,286924.85,423.08,297,2024
332375,IHPROECU S.A.S.,G4630,G4630.32 - VENTA AL POR MAYOR DE CAMARÓN Y LANGOSTINOS.,comercio_mayorista,FALSE,EL ORO,2,62560.7,14787.97,47772.729999999996,159115.32,0,-401.98,2024
346657,GOBIPETS S.A.S.,G4630,G4630.97 - VENTA AL POR MAYOR DE ALIMENTO PARA MASCOTAS (ANIMALES DOMÉSTICOS).,comercio_mayorista,FALSE,PICHINCHA,3,62383.17,-7675.24,70058.41,3328.37,-6510.33,-6510.33,2024
350221,CANDYLAB S.A.S.,C1073,"C1073.21 - ELABORACIÓN DE PRODUCTOS DE CONFITERÍA: CARAMELOS, TURRÓN, GRAGEAS Y PASTILLAS DE CONFITERÍA, GOMA DE MASCAR (CHICLES), CONFITES BLANDOS, CONFITERÍA A BASE DE CHOCOLATE Y CHOCOLATE BLANCO, ETCÉTERA.",procesamiento,FALSE,PICHINCHA,8,62144.71,-94657.48,156802.19,210804.92,-94857.48,-94857.48,2024
714630,MAYTA & GOURMET COMERCIALIZADORA ECUAGOURMET S.A.,G4630,G4630.99 - VENTA AL POR MAYOR DE OTROS PRODUCTOS COMESTIBLES (ENLATADOS Y CONSERVAS).,comercio_mayorista,FALSE,PICHINCHA,2,62116.56,204.27,61912.29,23234.39,0,-4281.86,2024
311526,TRADSYCOM C.LTDA.,G4630,"G4630.12 - VENTA AL POR MAYOR DE FRUTAS, LEGUMBRES Y HORTALIZAS.",comercio_mayorista,FALSE,PICHINCHA,4,62079.22,1825.22,60254,157587.73,0,2.17,2024
182525,COMERCIALIZADORA AGRICOLA INTEGRAL CULTIVENCOM S.A.,A0122,"A0122.09 - OTROS CULTIVOS DE FRUTAS TROPICALES Y SUBTROPICALES: PAPAYAS, BABACOS, CHAMBUROS, AGUACATES, HIGOS, ARAZÁ, GUAYABAS, GUANÁBANA, GUABA, CHIRIMOYA, NARANJILLAS, ZAPOTES, BOROJÓ, TAMARINDO, GRANADILLAS, DÁTILES, ETCÉTERA.",cultivo_fruticola,TRUE,SANTA ELENA,4,61589.33,19459.36,42129.97,61518.36,-31061.23,-31061.23,2024
328076,FOOD PORK DISTRIPORK S.A.,G4630,G4630.31 - VENTA AL POR MAYOR DE CARNE Y PRODUCTOS CÁRNICOS (INCLUIDAS LAS AVES DE CORRAL).,comercio_mayorista,FALSE,GUAYAS,2,61573.09,50996.11,10576.979999999996,147486.07,51657.13,50196.11,2024
735259,ALLURI-EXPORT S.A.S.,G4630,"G4630.92 - VENTA AL POR MAYOR DE AZÚCAR, CHOCOLATE Y PRODUCTOS DE CONFITERÍA.",comercio_mayorista,FALSE,SANTO DOMINGO DE LOS TSACHILAS,5,61430.72,19156.27,42274.45,23109.6,0,274.9,2024
178869,CHAVEGON COMERCIALIZADORA CIA.LTDA.,G4630,G4630.32 - VENTA AL POR MAYOR DE CAMARÓN Y LANGOSTINOS.,comercio_mayorista,FALSE,EL ORO,2,61239.27,60564.63,674.6399999999994,65993.2,0,-21791.79,2024
720745,PROLIC-DURAN S.A.,G4630,"G4630.95 - VENTA AL POR MAYOR DE BEBIDAS ALCOHÓLICAS, INCLUSO EL ENVASADO DE VINO A GRANEL SIN TRANSFORMACIÓN.",comercio_mayorista,FALSE,GUAYAS,4,61174.5,12201.76,48972.74,50,50,37.5,2024
738913,COMERCIALIZADORA ANAMKARA S.A.S.,A0122,A0122.04 - CULTIVO DE PIÑAS.,cultivo_fruticola,FALSE,PICHINCHA,4,61084.54,-59783.99,120868.53,33801.1,-27344.4,-27344.4,2024
742059,STRATTOCAFE S.A.,G4630,"G4630.14 - VENTA AL POR MAYOR DE CAFÉ, CACAO, TE Y ESPECIAS.",comercio_mayorista,FALSE,PICHINCHA,4,60581.94,18829.02,41752.92,55993.84,0,10354.41,2024
361029,APEXMERCANTIL SOLUTIONS S.A.S.,G4630,"G4630.12 - VENTA AL POR MAYOR DE FRUTAS, LEGUMBRES Y HORTALIZAS.",comercio_mayorista,FALSE,GUAYAS,4,60556.21,18425.16,42131.05,375027.74,0,2423.16,2024
359239,TIERRA PROMETIDA S.A.S.,G4630,"G4630.12 - VENTA AL POR MAYOR DE FRUTAS, LEGUMBRES Y HORTALIZAS.",comercio_mayorista,FALSE,PICHINCHA,13,60303.01,-701,61004.01,250927.19,0,-901,2024
744225,TABACUNDOFLOWERS S.A.S.,G4620,G4620.15 - VENTA AL POR MAYOR DE FLORES Y PLANTAS.,comercio_mayorista,FALSE,PICHINCHA,4,60302.1,16577.09,43725.009999999995,212176.6,12772.29,9275.65,2024
303382,IMPORTACIONES TRIGATET S.A.,G4630,"G4630.14 - VENTA AL POR MAYOR DE CAFÉ, CACAO, TE Y ESPECIAS.",comercio_mayorista,FALSE,GUAYAS,3,60154.14,25058.04,35096.1,274908.7,9959,7768.02,2024
743048,"''JOSCRIS "" J&C S.A.S.",G4630,"G4630.33 - VENTA AL POR MAYOR DE PESCADO, CRUSTÁCEOS, MOLUSCOS Y PRODUCTOS DE LA PESCA.",comercio_mayorista,FALSE,MANABI,4,60000,60000,0,12075,0,0,2024
730665,REFINE CORP REFINECORP S.A.S.,C1073,C1073.12 - ELABORACIÓN DE CHOCOLATE Y PRODUCTOS DE CHOCOLATE.,procesamiento,FALSE,PICHINCHA,3,59962.71,25407.21,34555.5,33972.33,0,133.77,2024
65311,ANALISIS NEMATOLOGICOS PARA EL AGRO ANEMAGRO S.A.,A0122,A0122.01 - CULTIVO DE BANANOS Y PLÁTANOS.,cultivo_fruticola,FALSE,GUAYAS,8,59771.2,46338.57,13432.629999999997,127770.4,28224.59,33201.87,2024
745998,ATAWDE SOLUTION S.A.S.,G4620,G4620.11 - VENTA AL POR MAYOR DE CEREALES (GRANOS) Y SEMILLAS.,comercio_mayorista,FALSE,GUAYAS,2,59753.8,54310.63,5443.1700000000055,178226.79,55727.1,47979.57,2024
339725,HOLYFRUITCOMPANY S.A.S.,G4620,G4620.12 - VENTA AL POR MAYOR DE FRUTOS Y SEMILLAS OLEAGINOSAS.,comercio_mayorista,FALSE,EL ORO,4,59724.15,43044.48,16679.67,59252.42,269.8,269.8,2024
728997,SANTA-FAENA S.A.S.,G4630,G4630.32 - VENTA AL POR MAYOR DE CAMARÓN Y LANGOSTINOS.,comercio_mayorista,FALSE,MANABI,3,59518.68,12764.3,46754.380000000005,164552.65,0,2117.92,2024
180624,NURIA COMERCIALIZADORA Y EXPORTADORA NURIAEXP CIA.LTDA.,G4620,G4620.11 - VENTA AL POR MAYOR DE CEREALES (GRANOS) Y SEMILLAS.,comercio_mayorista,FALSE,PICHINCHA,3,59408.61,6663.81,52744.8,677291.4,0,-8970.68,2024
715995,SUMINISTROS DEL PACIFICO SUPAC S.A.,G4630,"G4630.33 - VENTA AL POR MAYOR DE PESCADO, CRUSTÁCEOS, MOLUSCOS Y PRODUCTOS DE LA PESCA.",comercio_mayorista,FALSE,AZUAY,3,59307.81,9632.49,49675.32,234554.34,0,1720.56,2024
59472,YEMAO S.A.,G4630,G4630.23 - VENTA AL POR MAYOR DE ACEITES Y GRASAS COMESTIBLES DE ORIGEN ANIMAL O VEGETAL.,comercio_mayorista,FALSE,GUAYAS,3,59213.86,-31722.06,90935.92,69055.17,-41441.48,-41441.48,2024
323517,JCXIAL DISTRIBUCIÓN - EXPORTACION PRODUCTOS ALIMENTICIOS S.A.S.,A0122,A0122.01 - CULTIVO DE BANANOS Y PLÁTANOS.,cultivo_fruticola,FALSE,PICHINCHA,1,59211.31,4692.18,54519.13,310996.08,950.37,-287.07,2024
362645,RICMAR S.A.S.,G4630,G4630.32 - VENTA AL POR MAYOR DE CAMARÓN Y LANGOSTINOS.,comercio_mayorista,FALSE,GUAYAS,5,59046.84,18188.34,40858.5,612237.22,10497.87,8188.34,2024
359113,ALFA CENTAURI IMPORTACIONES S.A.S.,G4630,"G4630.12 - VENTA AL POR MAYOR DE FRUTAS, LEGUMBRES Y HORTALIZAS.",comercio_mayorista,FALSE,PICHINCHA,3,58856.1,3456.82,55399.28,413699.78,5489.3,3156.82,2024
180775,DAVSAN CONSTRUC S. A. CONDAVSAN,G4630,"G4630.94 - VENTA AL POR MAYOR DE BEBIDAS NO ALCOHÓLICAS (JUGOS, GASEOSAS, AGUA MINERAL, ETCÉTERA).",comercio_mayorista,FALSE,SANTA ELENA,2,58809.87,56581.65,2228.220000000001,167469.72,29519.46,27291.24,2024
303497,INDUSTRIAL AGRICOLA CORDOVA & CORDOVA AGRICORDOVA S.A.,A0127,A0127.02 - CULTIVO DE CACAO.,cultivo_fruticola,FALSE,GUAYAS,4,58738.4,19431.49,39306.91,149856.35,13731.75,10710.76,2024
169026,FRUTAS PROCESADAS S.A. FRUPROSA,G4630,"G4630.12 - VENTA AL POR MAYOR DE FRUTAS, LEGUMBRES Y HORTALIZAS.",comercio_mayorista,FALSE,PICHINCHA,16,58570.49,4649.26,53921.229999999996,213905.13,0,3097.38,2024
145283,CHOKMAH CIA. LTDA.,G4630,G4630.99 - VENTA AL POR MAYOR DE OTROS PRODUCTOS COMESTIBLES (ENLATADOS Y CONSERVAS).,comercio_mayorista,FALSE,AZUAY,4,58485.95,-71993.27,130479.22,0.83,0,-60.74,2024
369082,"SEA""BLUE"" S.A.S.",G4630,G4630.32 - VENTA AL POR MAYOR DE CAMARÓN Y LANGOSTINOS.,comercio_mayorista,FALSE,MANABI,4,58438.32,57354.79,1083.5299999999988,82534.76,57154.79,57154.79,2024
361675,CRAKNAC-COMPANY S.A.S.,C1030,"C1030.14 - FABRICACIÓN DE PRODUCTOS ALIMENTICIOS A PARTIR DE (UN SOLO COMPONENTE) FRUTAS, LEGUMBRES Y HORTALIZAS; INCLUSO SNACKS DE PLÁTANO (CHIFLES), YUCA, FRUTAS, ETCÉTERA, EXCEPTO PAPA.",procesamiento,FALSE,PICHINCHA,2,58359.7,-7201.64,65561.34,67575.07,0,-9201.64,2024
29708,MOONFISH S.A.,G4630,G4630.32 - VENTA AL POR MAYOR DE CAMARÓN Y LANGOSTINOS.,comercio_mayorista,FALSE,SANTA ELENA,4,58253.36,27228.24,31025.12,199958.26,10570.83,8232.05,2024
52172,M & E COMPANIA DE COMERCIO EXTERIOR MEPACITER CIA. LTDA.,G4630,"G4630.95 - VENTA AL POR MAYOR DE BEBIDAS ALCOHÓLICAS, INCLUSO EL ENVASADO DE VINO A GRANEL SIN TRANSFORMACIÓN.",comercio_mayorista,FALSE,PICHINCHA,2,57904.9,17318.51,40586.39,10869.57,0,-20174.52,2024
178921,MARMALEC S.A.,G4630,"G4630.21 - VENTA AL POR MAYOR DE PRODUCTOS LÁCTEOS, INCLUIDO HELADOS, BOLOS, ETCÉTERA.",comercio_mayorista,FALSE,PICHINCHA,11,57555.3,29854.05,27701.250000000004,171802.08,2146.21,-126.33,2024
124215,GRUBRALOOR S.A.,G4620,G4620.11 - VENTA AL POR MAYOR DE CEREALES (GRANOS) Y SEMILLAS.,comercio_mayorista,FALSE,LOS RIOS,4,57507.61,38560.53,18947.08,217633.62,25706.81,11264.78,2024
353465,COPAN S.A.S.,C1030,"C1030.30 - SERVICIOS DE APOYO A LA ELABORACIÓN Y CONSERVACIÓN DE FRUTAS, LEGUMBRES Y HORTALIZAS A CAMBIO DE UNA RETRIBUCIÓN O POR CONTRATO: PELADO INDUSTRIAL DE PAPAS, ETCÉTERA.",procesamiento,FALSE,PICHINCHA,2,57476.71,56730,746.7099999999991,28282.91,7554.36,5892.4,2024
361866,CARNISARIATO JR - CUBA CARNICUBA S.A.S.,G4630,G4630.31 - VENTA AL POR MAYOR DE CARNE Y PRODUCTOS CÁRNICOS (INCLUIDAS LAS AVES DE CORRAL).,comercio_mayorista,FALSE,MANABI,1,57267.91,13966.41,43301.5,116579.04,0,13916.41,2024
357734,AGROHACIENDA ISLAVERDE S.A.,A0122,A0122.01 - CULTIVO DE BANANOS Y PLÁTANOS.,cultivo_fruticola,FALSE,MANABI,4,57151.37,5507.21,51644.16,77560.45,0,4707.21,2024
327225,ECCO GROUPS ECCOGROUPS S.A.S.,G4630,"G4630.12 - VENTA AL POR MAYOR DE FRUTAS, LEGUMBRES Y HORTALIZAS.",comercio_mayorista,FALSE,GUAYAS,2,57100.18,27950.88,29149.3,38133.2,1339.33,1044.68,2024
372064,CHANO MAR FRESH FISH S.A.S.,G4630,"G4630.33 - VENTA AL POR MAYOR DE PESCADO, CRUSTÁCEOS, MOLUSCOS Y PRODUCTOS DE LA PESCA.",comercio_mayorista,FALSE,GUAYAS,1,57039.21,3561.54,53477.67,114311,1439.84,561.54,2024
710605,WARYFOOD S.A.,C1030,"C1030.11 - ELABORACIÓN DE ALIMENTOS COMPUESTOS (MEZCLA) PRINCIPALMENTE DE FRUTAS LEGUMBRES U HORTALIZAS, EXCEPTO PLATOS PREPARADOS EN FORMA CONGELADA O ENLATADA LISTOS PARA CONSUMIR.",procesamiento,FALSE,PICHINCHA,3,56894.4,15215.19,41679.21,58515.99,643.84,171.39,2024
147782,OMNINEGOCIOS S.A.,A0122,"A0122.09 - OTROS CULTIVOS DE FRUTAS TROPICALES Y SUBTROPICALES: PAPAYAS, BABACOS, CHAMBUROS, AGUACATES, HIGOS, ARAZÁ, GUAYABAS, GUANÁBANA, GUABA, CHIRIMOYA, NARANJILLAS, ZAPOTES, BOROJÓ, TAMARINDO, GRANADILLAS, DÁTILES, ETCÉTERA.",cultivo_fruticola,TRUE,GUAYAS,2,56709.82,800,55909.82,195953.4,0,0,2024
720106,GEVBRANDS CIA.LTDA.,G4630,"G4630.94 - VENTA AL POR MAYOR DE BEBIDAS NO ALCOHÓLICAS (JUGOS, GASEOSAS, AGUA MINERAL, ETCÉTERA).",comercio_mayorista,FALSE,PICHINCHA,2,56425.95,1438.33,54987.619999999995,24535.18,7678.75,7678.75,2024
755157,PARLUFRUIT C.L.,A0122,A0122.01 - CULTIVO DE BANANOS Y PLÁTANOS.,cultivo_fruticola,FALSE,EL ORO,5,56337.48,-1975.29,58312.770000000004,88185.33,-2375.29,-2375.29,2024
751459,AGRIRAFER S.A.S.,A0122,A0122.01 - CULTIVO DE BANANOS Y PLÁTANOS.,cultivo_fruticola,FALSE,LOS RIOS,2,56018.02,892.87,55125.149999999994,9000,0,28.63,2024
310485,SPORT & FRUITS PUREZADEFRUTA S.A.,C1030,"C1030.12 - CONSERVACIÓN DE FRUTAS, PULPA DE FRUTAS, LEGUMBRES Y HORTALIZAS MEDIANTE EL CONGELADO, SECADO, DESHIDRATADO, INMERSIÓN EN ACEITE O VINAGRE, ENLATADO, ETCÉTERA.",procesamiento,FALSE,PICHINCHA,4,55442.79,43315.55,12127.239999999998,12634.49,0,-1950.44,2024
137571,ALCAMPOS S.A.,G4630,"G4630.12 - VENTA AL POR MAYOR DE FRUTAS, LEGUMBRES Y HORTALIZAS.",comercio_mayorista,FALSE,GUAYAS,1,55150.43,33978.58,21171.85,3180,82.88,64.64,2024
348313,FRUTALIANZA S.A.S.,G4630,G4630.11 - VENTA AL POR MAYOR DE BANANO Y PLÁTANO.,comercio_mayorista,FALSE,GUAYAS,2,55136.73,7406.64,47730.090000000004,8130267.83,614.5,614.5,2024
97649,MAYTUZAM CIA. LTDA.,G4630,G4630.11 - VENTA AL POR MAYOR DE BANANO Y PLÁTANO.,comercio_mayorista,FALSE,EL ORO,4,55026.17,30113.62,24912.55,70,0,39.37,2024
363287,INCARUMI S.A.S.,G4630,"G4630.95 - VENTA AL POR MAYOR DE BEBIDAS ALCOHÓLICAS, INCLUSO EL ENVASADO DE VINO A GRANEL SIN TRANSFORMACIÓN.",comercio_mayorista,FALSE,COTOPAXI,5,54931.38,8873.77,46057.61,457621.09,9352.76,7148.77,2024
735206,ALIMENTOS MAXSAVE S.A.S.,C1030,"C1030.12 - CONSERVACIÓN DE FRUTAS, PULPA DE FRUTAS, LEGUMBRES Y HORTALIZAS MEDIANTE EL CONGELADO, SECADO, DESHIDRATADO, INMERSIÓN EN ACEITE O VINAGRE, ENLATADO, ETCÉTERA.",procesamiento,FALSE,PICHINCHA,4,54696.11,22529.06,32167.05,41545.6,0,5547.81,2024
324327,DISTRIBUIDORA MOINA&HURTADO S.A.S.,G4630,"G4630.12 - VENTA AL POR MAYOR DE FRUTAS, LEGUMBRES Y HORTALIZAS.",comercio_mayorista,FALSE,PICHINCHA,2,54670.38,14333.65,40336.729999999996,126846.05,5084.66,3659.13,2024
732256,CHEMICAL EARTH S A CHEARTHSA C.A.,G4620,G4620.19 - VENTA AL POR MAYOR DE OTRAS MATERIAS PRIMAS AGROPECUARIAS.,comercio_mayorista,FALSE,GUAYAS,3,54458,54052.27,405.7300000000032,53962,0,47886.47,2024
314966,CORPORACION ECUATORIANA DE EXPORTACION E IMPORTACION CAMPOEXPIMEC CIA.LTDA.,G4620,G4620.15 - VENTA AL POR MAYOR DE FLORES Y PLANTAS.,comercio_mayorista,FALSE,PICHINCHA,4,54222.28,33194.54,21027.739999999998,165957.75,83.94,65.47,2024
346792,FARMAYAH ELET S.A.S.,G4620,G4620.19 - VENTA AL POR MAYOR DE OTRAS MATERIAS PRIMAS AGROPECUARIAS.,comercio_mayorista,FALSE,GUAYAS,2,54071.36,2167.77,51903.590000000004,74590.26,2675.11,2006.33,2024
335346,GLOBAL MARKET EXPORT & IMPORT GMEI S.A.S.,G4630,"G4630.12 - VENTA AL POR MAYOR DE FRUTAS, LEGUMBRES Y HORTALIZAS.",comercio_mayorista,FALSE,GUAYAS,4,53862.46,43744.95,10117.510000000002,255818.8,23125.67,21369.92,2024
328295,YAGUEL MAPU ECUADOR S.A.S.,G4630,"G4630.12 - VENTA AL POR MAYOR DE FRUTAS, LEGUMBRES Y HORTALIZAS.",comercio_mayorista,FALSE,GUAYAS,3,53739.64,19219.67,34519.97,684926.98,5152.9,4019.26,2024
722663,ROSUPESMAR S.A.,G4630,"G4630.33 - VENTA AL POR MAYOR DE PESCADO, CRUSTÁCEOS, MOLUSCOS Y PRODUCTOS DE LA PESCA.",comercio_mayorista,FALSE,MANABI,4,53697.12,50705.63,2991.4900000000052,52375.82,0,2110.34,2024
366119,"PROYECTOS JOTA ""PJ"" S.A.S.",G4630,"G4630.14 - VENTA AL POR MAYOR DE CAFÉ, CACAO, TE Y ESPECIAS.",comercio_mayorista,FALSE,LOJA,4,53516.12,53516.12,0,53598,0,53516.12,2024
743700,GOZOKI S.A.S.,C1073,C1073.12 - ELABORACIÓN DE CHOCOLATE Y PRODUCTOS DE CHOCOLATE.,procesamiento,FALSE,PICHINCHA,3,53388.79,2942.65,50446.14,149807.18,1869.56,272.65,2024
324890,SOULFOODS S.A.S.,C1030,"C1030.14 - FABRICACIÓN DE PRODUCTOS ALIMENTICIOS A PARTIR DE (UN SOLO COMPONENTE) FRUTAS, LEGUMBRES Y HORTALIZAS; INCLUSO SNACKS DE PLÁTANO (CHIFLES), YUCA, FRUTAS, ETCÉTERA, EXCEPTO PAPA.",procesamiento,FALSE,PICHINCHA,5,53284.07,8042.93,45241.14,137297.15,-2914.88,-4645.13,2024
172279,ECUAMOLSA S.A.,G4630,G4630.99 - VENTA AL POR MAYOR DE OTROS PRODUCTOS COMESTIBLES (ENLATADOS Y CONSERVAS).,comercio_mayorista,FALSE,PICHINCHA,4,53257.29,40816.2,12441.090000000004,12000,0,6915.95,2024
747905,AGROFERTIZA S.A.S.,G4630,"G4630.12 - VENTA AL POR MAYOR DE FRUTAS, LEGUMBRES Y HORTALIZAS.",comercio_mayorista,FALSE,GUAYAS,3,53049.33,-14256.9,67306.23,2998.7,0,-9430.23,2024
116173,VALERON S.A.,G4630,G4630.91 - VENTA AL POR MAYOR DE ARROZ.,comercio_mayorista,FALSE,GUAYAS,3,53002.99,53002.99,0,63414.5,621.61,47285.71,2024
73935,BARENSA S A,G4630,"G4630.21 - VENTA AL POR MAYOR DE PRODUCTOS LÁCTEOS, INCLUIDO HELADOS, BOLOS, ETCÉTERA.",comercio_mayorista,FALSE,GUAYAS,4,52695.27,51540.91,1154.3599999999933,10538.58,0,2384.84,2024
355794,COYOLES S.A.S.,A0122,A0122.01 - CULTIVO DE BANANOS Y PLÁTANOS.,cultivo_fruticola,FALSE,GUAYAS,1,52649.16,39686.87,12962.29,1359670.83,51849.16,38886.87,2024
719332,DISTRIBUIDORA POMAQUERO DISTRIQUERO S.A.,G4630,G4630.22 - VENTA AL POR MAYOR DE HUEVOS Y PRODUCTOS A BASE DE HUEVOS.,comercio_mayorista,FALSE,GUAYAS,2,52414.88,26563.6,25851.28,721900.25,0,11424.05,2024
307673,IMPORTADORA Y COMERCIALIZADORA THAT'S BITTER SWEETDRINKS C.L.,C1030,"C1030.15 - ELABORACIÓN DE JUGOS (ZUMOS), NÉCTARES, CONCENTRADOS DE FRUTA FRESCA Y HORTALIZAS.",procesamiento,FALSE,PICHINCHA,6,52392.44,23220.9,29171.54,205582.16,6228.24,3319.08,2024
97195,ZARUCOFFEE CIA. LTDA.,G4630,"G4630.14 - VENTA AL POR MAYOR DE CAFÉ, CACAO, TE Y ESPECIAS.",comercio_mayorista,FALSE,EL ORO,4,52347.54,51893.36,454.1800000000003,63814.92,1953.1,705.16,2024
337314,FRUITECUA LIFE S.A.S.,A0122,A0122.04 - CULTIVO DE PIÑAS.,cultivo_fruticola,FALSE,SANTO DOMINGO DE LOS TSACHILAS,5,52260,-34365.58,86625.58,3793.98,-35365.58,-35365.58,2024
366139,ACN SWEETCRAFT S.A.S.,C1030,"C1030.11 - ELABORACIÓN DE ALIMENTOS COMPUESTOS (MEZCLA) PRINCIPALMENTE DE FRUTAS LEGUMBRES U HORTALIZAS, EXCEPTO PLATOS PREPARADOS EN FORMA CONGELADA O ENLATADA LISTOS PARA CONSUMIR.",procesamiento,FALSE,PICHINCHA,7,52191.19,70.17,52121.020000000004,4441.86,0,-29.83,2024
347868,EPFI IBARRA S.A.S.,G4630,"G4630.12 - VENTA AL POR MAYOR DE FRUTAS, LEGUMBRES Y HORTALIZAS.",comercio_mayorista,FALSE,IMBABURA,4,52124.15,21489.62,30634.530000000002,696971.73,0,21489.62,2024
754503,NUTRIENTES ECUATORIANOS NUTRECSA CIA.LTDA.,C1030,"C1030.14 - FABRICACIÓN DE PRODUCTOS ALIMENTICIOS A PARTIR DE (UN SOLO COMPONENTE) FRUTAS, LEGUMBRES Y HORTALIZAS; INCLUSO SNACKS DE PLÁTANO (CHIFLES), YUCA, FRUTAS, ETCÉTERA, EXCEPTO PAPA.",procesamiento,FALSE,PICHINCHA,6,51810.89,-49693.26,101504.15,702.96,-50693.26,-50693.26,2024
745204,ACOSTA SNACKS S.A.S.,C1030,C1030.23 - ELABORACIÓN DE PAPAS FRITAS Y SNACKS DE PAPAS.,procesamiento,FALSE,GUAYAS,10,51762.09,-48226.42,99988.51,129666.63,0,2994.02,2024
340934,GRUPOMAX S.A.S.,A0127,A0127.01 - CULTIVO DE CAFÉ.,cultivo_fruticola,FALSE,CARCHI,2,51655.66,-7170.15,58825.810000000005,107589.22,0,-128,2024
182912,CARNICOS PROCESADOS DEL ECUADOR CAPRODE S.A.,G4620,G4620.21 - VENTA AL POR MAYOR DE ANIMALES VIVOS.,comercio_mayorista,FALSE,PICHINCHA,4,51650.01,-15127.78,66777.79000000001,23871.71,0,412.52,2024
315461,LIKORE CIA.LTDA.,G4630,"G4630.95 - VENTA AL POR MAYOR DE BEBIDAS ALCOHÓLICAS, INCLUSO EL ENVASADO DE VINO A GRANEL SIN TRANSFORMACIÓN.",comercio_mayorista,FALSE,PICHINCHA,3,51608.51,11021.19,40587.32,139135.4,481.13,-365.64,2024
303432,GOLD NATURAL PRODUCTS GOLDNAPRO CIA.LTDA.,C1030,"C1030.15 - ELABORACIÓN DE JUGOS (ZUMOS), NÉCTARES, CONCENTRADOS DE FRUTA FRESCA Y HORTALIZAS.",procesamiento,FALSE,GUAYAS,4,51444.5,20794.47,30650.03,154604.4,10158.3,10158.3,2024
338204,PROCESOS DE MARISCOS PRODEMAR S.A.,G4630,"G4630.33 - VENTA AL POR MAYOR DE PESCADO, CRUSTÁCEOS, MOLUSCOS Y PRODUCTOS DE LA PESCA.",comercio_mayorista,FALSE,GUAYAS,4,51249.25,48651.24,2598.010000000002,121612.95,14542.61,14510.94,2024
318024,ANCOMAR S.A.,G4630,G4630.11 - VENTA AL POR MAYOR DE BANANO Y PLÁTANO.,comercio_mayorista,FALSE,GUAYAS,2,51199.21,900.84,50298.37,9600,76.72,59.84,2024
749603,IRONGRUP S.A.,A0122,A0122.01 - CULTIVO DE BANANOS Y PLÁTANOS.,cultivo_fruticola,FALSE,GUAYAS,2,50959.14,39961.6,10997.54,116750.27,0,0,2024
316008,MILLON ROSES MILLONROSES S.A.,G4620,G4620.15 - VENTA AL POR MAYOR DE FLORES Y PLANTAS.,comercio_mayorista,FALSE,PICHINCHA,7,50829.19,33810.04,17019.15,95537.15,2971.96,2971.96,2024
722558,DANICAFRUITS S.A.,G4630,G4630.11 - VENTA AL POR MAYOR DE BANANO Y PLÁTANO.,comercio_mayorista,FALSE,GUAYAS,4,50784.04,3290.9,47493.14,22500,0,1334.28,2024
313310,LEPLANTEC S.A.,G4620,G4620.15 - VENTA AL POR MAYOR DE FLORES Y PLANTAS.,comercio_mayorista,FALSE,TUNGURAHUA,5,50655.19,-41875.24,92530.43,68430.88,68.53,80.62,2024
740089,LICORPREMIUM S.A.S.,G4630,"G4630.95 - VENTA AL POR MAYOR DE BEBIDAS ALCOHÓLICAS, INCLUSO EL ENVASADO DE VINO A GRANEL SIN TRANSFORMACIÓN.",comercio_mayorista,FALSE,GUAYAS,4,50595.28,50273.14,322.1399999999994,457188.23,755.36,566.52,2024
752636,DETECMACAS S.A.,A0122,A0122.01 - CULTIVO DE BANANOS Y PLÁTANOS.,cultivo_fruticola,FALSE,LOS RIOS,2,50529.75,50521,8.75,35,35,26.25,2024
363055,FRUITWISE GLOBAL S.A.S.,G4630,"G4630.12 - VENTA AL POR MAYOR DE FRUTAS, LEGUMBRES Y HORTALIZAS.",comercio_mayorista,FALSE,PICHINCHA,2,50473.33,4355.45,46117.880000000005,579960.04,0,2355.45,2024
359230,ELMOLINERO S.A.S.,G4630,G4630.32 - VENTA AL POR MAYOR DE CAMARÓN Y LANGOSTINOS.,comercio_mayorista,FALSE,MANABI,4,50398.86,49972.06,426.8000000000029,54456,49872.06,49872.06,2024
362992,AGROCOFRUT S.A.S.,G4630,G4630.11 - VENTA AL POR MAYOR DE BANANO Y PLÁTANO.,comercio_mayorista,FALSE,EL ORO,4,50304.4,5000,45304.4,42538.5,0,0,2024
143552,FRUTALEGCA S.A.,G4630,"G4630.12 - VENTA AL POR MAYOR DE FRUTAS, LEGUMBRES Y HORTALIZAS.",comercio_mayorista,FALSE,GUAYAS,3,50090.71,6614.88,43475.83,216175.21,1295.3,1010.33,2024
725249,AGRICULTIVO S.A.,A0127,A0127.02 - CULTIVO DE CACAO.,cultivo_fruticola,FALSE,GUAYAS,14,50014.54,10444.73,39569.81,65656.5,940.27,733.41,2024
319874,BARCOB S.A.,G4630,"G4630.33 - VENTA AL POR MAYOR DE PESCADO, CRUSTÁCEOS, MOLUSCOS Y PRODUCTOS DE LA PESCA.",comercio_mayorista,FALSE,GUAYAS,6,50002.45,28459.18,21543.269999999997,7880.09,1840.38,1435.5,2024
304597,COMERCIALIZADORA ''AB AN JO'' ABANJOCOM CIA.LTDA.,C1030,"C1030.15 - ELABORACIÓN DE JUGOS (ZUMOS), NÉCTARES, CONCENTRADOS DE FRUTA FRESCA Y HORTALIZAS.",procesamiento,FALSE,SANTO DOMINGO DE LOS TSACHILAS,3,49965.41,41659.72,8305.690000000002,109537.32,2541.69,1906.27,2024
368021,PESCAPREMIUM S.A.S.,G4630,"G4630.33 - VENTA AL POR MAYOR DE PESCADO, CRUSTÁCEOS, MOLUSCOS Y PRODUCTOS DE LA PESCA.",comercio_mayorista,FALSE,PICHINCHA,4,49901.09,29410.13,20490.959999999995,45762.4,-540,-540,2024
709156,FESUREXO S.A.,A0122,A0122.02 - CULTIVO DE MANGOS.,cultivo_fruticola,FALSE,GUAYAS,4,49603.07,49296.68,306.3899999999994,50639.09,0,21255.04,2024
341081,ZAMUAGRO S.A.S.,A0122,"A0122.09 - OTROS CULTIVOS DE FRUTAS TROPICALES Y SUBTROPICALES: PAPAYAS, BABACOS, CHAMBUROS, AGUACATES, HIGOS, ARAZÁ, GUAYABAS, GUANÁBANA, GUABA, CHIRIMOYA, NARANJILLAS, ZAPOTES, BOROJÓ, TAMARINDO, GRANADILLAS, DÁTILES, ETCÉTERA.",cultivo_fruticola,TRUE,MANABI,3,49564.59,39839.25,9725.339999999997,126390.77,44206.11,34480.77,2024
329198,ESSENTIAL S.A.S.,G4620,G4620.19 - VENTA AL POR MAYOR DE OTRAS MATERIAS PRIMAS AGROPECUARIAS.,comercio_mayorista,FALSE,PICHINCHA,3,49533.17,629.94,48903.229999999996,59944.94,529.94,529.94,2024
345893,LA PEZCAZA S.A.S.,G4630,G4630.31 - VENTA AL POR MAYOR DE CARNE Y PRODUCTOS CÁRNICOS (INCLUIDAS LAS AVES DE CORRAL).,comercio_mayorista,FALSE,PICHINCHA,2,49387.28,8637.83,40749.45,157481.97,-3422.52,-5475.95,2024
360741,ROBERT-PONCE COMPANY S.A.S.,G4630,G4630.99 - VENTA AL POR MAYOR DE OTROS PRODUCTOS COMESTIBLES (ENLATADOS Y CONSERVAS).,comercio_mayorista,FALSE,MANABI,15,49320.12,7595.74,41724.380000000005,6737631.01,15984.68,6795.74,2024
745282,SURSALINA S.A.S.,G4630,G4630.32 - VENTA AL POR MAYOR DE CAMARÓN Y LANGOSTINOS.,comercio_mayorista,FALSE,EL ORO,1,49254.61,20549.03,28705.58,277165.81,13461.76,13158.11,2024
348823,ALIMENTOS DEL VALLE KADUL S.A.S.,G4630,G4630.99 - VENTA AL POR MAYOR DE OTROS PRODUCTOS COMESTIBLES (ENLATADOS Y CONSERVAS).,comercio_mayorista,FALSE,PICHINCHA,2,48846.91,-6085.48,54932.39,65421.95,2914.99,2914.99,2024
743952,EXPORTADORA DE BANANO RICA FRUTA EXPOBAN RICFRUT S.A.S.,G4630,G4630.11 - VENTA AL POR MAYOR DE BANANO Y PLÁTANO.,comercio_mayorista,FALSE,EL ORO,5,48822.4,16901.68,31920.72,254920.5,4805.67,3748.42,2024
348623,ACOPIOS ECUADOR AC-EC S.A.S.,G4630,"G4630.14 - VENTA AL POR MAYOR DE CAFÉ, CACAO, TE Y ESPECIAS.",comercio_mayorista,FALSE,EL ORO,1,48746.45,21616.94,27129.51,1019396.96,18422.03,18422.03,2024
173415,"EXPORTADORA DE FRUTAS DEL CAMPO, CAMPOFRUIT S.A.",G4630,"G4630.12 - VENTA AL POR MAYOR DE FRUTAS, LEGUMBRES Y HORTALIZAS.",comercio_mayorista,FALSE,GUAYAS,1,48712.53,9024.02,39688.509999999995,107160.57,7835.92,6024.02,2024
369177,DISMARZ S.A.S.,G4630,"G4630.33 - VENTA AL POR MAYOR DE PESCADO, CRUSTÁCEOS, MOLUSCOS Y PRODUCTOS DE LA PESCA.",comercio_mayorista,FALSE,GUAYAS,2,48712.53,9024.02,39688.509999999995,107160.57,7835.92,6024.02,2024
739245,EXPARDEC CIA.LTDA.,G4630,G4630.32 - VENTA AL POR MAYOR DE CAMARÓN Y LANGOSTINOS.,comercio_mayorista,FALSE,EL ORO,6,48651.31,48651.31,0,263592.84,58169.56,55197.14,2024
747119,CORPROBAN S.A.,G4630,G4630.11 - VENTA AL POR MAYOR DE BANANO Y PLÁTANO.,comercio_mayorista,FALSE,EL ORO,4,48544.46,17584.21,30960.25,354897.01,24498.06,20876.72,2024
722313,AGRICOLA OPLA CIA.LTDA.,A0125,"A0125.09 - OTROS CULTIVOS DE FRUTOS DE ÁRBOLES Y ARBUSTOS: PITAHAYA, TUNA, ALGARROBA, TAXOS, ETCÉTERA.",cultivo_fruticola,TRUE,MORONA SANTIAGO,4,48078.11,-36204.54,84282.65,197708.64,0,-36704.54,2024
725607,AGROINDUSTRIAL UZCATEGUI AGROUZCATEGUI CIA.LTDA.,G4620,G4620.12 - VENTA AL POR MAYOR DE FRUTOS Y SEMILLAS OLEAGINOSAS.,comercio_mayorista,FALSE,TUNGURAHUA,7,47930.15,-62745.43,110675.58,11871.35,0,-11901.94,2024
748616,RIAMEXPORTACIONES CIA.LTDA.,G4620,G4620.15 - VENTA AL POR MAYOR DE FLORES Y PLANTAS.,comercio_mayorista,FALSE,PICHINCHA,4,47583.46,991.52,46591.94,110695.59,0,131.53,2024
755143,ECO ALTURA ECAL S.A.S.,A0122,A0122.01 - CULTIVO DE BANANOS Y PLÁTANOS.,cultivo_fruticola,FALSE,GALAPAGOS,4,47200.01,-31.22,47231.23,0.01,-462.46,-231.23,2024
319270,COMPAÑIA AGRICOLA BANANERA GOLD IN GREEN COBACORG CIA.LTDA.,A0122,A0122.01 - CULTIVO DE BANANOS Y PLÁTANOS.,cultivo_fruticola,FALSE,EL ORO,11,47172.06,-130976.56,178148.62,305150.1,-128675.26,-131978.05,2024
140889,BENILDE S.A.,A0122,A0122.01 - CULTIVO DE BANANOS Y PLÁTANOS.,cultivo_fruticola,FALSE,GUAYAS,4,46945.7,46945.7,0,56.66,0,0,2024
356268,MBSF MAR BRAVO SEAFOOD S.A.S.,G4630,G4630.32 - VENTA AL POR MAYOR DE CAMARÓN Y LANGOSTINOS.,comercio_mayorista,FALSE,GUAYAS,1,46872.25,3188.18,43684.07,831687.71,0,2428.83,2024
319424,ARANDANOS EQUINOCCIO BLUEQUINOX S.A.,A0125,"A0125.01 - CULTIVO DE BAYAS GROSELLAS, GROSELLAS ESPINOSAS, KIWIS, FRAMBUESAS, FRESAS (FRUTILLAS), MORAS, MORTIÑOS (ARÁNDANOS), UVILLA Y OTRAS BAYAS.",cultivo_fruticola,TRUE,PICHINCHA,2,46810.66,27472.91,19337.750000000004,55635.52,2211.61,1380.04,2024
347780,AG-GRAIN SOLUTIONS S.A.S.,G4620,G4620.11 - VENTA AL POR MAYOR DE CEREALES (GRANOS) Y SEMILLAS.,comercio_mayorista,FALSE,GUAYAS,1,46710.08,14307.85,32402.230000000003,2252005.44,38618.86,13307.85,2024
747201,CAPITALFRUIT S.A.S.,G4630,G4630.11 - VENTA AL POR MAYOR DE BANANO Y PLÁTANO.,comercio_mayorista,FALSE,GUAYAS,2,46608.05,39230.59,7377.460000000006,209955.07,0,-485.34,2024
320114,PRIMEFLOWER CIA.LTDA.,G4620,G4620.15 - VENTA AL POR MAYOR DE FLORES Y PLANTAS.,comercio_mayorista,FALSE,PICHINCHA,8,46510.06,3215.87,43294.189999999995,107993.01,1029.56,1029.56,2024
172461,CITRISANTA SOCIEDAD ANONIMA,G4630,"G4630.12 - VENTA AL POR MAYOR DE FRUTAS, LEGUMBRES Y HORTALIZAS.",comercio_mayorista,FALSE,PICHINCHA,1,46478.61,-43128.38,89606.98999999999,133348.49,-49722.82,-49722.82,2024
363474,LICORICE S.A.S.,G4630,"G4630.95 - VENTA AL POR MAYOR DE BEBIDAS ALCOHÓLICAS, INCLUSO EL ENVASADO DE VINO A GRANEL SIN TRANSFORMACIÓN.",comercio_mayorista,FALSE,GUAYAS,2,46424.04,-36170.38,82594.42,177503.05,-36670.38,-36670.38,2024
346133,KAPEZ SEAFOOD S.A.S.,G4630,"G4630.33 - VENTA AL POR MAYOR DE PESCADO, CRUSTÁCEOS, MOLUSCOS Y PRODUCTOS DE LA PESCA.",comercio_mayorista,FALSE,GUAYAS,2,46259.53,6990.97,39268.56,48387.38,712.45,555.71,2024
712747,COMPAÑIA '' HATSS '' HATSSA S.A.,C1030,"C1030.11 - ELABORACIÓN DE ALIMENTOS COMPUESTOS (MEZCLA) PRINCIPALMENTE DE FRUTAS LEGUMBRES U HORTALIZAS, EXCEPTO PLATOS PREPARADOS EN FORMA CONGELADA O ENLATADA LISTOS PARA CONSUMIR.",procesamiento,FALSE,GUAYAS,2,46021.39,43132.65,2888.739999999998,11141.75,2600.15,2565.15,2024
351444,QUESERÍA TRADICIÓN EUROPEA S.A.S.,G4630,"G4630.21 - VENTA AL POR MAYOR DE PRODUCTOS LÁCTEOS, INCLUIDO HELADOS, BOLOS, ETCÉTERA.",comercio_mayorista,FALSE,NAPO,8,45955.43,-1336.99,47292.42,65873.99,0,-1802.03,2024
157786,ARIBA FLOWERS CIA. LTDA.,G4620,G4620.15 - VENTA AL POR MAYOR DE FLORES Y PLANTAS.,comercio_mayorista,FALSE,PICHINCHA,4,45808.18,826.45,44981.73,89131.4,411.22,-473.25,2024
351074,FLEXIMAQUI S.A.S.,G4630,"G4630.94 - VENTA AL POR MAYOR DE BEBIDAS NO ALCOHÓLICAS (JUGOS, GASEOSAS, AGUA MINERAL, ETCÉTERA).",comercio_mayorista,FALSE,PICHINCHA,3,45751.09,-739.59,46490.67999999999,10174,0,1.09,2024
325592,COMERCIO ESCOBAR & HIJOS VILSE S.A.,G4630,"G4630.95 - VENTA AL POR MAYOR DE BEBIDAS ALCOHÓLICAS, INCLUSO EL ENVASADO DE VINO A GRANEL SIN TRANSFORMACIÓN.",comercio_mayorista,FALSE,GUAYAS,5,45735.6,4219.1,41516.5,97416.48,690,538.2,2024
335107,GAMAC DISTRIBUCIONES S.A.S.,G4630,G4630.91 - VENTA AL POR MAYOR DE ARROZ.,comercio_mayorista,FALSE,PICHINCHA,7,45684.63,151,45533.63,16594.4,0.85,1,2024
743892,PRODUCTOS CAMPESTRES CAMPRODUC S.A.S.,G4630,G4630.31 - VENTA AL POR MAYOR DE CARNE Y PRODUCTOS CÁRNICOS (INCLUIDAS LAS AVES DE CORRAL).,comercio_mayorista,FALSE,GUAYAS,4,45620.83,40198.44,5422.389999999999,30398.23,15577.08,15577.08,2024
95885,J.M.J DISTRIBUCIONES CIA. LTDA.,G4630,"G4630.95 - VENTA AL POR MAYOR DE BEBIDAS ALCOHÓLICAS, INCLUSO EL ENVASADO DE VINO A GRANEL SIN TRANSFORMACIÓN.",comercio_mayorista,FALSE,MANABI,5,45587.38,1323.91,44263.469999999994,12548.18,175.81,140.81,2024
722600,GLOBAL TRADING COMERCIO INTERNACIONAL MANAEXPORTCOM CIA.LTDA.,G4630,"G4630.12 - VENTA AL POR MAYOR DE FRUTAS, LEGUMBRES Y HORTALIZAS.",comercio_mayorista,FALSE,PICHINCHA,5,45579.67,6681.49,38898.18,163069.25,1079.38,1079.38,2024
358323,EXPORTADORA DE FRUTAS ASTUDILLO ZAMBRANO EXPORFRAZ S.A.S.,G4630,G4630.11 - VENTA AL POR MAYOR DE BANANO Y PLÁTANO.,comercio_mayorista,FALSE,EL ORO,2,45517.74,19871.86,25645.879999999997,328798.41,24205.96,18871.86,2024
80415,CULTURATE S.A.,G4630,"G4630.33 - VENTA AL POR MAYOR DE PESCADO, CRUSTÁCEOS, MOLUSCOS Y PRODUCTOS DE LA PESCA.",comercio_mayorista,FALSE,GUAYAS,8,45370.08,45365.08,5,737894.33,0,7116.95,2024
723487,REALFOODS-ECUADOR S.A.,C1030,"C1030.12 - CONSERVACIÓN DE FRUTAS, PULPA DE FRUTAS, LEGUMBRES Y HORTALIZAS MEDIANTE EL CONGELADO, SECADO, DESHIDRATADO, INMERSIÓN EN ACEITE O VINAGRE, ENLATADO, ETCÉTERA.",procesamiento,FALSE,GUAYAS,2,45324.32,45209.06,115.26000000000204,25525.55,0,24608.49,2024
368236,TROPIGOLD S.A.S.,G4630,"G4630.12 - VENTA AL POR MAYOR DE FRUTAS, LEGUMBRES Y HORTALIZAS.",comercio_mayorista,FALSE,PICHINCHA,4,45297.03,10722.02,34575.009999999995,44169.5,0,10722.02,2024
316562,QUALITY BANANA QB S.A.,G4630,G4630.11 - VENTA AL POR MAYOR DE BANANO Y PLÁTANO.,comercio_mayorista,FALSE,GUAYAS,4,45292.89,19303.17,25989.72,2498582.19,22227.72,18666.51,2024
349032,EXPORT SOLUTIONS EXPORSOL S.A.S.,G4630,G4630.11 - VENTA AL POR MAYOR DE BANANO Y PLÁTANO.,comercio_mayorista,FALSE,GUAYAS,4,45250,9282.5,35967.5,12400,0,7634.25,2024
757667,AROMAS DEL VALLE AROMVAL CIA.LTDA.,C1030,"C1030.14 - FABRICACIÓN DE PRODUCTOS ALIMENTICIOS A PARTIR DE (UN SOLO COMPONENTE) FRUTAS, LEGUMBRES Y HORTALIZAS; INCLUSO SNACKS DE PLÁTANO (CHIFLES), YUCA, FRUTAS, ETCÉTERA, EXCEPTO PAPA.",procesamiento,FALSE,PICHINCHA,1,45135,17621.53,27513.47,38900,22078.88,17221.53,2024
722151,EQFLOWERS FARMS FLORFARMS CIA.LTDA.,G4620,G4620.15 - VENTA AL POR MAYOR DE FLORES Y PLANTAS.,comercio_mayorista,FALSE,PICHINCHA,3,44844.54,9309.72,35534.82,70104.88,0,3431.86,2024
335554,IMCOGRAN S.A.S.,G4620,G4620.11 - VENTA AL POR MAYOR DE CEREALES (GRANOS) Y SEMILLAS.,comercio_mayorista,FALSE,CARCHI,1,44662.54,30233.3,14429.240000000002,478003.64,0,28135.73,2024
348494,COMERCIALIZADORA BRILAD S.A.S.,G4620,G4620.19 - VENTA AL POR MAYOR DE OTRAS MATERIAS PRIMAS AGROPECUARIAS.,comercio_mayorista,FALSE,GUAYAS,1,44540.23,12695.05,31845.180000000004,335230.8,0,7347.76,2024
332724,COMERCIAL DYJ S.A.S. B.I.C.,G4630,G4630.91 - VENTA AL POR MAYOR DE ARROZ.,comercio_mayorista,FALSE,LOS RIOS,2,44532.42,22666.21,21866.21,31166.6,21866.21,21866.21,2024
352949,WIMMAR FRUITS S.A.S.,A0122,A0122.01 - CULTIVO DE BANANOS Y PLÁTANOS.,cultivo_fruticola,FALSE,ORELLANA,4,44482.29,4482.29,40000,174646.1,0,3682.29,2024
324123,JOGS GLOBAL TRADE S.A.S.,G4630,G4630.11 - VENTA AL POR MAYOR DE BANANO Y PLÁTANO.,comercio_mayorista,FALSE,MANABI,4,44438.8,23599.3,20839.500000000004,35710,0,21098.9,2024
746512,IRGAL S.A.,G4620,G4620.11 - VENTA AL POR MAYOR DE CEREALES (GRANOS) Y SEMILLAS.,comercio_mayorista,FALSE,GUAYAS,4,44406.03,22670.9,21735.129999999997,125407,1616.82,591.06,2024
95280,REALAQUA CIA. LTDA.,G4630,"G4630.94 - VENTA AL POR MAYOR DE BEBIDAS NO ALCOHÓLICAS (JUGOS, GASEOSAS, AGUA MINERAL, ETCÉTERA).",comercio_mayorista,FALSE,AZUAY,2,44386.95,20176.37,24210.579999999998,93.75,-34221.57,-34221.57,2024
358275,BELINOR S.A.S.,G4630,"G4630.92 - VENTA AL POR MAYOR DE AZÚCAR, CHOCOLATE Y PRODUCTOS DE CONFITERÍA.",comercio_mayorista,FALSE,GUAYAS,1,44267.95,-3895.11,48163.06,522083.5,-6395.11,-6395.11,2024
349166,BEAUTIFRUIT EXPORT S.A.S.,G4630,"G4630.12 - VENTA AL POR MAYOR DE FRUTAS, LEGUMBRES Y HORTALIZAS.",comercio_mayorista,FALSE,MANABI,1,44159.88,3832.7,40327.18,42426.52,0,1832.7,2024
328216,EL HUERTO DE ORO K&L S.A.,G4630,G4630.91 - VENTA AL POR MAYOR DE ARROZ.,comercio_mayorista,FALSE,SANTO DOMINGO DE LOS TSACHILAS,4,44002.66,44002.66,0,39611.72,1701.58,1701.58,2024
303582,BUSSINES ROYAL DRINKS BEERS AND WINES DRIBERWIN S.A.,G4630,"G4630.95 - VENTA AL POR MAYOR DE BEBIDAS ALCOHÓLICAS, INCLUSO EL ENVASADO DE VINO A GRANEL SIN TRANSFORMACIÓN.",comercio_mayorista,FALSE,GUAYAS,3,43917.78,8378.29,35539.49,20198.59,0,-16995.64,2024
356933,ZUROPI S.A.S.,G4630,"G4630.95 - VENTA AL POR MAYOR DE BEBIDAS ALCOHÓLICAS, INCLUSO EL ENVASADO DE VINO A GRANEL SIN TRANSFORMACIÓN.",comercio_mayorista,FALSE,MANABI,2,43809.2,493.56,43315.64,5433.98,-506.44,-506.44,2024
174052,BRIPALM S.A.,G4620,G4620.15 - VENTA AL POR MAYOR DE FLORES Y PLANTAS.,comercio_mayorista,FALSE,MANABI,3,43722.08,1629.85,42092.23,57956.23,0,829.85,2024
729379,EXPORTADORA AGROLEF S.A.S.,G4630,G4630.11 - VENTA AL POR MAYOR DE BANANO Y PLÁTANO.,comercio_mayorista,FALSE,LOS RIOS,2,43689.98,13517.38,30172.600000000006,47936.96,746.89,582.57,2024
729530,SANFER EXPORTACIONES SANFEREXP CIA.LTDA.,G4630,G4630.11 - VENTA AL POR MAYOR DE BANANO Y PLÁTANO.,comercio_mayorista,FALSE,LOS RIOS,4,43182.6,43182.6,0,474303.8,42182.6,42182.6,2024
756607,DELICOCOA S.A.,A0127,A0127.02 - CULTIVO DE CACAO.,cultivo_fruticola,FALSE,GUAYAS,4,42929.71,19337.99,23591.719999999998,1330883.5,28717.32,18537.99,2024
337784,MARFISH S.A.S.,G4630,"G4630.33 - VENTA AL POR MAYOR DE PESCADO, CRUSTÁCEOS, MOLUSCOS Y PRODUCTOS DE LA PESCA.",comercio_mayorista,FALSE,PICHINCHA,3,42768.22,-23390.46,66158.68,65866.54,-4010.05,-4569.79,2024
366008,COMERCIALIZADORA AGROMILLO S.A.,G4630,"G4630.14 - VENTA AL POR MAYOR DE CAFÉ, CACAO, TE Y ESPECIAS.",comercio_mayorista,FALSE,GUAYAS,1,42356.93,37286.46,5070.470000000001,220506.63,39694.11,36486.46,2024
355511,COMERCIALIZADORA DE ABARROTES SUZA S.A.S.,G4630,G4630.91 - VENTA AL POR MAYOR DE ARROZ.,comercio_mayorista,FALSE,GUAYAS,4,42168.44,30170.38,11998.060000000001,42635.06,25172.06,24885.71,2024
103811,MUNDIBANANA S.A.,A0122,A0122.01 - CULTIVO DE BANANOS Y PLÁTANOS.,cultivo_fruticola,FALSE,GUAYAS,37,42164.16,2733.75,39430.41,753946.12,-3952.75,-3952.75,2024
317419,COMPAÑIA FLORICOLA AGROSUSANFLOWERS S.A.,G4620,G4620.15 - VENTA AL POR MAYOR DE FLORES Y PLANTAS.,comercio_mayorista,FALSE,PICHINCHA,4,42015.75,7764.54,34251.21,151685.13,0,6179.58,2024
345670,ROJANEX S.A.S.,G4630,G4630.32 - VENTA AL POR MAYOR DE CAMARÓN Y LANGOSTINOS.,comercio_mayorista,FALSE,MANABI,4,41932.67,40204.08,1728.5899999999965,673553.95,0,24350.82,2024
702032,EXPORTADORA SUR AMERICANA S.A. EXPOSUREÑA,A0122,A0122.01 - CULTIVO DE BANANOS Y PLÁTANOS.,cultivo_fruticola,FALSE,GUAYAS,5,41808.7,36954.17,4854.529999999999,60246,9919.45,7737.17,2024
342987,BIOROYAL-EC S.A.S.,G4620,G4620.19 - VENTA AL POR MAYOR DE OTRAS MATERIAS PRIMAS AGROPECUARIAS.,comercio_mayorista,FALSE,GUAYAS,4,41625.64,39761.77,1863.8700000000026,99110,1664.09,-1993.78,2024
745739,MACHKACOMPANY S.A.S.,G4630,"G4630.94 - VENTA AL POR MAYOR DE BEBIDAS NO ALCOHÓLICAS (JUGOS, GASEOSAS, AGUA MINERAL, ETCÉTERA).",comercio_mayorista,FALSE,PICHINCHA,4,41477.86,34643.01,6834.8499999999985,3124.48,0,0,2024
334491,LANTER S.A.S.,A0125,"A0125.09 - OTROS CULTIVOS DE FRUTOS DE ÁRBOLES Y ARBUSTOS: PITAHAYA, TUNA, ALGARROBA, TAXOS, ETCÉTERA.",cultivo_fruticola,TRUE,MANABI,3,41401.48,951.06,40450.420000000006,40220.23,0,596.7,2024
301364,INSOLEXSA INCA SOL EXPORTACIONES S.A.,G4620,G4620.11 - VENTA AL POR MAYOR DE CEREALES (GRANOS) Y SEMILLAS.,comercio_mayorista,FALSE,GUAYAS,1,41374.37,27578.64,13795.730000000003,87197.52,0,2982.36,2024
61281,MAXICITY S.A.,G4630,"G4630.33 - VENTA AL POR MAYOR DE PESCADO, CRUSTÁCEOS, MOLUSCOS Y PRODUCTOS DE LA PESCA.",comercio_mayorista,FALSE,SANTA ELENA,4,41212.72,1562.85,39649.87,74912.6,629.7,491.17,2024
722137,DELICIAS DE BOLIVAR PHDG CIA.LTDA.,G4630,"G4630.21 - VENTA AL POR MAYOR DE PRODUCTOS LÁCTEOS, INCLUIDO HELADOS, BOLOS, ETCÉTERA.",comercio_mayorista,FALSE,BOLIVAR,4,41036.52,-18994.84,60031.36,99394.06,-9164.99,-9164.99,2024
363715,PACIFICCORP CIA.LTDA.,G4630,G4630.23 - VENTA AL POR MAYOR DE ACEITES Y GRASAS COMESTIBLES DE ORIGEN ANIMAL O VEGETAL.,comercio_mayorista,FALSE,PICHINCHA,2,41029.37,7655.05,33374.32,2220215,5655.05,5655.05,2024
131507,GLOBALPACIFIC S.A.,G4630,G4630.11 - VENTA AL POR MAYOR DE BANANO Y PLÁTANO.,comercio_mayorista,FALSE,GUAYAS,2,41027.81,40440.35,587.4599999999991,27889.65,0,0,2024
739263,AGROEXITOEC S.A.S.,G4630,"G4630.12 - VENTA AL POR MAYOR DE FRUTAS, LEGUMBRES Y HORTALIZAS.",comercio_mayorista,FALSE,MANABI,4,40641.73,37657.02,2984.7100000000064,664076.44,0,11249.91,2024
732883,ANKABLUE CORP S.A.S.,A0125,"A0125.09 - OTROS CULTIVOS DE FRUTOS DE ÁRBOLES Y ARBUSTOS: PITAHAYA, TUNA, ALGARROBA, TAXOS, ETCÉTERA.",cultivo_fruticola,TRUE,PICHINCHA,5,40226.03,-130391.07,170617.1,39232.31,-18818.68,-9409.34,2024
178732,QUILGUEY S.A.,C1073,"C1073.29 - ELABORACIÓN DE OTROS DULCES: MELCOCHAS, COCADAS, NOGADAS, DULCE DE GUAYABA, ALFEÑIQUES, ETCÉTERA.",procesamiento,FALSE,GUAYAS,4,40045.31,39825.62,219.68999999999505,319.63,153.86,128.46,2024
753834,DELICAORO S.A.,A0127,A0127.02 - CULTIVO DE CACAO.,cultivo_fruticola,FALSE,EL ORO,4,40012.01,33765.87,6246.139999999999,10101.02,1516.87,1516.87,2024
756441,ECUADORIANFRUITSCOMPANY S.A.,G4630,G4630.11 - VENTA AL POR MAYOR DE BANANO Y PLÁTANO.,comercio_mayorista,FALSE,GUAYAS,2,40000,27970.01,12029.990000000002,220,0,106.33,2024
332170,MUCHA FRUITS S.A.S.,G4630,"G4630.12 - VENTA AL POR MAYOR DE FRUTAS, LEGUMBRES Y HORTALIZAS.",comercio_mayorista,FALSE,PICHINCHA,3,39948.35,9475.64,30472.71,61237.03,11881.61,9254.09,2024
734140,GA ECUADOR GLOBALALIMENT S.A.S.,G4630,"G4630.33 - VENTA AL POR MAYOR DE PESCADO, CRUSTÁCEOS, MOLUSCOS Y PRODUCTOS DE LA PESCA.",comercio_mayorista,FALSE,PICHINCHA,3,39921.26,13094,26827.260000000002,10,0,-3871.92,2024
734480,CDC TRADING-SERVICES S.A.S.,C1030,"C1030.14 - FABRICACIÓN DE PRODUCTOS ALIMENTICIOS A PARTIR DE (UN SOLO COMPONENTE) FRUTAS, LEGUMBRES Y HORTALIZAS; INCLUSO SNACKS DE PLÁTANO (CHIFLES), YUCA, FRUTAS, ETCÉTERA, EXCEPTO PAPA.",procesamiento,FALSE,PICHINCHA,8,39866.66,19988.65,19878.010000000002,382293.97,0,2174.46,2024
741664,ECUACAFENA S.A.S.,C1073,C1073.12 - ELABORACIÓN DE CHOCOLATE Y PRODUCTOS DE CHOCOLATE.,procesamiento,FALSE,ESMERALDAS,4,39754.15,34614.57,5139.580000000002,55161.33,5860.91,5860.91,2024
712635,AGRICOLA MOCAPEN S.A.,A0127,A0127.01 - CULTIVO DE CAFÉ.,cultivo_fruticola,FALSE,SANTA ELENA,4,39739.62,26285.47,13454.150000000001,987898.4,32673.68,25485.47,2024
61307,PRODUCTOS ALIMENTICIOS DEL NORTE EMPREBB CIA. LTDA.,C1030,"C1030.11 - ELABORACIÓN DE ALIMENTOS COMPUESTOS (MEZCLA) PRINCIPALMENTE DE FRUTAS LEGUMBRES U HORTALIZAS, EXCEPTO PLATOS PREPARADOS EN FORMA CONGELADA O ENLATADA LISTOS PARA CONSUMIR.",procesamiento,FALSE,PICHINCHA,2,39635.07,25766.81,13868.259999999998,4954.06,-2149.56,-2149.56,2024
703558,JORGENRIQUE S.A.,G4630,G4630.11 - VENTA AL POR MAYOR DE BANANO Y PLÁTANO.,comercio_mayorista,FALSE,GUAYAS,15,39403.01,36073.01,3330,113204,3607.5,2475.46,2024
737404,EXUPORT S.A.,G4630,"G4630.33 - VENTA AL POR MAYOR DE PESCADO, CRUSTÁCEOS, MOLUSCOS Y PRODUCTOS DE LA PESCA.",comercio_mayorista,FALSE,SANTA ELENA,4,39096.84,14681.43,24415.409999999996,655962.46,11754.69,9168.66,2024
318754,FRUTADICT S.A.S.,G4620,G4620.12 - VENTA AL POR MAYOR DE FRUTOS Y SEMILLAS OLEAGINOSAS.,comercio_mayorista,FALSE,PICHINCHA,2,38880.64,486.85,38393.79,125163.61,0,-8594.98,2024
742910,VERANA S.A.S.,G4630,"G4630.12 - VENTA AL POR MAYOR DE FRUTAS, LEGUMBRES Y HORTALIZAS.",comercio_mayorista,FALSE,MANABI,4,38876.04,-14054.83,52930.87,47068.4,0,0,2024
722593,GLOMACOM S.A.,C1030,"C1030.16 - ELABORACIÓN DE COMPOTAS, MERMELADAS Y JALEAS, PURÉS Y OTRAS CONFITURAS DE FRUTAS O FRUTOS SECOS.",procesamiento,FALSE,PICHINCHA,4,38770.9,13960.63,24810.270000000004,68416.08,280.96,219.15,2024
337045,MICROMERCADO POPULAR S.A.S.,G4630,"G4630.12 - VENTA AL POR MAYOR DE FRUTAS, LEGUMBRES Y HORTALIZAS.",comercio_mayorista,FALSE,LOJA,4,38559.03,-15092.56,53651.59,71765.39,0,-11594.05,2024
357125,LA REATA S.A.S.,A0122,A0122.01 - CULTIVO DE BANANOS Y PLÁTANOS.,cultivo_fruticola,FALSE,EL ORO,19,38552.9,6232.77,32320.13,253826.75,5232.77,5232.77,2024
336626,UNIQUEFLOWERS S.A.S.,G4620,G4620.15 - VENTA AL POR MAYOR DE FLORES Y PLANTAS.,comercio_mayorista,FALSE,COTOPAXI,4,38144.7,36533.92,1610.7799999999988,53112.11,0,9127.75,2024
339355,INTIAGRO CORPORACION ANDINA DE NEGOCIOS S.A.S.,G4620,G4620.11 - VENTA AL POR MAYOR DE CEREALES (GRANOS) Y SEMILLAS.,comercio_mayorista,FALSE,GUAYAS,2,38138.19,13547.65,24590.54,101200.01,4548.26,3547.65,2024
749238,KOOLDAINT S.A.S.,G4620,G4620.11 - VENTA AL POR MAYOR DE CEREALES (GRANOS) Y SEMILLAS.,comercio_mayorista,FALSE,MANABI,2,37917.94,28813.84,9104.100000000002,188169.4,33449.09,30858.63,2024
340648,COMERCIALIZADORA EL DIAMANTE CIA.LTDA.,G4630,G4630.23 - VENTA AL POR MAYOR DE ACEITES Y GRASAS COMESTIBLES DE ORIGEN ANIMAL O VEGETAL.,comercio_mayorista,FALSE,SANTO DOMINGO DE LOS TSACHILAS,2,37752.03,9672.15,28079.879999999997,773813.24,7541.33,8872.15,2024
38785,AGRICOLA INDUSTRIAL BANANERA ABANSER S.A.,A0122,A0122.01 - CULTIVO DE BANANOS Y PLÁTANOS.,cultivo_fruticola,FALSE,EL ORO,7,37574.31,29091.98,8482.329999999998,76440,13243.77,13243.77,2024
318089,KELMAC- S.A.,G4620,G4620.11 - VENTA AL POR MAYOR DE CEREALES (GRANOS) Y SEMILLAS.,comercio_mayorista,FALSE,MANABI,4,37552.61,25331.12,12221.490000000002,148026.5,3827.91,2985.77,2024
734509,AGROBARFASA SOCIEDAD ANÓNIMA,G4630,G4630.23 - VENTA AL POR MAYOR DE ACEITES Y GRASAS COMESTIBLES DE ORIGEN ANIMAL O VEGETAL.,comercio_mayorista,FALSE,PICHINCHA,4,37514.63,29397.86,8116.769999999997,216811.42,20762.78,18653.03,2024
338396,BUENA VIDA PTH CIA.LTDA.,G4630,G4630.31 - VENTA AL POR MAYOR DE CARNE Y PRODUCTOS CÁRNICOS (INCLUIDAS LAS AVES DE CORRAL).,comercio_mayorista,FALSE,PICHINCHA,3,37479.29,-8689.57,46168.86,155132.26,594.32,463.57,2024
363399,FOODALI DISTRIBUCIONES S.A.S.,G4630,G4630.97 - VENTA AL POR MAYOR DE ALIMENTO PARA MASCOTAS (ANIMALES DOMÉSTICOS).,comercio_mayorista,FALSE,PICHINCHA,2,37472.86,-15018.9,52491.76,232459.75,-18018.9,-18018.9,2024
323038,AGROPITAH S.A.S.,A0122,"A0122.09 - OTROS CULTIVOS DE FRUTAS TROPICALES Y SUBTROPICALES: PAPAYAS, BABACOS, CHAMBUROS, AGUACATES, HIGOS, ARAZÁ, GUAYABAS, GUANÁBANA, GUABA, CHIRIMOYA, NARANJILLAS, ZAPOTES, BOROJÓ, TAMARINDO, GRANADILLAS, DÁTILES, ETCÉTERA.",cultivo_fruticola,TRUE,LOS RIOS,3,37166.3,32334.91,4831.390000000003,138311.08,3512.22,2739.53,2024
170173,OROCACAO S.A.,A0127,A0127.02 - CULTIVO DE CACAO.,cultivo_fruticola,FALSE,EL ORO,5,37021.73,28327.7,8694.030000000002,314537.36,30531.22,27527.7,2024
354603,PRODUCTOS ALIMENTICIOS CARNICOS PRODALCA S.A.S.,G4630,G4630.31 - VENTA AL POR MAYOR DE CARNE Y PRODUCTOS CÁRNICOS (INCLUIDAS LAS AVES DE CORRAL).,comercio_mayorista,FALSE,GUAYAS,5,36932.99,13551.68,23381.309999999998,124192.7,0,8498.79,2024
752228,A&P GLOBAL EXPORTATIONS S.A.S.,A0122,A0122.01 - CULTIVO DE BANANOS Y PLÁTANOS.,cultivo_fruticola,FALSE,LOS RIOS,2,36815.44,-9593.03,46408.47,257077.75,9062.84,-11814.45,2024
332184,ACROSEL SOL DEL VALLE S.A.S.,G4620,G4620.15 - VENTA AL POR MAYOR DE FLORES Y PLANTAS.,comercio_mayorista,FALSE,PICHINCHA,2,36633.87,27983.3,8650.570000000003,373086.86,20125.71,15698.05,2024
324799,BANANERA ARIAS PERALTA BAN-ARPE CIA.LTDA.,A0122,A0122.01 - CULTIVO DE BANANOS Y PLÁTANOS.,cultivo_fruticola,FALSE,EL ORO,7,36622.34,4349.1,32273.239999999998,250979.5,6118.65,3549.1,2024
353941,FISHINGRUP S.A.S.,G4630,G4630.23 - VENTA AL POR MAYOR DE ACEITES Y GRASAS COMESTIBLES DE ORIGEN ANIMAL O VEGETAL.,comercio_mayorista,FALSE,PICHINCHA,1,36282.66,9781.53,26501.130000000005,147051.33,8608.7,8608.7,2024
354504,KSS-SERVICES S.A.S.,G4630,G4630.31 - VENTA AL POR MAYOR DE CARNE Y PRODUCTOS CÁRNICOS (INCLUIDAS LAS AVES DE CORRAL).,comercio_mayorista,FALSE,GUAYAS,1,35870.31,34337,1533.3099999999977,353840.89,6969.6,5436.29,2024
703565,FINCAROSARIO S.A.,A0123,"A0123.09 - OTROS CULTIVOS DE CÍTRICOS, LIMONES, TORONJAS, LIMAS, ETCÉTERA.",cultivo_fruticola,FALSE,GUAYAS,24,35765.24,30856.8,4908.439999999999,134212,4628.88,3610.53,2024
738158,HEAVEN SPROUT FOODS S.A.S.,C1030,"C1030.17 - FABRICACIÓN DE ALIMENTOS PERECIBLES A BASE DE FRUTAS, LEGUMBRES Y HORTALIZAS COMO: ENSALADAS EMPAQUETADAS, HORTALIZAS PELADAS Y CORTADAS, TOFU (CUAJADA DE SOYA).",procesamiento,FALSE,PICHINCHA,2,35686.03,-159068.52,194754.55,82085.96,-354.85,523.39,2024
350258,SOSAMEDIS S.A.S.,G4630,"G4630.14 - VENTA AL POR MAYOR DE CAFÉ, CACAO, TE Y ESPECIAS.",comercio_mayorista,FALSE,SANTO DOMINGO DE LOS TSACHILAS,3,35381.75,25204.07,10177.68,405554.5,2884.35,2884.35,2024
736520,PACIFIC SEAFOOD TRADERS PACSEATRADE S.A.S.,G4630,"G4630.33 - VENTA AL POR MAYOR DE PESCADO, CRUSTÁCEOS, MOLUSCOS Y PRODUCTOS DE LA PESCA.",comercio_mayorista,FALSE,PICHINCHA,1,35265.11,-895.44,36160.55,1301.29,-1695.44,-1695.44,2024
92522,MCV DEL ECUADOR S.A.,G4630,"G4630.12 - VENTA AL POR MAYOR DE FRUTAS, LEGUMBRES Y HORTALIZAS.",comercio_mayorista,FALSE,PICHINCHA,4,35250.83,28331,6919.830000000002,14781.45,0,-9856.26,2024
38787,ORTIZCA S.A.,G4630,"G4630.14 - VENTA AL POR MAYOR DE CAFÉ, CACAO, TE Y ESPECIAS.",comercio_mayorista,FALSE,EL ORO,5,35160.16,28228.65,6931.510000000002,271913.36,27428.65,27428.65,2024
364468,INTIFLOWERS S.A.S.,G4620,G4620.15 - VENTA AL POR MAYOR DE FLORES Y PLANTAS.,comercio_mayorista,FALSE,COTOPAXI,2,35147.84,-6138.71,41286.549999999996,17823.24,-6228.71,-6288.71,2024
343168,RC S.A.S.,G4630,"G4630.94 - VENTA AL POR MAYOR DE BEBIDAS NO ALCOHÓLICAS (JUGOS, GASEOSAS, AGUA MINERAL, ETCÉTERA).",comercio_mayorista,FALSE,MANABI,7,35147.09,34291.6,855.489999999998,44688.3,33798.28,33491.6,2024
757599,PRODUPEZCA S.A.,G4630,"G4630.33 - VENTA AL POR MAYOR DE PESCADO, CRUSTÁCEOS, MOLUSCOS Y PRODUCTOS DE LA PESCA.",comercio_mayorista,FALSE,TUNGURAHUA,4,35079.58,18849.84,16229.740000000002,51347.16,8849.84,8849.84,2024
359948,EXPMERCHAN FRUITS S.A.S.,G4630,"G4630.12 - VENTA AL POR MAYOR DE FRUTAS, LEGUMBRES Y HORTALIZAS.",comercio_mayorista,FALSE,GUAYAS,4,35078.66,1984.02,33094.64000000001,73657.4,1784.02,1784.02,2024
735923,AGROPECUARIA NUEVO AMANECER ANUAM S.A.,A0122,"A0122.09 - OTROS CULTIVOS DE FRUTAS TROPICALES Y SUBTROPICALES: PAPAYAS, BABACOS, CHAMBUROS, AGUACATES, HIGOS, ARAZÁ, GUAYABAS, GUANÁBANA, GUABA, CHIRIMOYA, NARANJILLAS, ZAPOTES, BOROJÓ, TAMARINDO, GRANADILLAS, DÁTILES, ETCÉTERA.",cultivo_fruticola,TRUE,GUAYAS,2,35000,10000,25000,72425.86,0,0,2024
363501,GAFLAED S.A.S.,A0122,A0122.01 - CULTIVO DE BANANOS Y PLÁTANOS.,cultivo_fruticola,FALSE,GUAYAS,2,34849.41,1507.43,33341.98,103513.13,0,636.69,2024
716020,FUELSERVI S.A.,A0127,A0127.01 - CULTIVO DE CAFÉ.,cultivo_fruticola,FALSE,GUAYAS,3,34830.19,1677.26,33152.93,13250,310.78,133.19,2024
319748,SERVICIOS GENERALES Y REPRESENTACIÓN COMERCIAL SEGICO S.A.S.,G4630,"G4630.95 - VENTA AL POR MAYOR DE BEBIDAS ALCOHÓLICAS, INCLUSO EL ENVASADO DE VINO A GRANEL SIN TRANSFORMACIÓN.",comercio_mayorista,FALSE,PICHINCHA,6,34802.75,6358.31,28444.44,60721.48,-9494.28,-9494.28,2024
318715,PROAGRIPSA S.A.,G4620,G4620.11 - VENTA AL POR MAYOR DE CEREALES (GRANOS) Y SEMILLAS.,comercio_mayorista,FALSE,GUAYAS,2,34778.23,16851.15,17927.08,621772.67,5636.71,4396.63,2024
337829,LACTEOS AGROBIENT S.A.S.,G4630,"G4630.21 - VENTA AL POR MAYOR DE PRODUCTOS LÁCTEOS, INCLUIDO HELADOS, BOLOS, ETCÉTERA.",comercio_mayorista,FALSE,BOLIVAR,5,34636.39,19673.83,14962.559999999998,46987.33,0,13622.22,2024
313077,FRUTAS DEL VALLE DEL CHACO FRUITSVALLE S.A.,A0122,"A0122.09 - OTROS CULTIVOS DE FRUTAS TROPICALES Y SUBTROPICALES: PAPAYAS, BABACOS, CHAMBUROS, AGUACATES, HIGOS, ARAZÁ, GUAYABAS, GUANÁBANA, GUABA, CHIRIMOYA, NARANJILLAS, ZAPOTES, BOROJÓ, TAMARINDO, GRANADILLAS, DÁTILES, ETCÉTERA.",cultivo_fruticola,TRUE,PICHINCHA,4,34586.92,9623.34,24963.579999999998,414779.08,0,222.88,2024
4702,DISTRIBUIDORA AYALA CIA. LTDA.,G4630,G4630.31 - VENTA AL POR MAYOR DE CARNE Y PRODUCTOS CÁRNICOS (INCLUIDAS LAS AVES DE CORRAL).,comercio_mayorista,FALSE,TUNGURAHUA,3,34543.67,26123.2,8420.469999999998,105641.64,0,113.53,2024
754282,QUALITY Y CONTROL BANAOCHOA BECERRA S.A.S.,A0122,A0122.01 - CULTIVO DE BANANOS Y PLÁTANOS.,cultivo_fruticola,FALSE,GUAYAS,4,34535.01,23830.92,10704.090000000004,60838.27,28192.22,21830.92,2024
174501,CLUB VINO SPAÑA VINOSPAÑA S.A.,G4630,"G4630.95 - VENTA AL POR MAYOR DE BEBIDAS ALCOHÓLICAS, INCLUSO EL ENVASADO DE VINO A GRANEL SIN TRANSFORMACIÓN.",comercio_mayorista,FALSE,GUAYAS,5,34500.27,25229.61,9270.659999999996,9064.15,2517.44,1963.6,2024
735761,ECUAVALLE FRUT (EF) CIA.LTDA.,G4630,"G4630.12 - VENTA AL POR MAYOR DE FRUTAS, LEGUMBRES Y HORTALIZAS.",comercio_mayorista,FALSE,PICHINCHA,5,34335.68,32325.71,2009.9700000000012,64736.6,0,4226.45,2024
345637,FRUCOR S.A.S.,C1030,"C1030.12 - CONSERVACIÓN DE FRUTAS, PULPA DE FRUTAS, LEGUMBRES Y HORTALIZAS MEDIANTE EL CONGELADO, SECADO, DESHIDRATADO, INMERSIÓN EN ACEITE O VINAGRE, ENLATADO, ETCÉTERA.",procesamiento,FALSE,PICHINCHA,4,34247.52,5897.98,28349.539999999997,171628.82,5360.9,379.45,2024
349492,NICEFRUIT S.A.S.,G4630,G4630.11 - VENTA AL POR MAYOR DE BANANO Y PLÁTANO.,comercio_mayorista,FALSE,GUAYAS,2,34240.59,-13281.69,47522.28,229819.07,0,-14281.69,2024
310959,FRUIT DELIVERY ECUADOR EDEFRUITSA S.A.,G4630,G4630.11 - VENTA AL POR MAYOR DE BANANO Y PLÁTANO.,comercio_mayorista,FALSE,GUAYAS,4,34087.84,800,33287.84,200,0,0,2024
363511,AGRODEALER S.A.S.,G4620,G4620.19 - VENTA AL POR MAYOR DE OTRAS MATERIAS PRIMAS AGROPECUARIAS.,comercio_mayorista,FALSE,CARCHI,2,33955.55,-20543.8,54499.350000000006,6368.05,-21543.8,-21543.8,2024
365835,SOMOS4 S.A.S.,G4630,"G4630.12 - VENTA AL POR MAYOR DE FRUTAS, LEGUMBRES Y HORTALIZAS.",comercio_mayorista,FALSE,CARCHI,5,33874.37,33874.37,0,98300.96,32874.37,32874.37,2024
327932,ORMAFISH S.A.,G4630,"G4630.33 - VENTA AL POR MAYOR DE PESCADO, CRUSTÁCEOS, MOLUSCOS Y PRODUCTOS DE LA PESCA.",comercio_mayorista,FALSE,MANABI,1,33846.1,4266.31,29579.789999999997,100615,464.31,362.16,2024
750694,INSSUCAR S.A.S.,G4620,G4620.19 - VENTA AL POR MAYOR DE OTRAS MATERIAS PRIMAS AGROPECUARIAS.,comercio_mayorista,FALSE,EL ORO,2,33809.64,13426.21,20383.43,73664.95,8141.95,8141.43,2024
746716,ALPHAGROUP S.A.S.,G4620,G4620.19 - VENTA AL POR MAYOR DE OTRAS MATERIAS PRIMAS AGROPECUARIAS.,comercio_mayorista,FALSE,PICHINCHA,1,33759.88,4304.95,29454.929999999997,128956.25,4538.03,3199,2024
366536,SPACEFOODS S.A.S.,C1030,"C1030.16 - ELABORACIÓN DE COMPOTAS, MERMELADAS Y JALEAS, PURÉS Y OTRAS CONFITURAS DE FRUTAS O FRUTOS SECOS.",procesamiento,FALSE,GUAYAS,2,33755.3,-3979.87,37735.170000000006,2760.68,0,-4779.87,2024
743677,ISLAND FRUIT EXPORT ISLAFRUTA S.A.,G4630,"G4630.12 - VENTA AL POR MAYOR DE FRUTAS, LEGUMBRES Y HORTALIZAS.",comercio_mayorista,FALSE,GUAYAS,4,33449.6,11297.04,22152.559999999998,79857.08,13457.74,10497.04,2024
755116,AGRONEGOCIOS GOQUI S.A.S.,G4630,G4630.91 - VENTA AL POR MAYOR DE ARROZ.,comercio_mayorista,FALSE,GUAYAS,5,33447.81,33335.82,111.98999999999796,439875.4,18447.81,18335.82,2024
369170,JYTBUSSINES S.A.S.,G4630,G4630.31 - VENTA AL POR MAYOR DE CARNE Y PRODUCTOS CÁRNICOS (INCLUIDAS LAS AVES DE CORRAL).,comercio_mayorista,FALSE,IMBABURA,4,33286.56,25306.91,7979.649999999998,39031.6,5306.91,5306.91,2024
343045,INDUSTRIA ARROCERA LA MORENITA INDAMOR S.A.S.,G4630,G4630.91 - VENTA AL POR MAYOR DE ARROZ.,comercio_mayorista,FALSE,AZUAY,1,33107.59,-10562.25,43669.84,16575.56,0,-5733.06,2024
344492,GREEKMARKET S.A.S.,G4630,G4630.23 - VENTA AL POR MAYOR DE ACEITES Y GRASAS COMESTIBLES DE ORIGEN ANIMAL O VEGETAL.,comercio_mayorista,FALSE,GUAYAS,4,32976.46,3422.67,29553.79,200722.96,3726.22,2906.45,2024
341093,LAURAM S.A.S.,G4630,G4630.32 - VENTA AL POR MAYOR DE CAMARÓN Y LANGOSTINOS.,comercio_mayorista,FALSE,MANABI,1,32960.48,22777.38,10183.100000000002,796835.51,86300.26,37816.97,2024
143591,AGROPECUARIA EL PORVENIR AGREPOR S.A.,A0122,A0122.01 - CULTIVO DE BANANOS Y PLÁTANOS.,cultivo_fruticola,FALSE,EL ORO,2,32807,14424.06,18382.940000000002,56294.26,243.31,189.78,2024
704737,FLOWERLAND CIA.LTDA.,G4620,G4620.15 - VENTA AL POR MAYOR DE FLORES Y PLANTAS.,comercio_mayorista,FALSE,PICHINCHA,4,32587.45,2518.41,30069.04,31000,0,383.32,2024
362776,GOLDENFISH S.A.S.,G4630,G4630.32 - VENTA AL POR MAYOR DE CAMARÓN Y LANGOSTINOS.,comercio_mayorista,FALSE,MANABI,4,32456.4,8184.45,24271.95,9918,9838.06,7384.45,2024
754185,WAFEX SOUTH AMERICA S.A.S.,G4620,G4620.15 - VENTA AL POR MAYOR DE FLORES Y PLANTAS.,comercio_mayorista,FALSE,PICHINCHA,16,32366.1,3359.13,29006.969999999998,617412.27,6502.94,3259.13,2024
734343,GRUPOFONSECA CIA.LTDA.,G4630,"G4630.94 - VENTA AL POR MAYOR DE BEBIDAS NO ALCOHÓLICAS (JUGOS, GASEOSAS, AGUA MINERAL, ETCÉTERA).",comercio_mayorista,FALSE,GUAYAS,4,32222.13,400,31822.13,124247.35,0,0,2024
369685,PESCA FRESCA DEL PACIFICO PEFRESPAC S.A.S.,G4630,"G4630.33 - VENTA AL POR MAYOR DE PESCADO, CRUSTÁCEOS, MOLUSCOS Y PRODUCTOS DE LA PESCA.",comercio_mayorista,FALSE,MANABI,4,32199.09,485.62,31713.47,2718.33,0,185.62,2024
346155,SUMEXAGRISUR CIA.LTDA.,G4630,G4630.11 - VENTA AL POR MAYOR DE BANANO Y PLÁTANO.,comercio_mayorista,FALSE,GUAYAS,3,32056.48,32056.48,0,592360.93,39778.81,31027.47,2024
701285,LATITUDEZERO FOODS S.A.,C1030,"C1030.12 - CONSERVACIÓN DE FRUTAS, PULPA DE FRUTAS, LEGUMBRES Y HORTALIZAS MEDIANTE EL CONGELADO, SECADO, DESHIDRATADO, INMERSIÓN EN ACEITE O VINAGRE, ENLATADO, ETCÉTERA.",procesamiento,FALSE,PICHINCHA,3,31985.15,301.73,31683.420000000002,1200,0,-65.02,2024
357796,KATALEAS FLOWERS S.A.S.,G4620,G4620.15 - VENTA AL POR MAYOR DE FLORES Y PLANTAS.,comercio_mayorista,FALSE,PICHINCHA,4,31553.96,389.88,31164.079999999998,60562.83,115.23,89.88,2024
365395,TASTELINK SUPERFOODS S.A.S.,C1030,"C1030.14 - FABRICACIÓN DE PRODUCTOS ALIMENTICIOS A PARTIR DE (UN SOLO COMPONENTE) FRUTAS, LEGUMBRES Y HORTALIZAS; INCLUSO SNACKS DE PLÁTANO (CHIFLES), YUCA, FRUTAS, ETCÉTERA, EXCEPTO PAPA.",procesamiento,FALSE,PICHINCHA,6,31106.22,1012.91,30093.31,36195.94,511.91,511.91,2024
723411,EXPORTADORA TROPIFRUIT EXPOTROPI C.A.,G4630,G4630.11 - VENTA AL POR MAYOR DE BANANO Y PLÁTANO.,comercio_mayorista,FALSE,LOS RIOS,1,31084.9,31084.9,0,1807321.61,0,1084.9,2024
304294,GLENKERALIMENTOS S.A.,A0122,"A0122.09 - OTROS CULTIVOS DE FRUTAS TROPICALES Y SUBTROPICALES: PAPAYAS, BABACOS, CHAMBUROS, AGUACATES, HIGOS, ARAZÁ, GUAYABAS, GUANÁBANA, GUABA, CHIRIMOYA, NARANJILLAS, ZAPOTES, BOROJÓ, TAMARINDO, GRANADILLAS, DÁTILES, ETCÉTERA.",cultivo_fruticola,TRUE,GUAYAS,4,31055.98,23703.56,7352.419999999998,55731.5,7283.73,5681.31,2024
746241,ECOCARNES INSULAR ECOCARIN S.A.,G4630,G4630.31 - VENTA AL POR MAYOR DE CARNE Y PRODUCTOS CÁRNICOS (INCLUIDAS LAS AVES DE CORRAL).,comercio_mayorista,FALSE,GALAPAGOS,5,30925.5,6968.54,23956.96,190566.53,3240.55,2527.63,2024
307252,COMPAÑIA ECUATORIANA DE ELABORADOS DE CACAO COECAC S.A.,A0127,A0127.02 - CULTIVO DE CACAO.,cultivo_fruticola,FALSE,GUAYAS,4,30855.43,1806.71,29048.72,18943.47,91.66,68.74,2024
741658,COMERCIALIZADORA & DISTRIBUIDORA SPES S.A.S.,G4630,G4630.91 - VENTA AL POR MAYOR DE ARROZ.,comercio_mayorista,FALSE,GUAYAS,3,30634,8031.19,22602.81,52717.24,5267.24,4108.45,2024
324126,SAN ANDRES EXPORT SA-EXPORT S.A.S.,G4630,"G4630.12 - VENTA AL POR MAYOR DE FRUTAS, LEGUMBRES Y HORTALIZAS.",comercio_mayorista,FALSE,COTOPAXI,4,30591.64,30591.64,0,213375.04,0,0,2024
338363,MAADEC S.A.S.,G4620,G4620.19 - VENTA AL POR MAYOR DE OTRAS MATERIAS PRIMAS AGROPECUARIAS.,comercio_mayorista,FALSE,GUAYAS,2,30562.28,23193.64,7368.639999999999,157034.94,24239.25,22193.64,2024
750253,MBEC TRADING COMPANY S.A.S.,G4620,G4620.11 - VENTA AL POR MAYOR DE CEREALES (GRANOS) Y SEMILLAS.,comercio_mayorista,FALSE,GUAYAS,4,30526.2,-10283.09,40809.29,9325.9,-9704.64,-9704.64,2024
317625,DAKENCA S.A.,C1030,"C1030.15 - ELABORACIÓN DE JUGOS (ZUMOS), NÉCTARES, CONCENTRADOS DE FRUTA FRESCA Y HORTALIZAS.",procesamiento,FALSE,GUAYAS,4,30452.23,30405.69,46.54000000000087,15690.09,186.16,139.62,2024
327484,BODEGA Y CAVAS D&D S.A.S.,G4630,"G4630.95 - VENTA AL POR MAYOR DE BEBIDAS ALCOHÓLICAS, INCLUSO EL ENVASADO DE VINO A GRANEL SIN TRANSFORMACIÓN.",comercio_mayorista,FALSE,PICHINCHA,1,30392.39,-2204.46,32596.85,6818.32,-2221.84,-2236.84,2024
726924,AGRICOLA MARTINEZ MINUCHE MAR&MIN CIA.LTDA.,A0122,A0122.01 - CULTIVO DE BANANOS Y PLÁTANOS.,cultivo_fruticola,FALSE,EL ORO,3,30263.72,27916.07,2347.6500000000015,313025.27,13303.35,13303.35,2024
349756,C&GCORP S.A.S.,A0122,"A0122.09 - OTROS CULTIVOS DE FRUTAS TROPICALES Y SUBTROPICALES: PAPAYAS, BABACOS, CHAMBUROS, AGUACATES, HIGOS, ARAZÁ, GUAYABAS, GUANÁBANA, GUABA, CHIRIMOYA, NARANJILLAS, ZAPOTES, BOROJÓ, TAMARINDO, GRANADILLAS, DÁTILES, ETCÉTERA.",cultivo_fruticola,TRUE,EL ORO,3,30138.88,8083.12,22055.760000000002,36833.14,8472.67,8472.67,2024
369802,ITALGOURMET S.A.S.,G4630,G4630.99 - VENTA AL POR MAYOR DE OTROS PRODUCTOS COMESTIBLES (ENLATADOS Y CONSERVAS).,comercio_mayorista,FALSE,PICHINCHA,2,29935.93,5224.06,24711.87,20400.07,4824.06,4824.06,2024
366561,GEMA DEL DAULAR FRUIT S.A.S.,G4630,"G4630.12 - VENTA AL POR MAYOR DE FRUTAS, LEGUMBRES Y HORTALIZAS.",comercio_mayorista,FALSE,GUAYAS,4,29895.83,5445.2,24450.63,50564.86,4950.85,4645.2,2024
741071,FINCA HERMELINDA S.A.S.,A0122,A0122.01 - CULTIVO DE BANANOS Y PLÁTANOS.,cultivo_fruticola,FALSE,EL ORO,3,29894.02,29894.02,0,48246.18,17492.39,17492.39,2024
746463,DULCERIA ARBOLEDA CIA.LTDA.,C1030,"C1030.11 - ELABORACIÓN DE ALIMENTOS COMPUESTOS (MEZCLA) PRINCIPALMENTE DE FRUTAS LEGUMBRES U HORTALIZAS, EXCEPTO PLATOS PREPARADOS EN FORMA CONGELADA O ENLATADA LISTOS PARA CONSUMIR.",procesamiento,FALSE,PICHINCHA,6,29775.74,16584.11,13191.630000000001,296672.35,8800.32,8800.32,2024
315201,RIGTHS FOODS INCLUSIVECOMPANY CIA.LTDA.,G4630,"G4630.14 - VENTA AL POR MAYOR DE CAFÉ, CACAO, TE Y ESPECIAS.",comercio_mayorista,FALSE,PICHINCHA,4,29757.93,1697.65,28060.28,62731.33,0,1112.53,2024
745666,BOSCHETTO CIA.LTDA.,G4630,"G4630.92 - VENTA AL POR MAYOR DE AZÚCAR, CHOCOLATE Y PRODUCTOS DE CONFITERÍA.",comercio_mayorista,FALSE,COTOPAXI,2,29737.9,-1407.89,31145.79,5746.06,0,0,2024
345173,SNACKS&GO S.A.S.,C1030,"C1030.14 - FABRICACIÓN DE PRODUCTOS ALIMENTICIOS A PARTIR DE (UN SOLO COMPONENTE) FRUTAS, LEGUMBRES Y HORTALIZAS; INCLUSO SNACKS DE PLÁTANO (CHIFLES), YUCA, FRUTAS, ETCÉTERA, EXCEPTO PAPA.",procesamiento,FALSE,GUAYAS,3,29731.84,995.23,28736.61,103270.53,0,1111.21,2024
356974,PROPIEDADES FRUTALES PROFRUTALES S.A.S.,G4630,"G4630.12 - VENTA AL POR MAYOR DE FRUTAS, LEGUMBRES Y HORTALIZAS.",comercio_mayorista,FALSE,GUAYAS,1,29542.5,29321.83,220.66999999999825,36067,0,29121.83,2024
733639,UNICOFFE GALÁPAGOS S.A.S.,A0127,A0127.01 - CULTIVO DE CAFÉ.,cultivo_fruticola,FALSE,GALAPAGOS,2,29492.03,29492.03,0,77512.17,11563.04,10852.86,2024
341267,VANAHEIM FRUIT S.A.,G4630,G4630.11 - VENTA AL POR MAYOR DE BANANO Y PLÁTANO.,comercio_mayorista,FALSE,GUAYAS,4,29465.64,1659.35,27806.29,577465.79,0,624.38,2024
351789,AGROPORTETE S.A.S.,G4620,G4620.19 - VENTA AL POR MAYOR DE OTRAS MATERIAS PRIMAS AGROPECUARIAS.,comercio_mayorista,FALSE,AZUAY,4,29383.62,-17458.45,46842.07,364327.23,-18595.31,-18595.31,2024
718723,SECAFOOD S.A.,C1030,"C1030.12 - CONSERVACIÓN DE FRUTAS, PULPA DE FRUTAS, LEGUMBRES Y HORTALIZAS MEDIANTE EL CONGELADO, SECADO, DESHIDRATADO, INMERSIÓN EN ACEITE O VINAGRE, ENLATADO, ETCÉTERA.",procesamiento,FALSE,PICHINCHA,3,29375.44,15663.6,13711.839999999998,10276.27,2609.36,2574.36,2024
355077,MUWENLANGROUP S.A.S.,A0122,"A0122.09 - OTROS CULTIVOS DE FRUTAS TROPICALES Y SUBTROPICALES: PAPAYAS, BABACOS, CHAMBUROS, AGUACATES, HIGOS, ARAZÁ, GUAYABAS, GUANÁBANA, GUABA, CHIRIMOYA, NARANJILLAS, ZAPOTES, BOROJÓ, TAMARINDO, GRANADILLAS, DÁTILES, ETCÉTERA.",cultivo_fruticola,TRUE,IMBABURA,1,29369.85,1673.34,27696.51,11436.41,13.38,10.44,2024
717021,EXPORT GUAYASBAN S.A.,A0122,A0122.01 - CULTIVO DE BANANOS Y PLÁTANOS.,cultivo_fruticola,FALSE,GUAYAS,5,29369.6,27978.42,1391.1800000000003,25714.32,241.75,181.31,2024
347058,GECONTEC S.A.S.,G4630,"G4630.14 - VENTA AL POR MAYOR DE CAFÉ, CACAO, TE Y ESPECIAS.",comercio_mayorista,FALSE,GUAYAS,4,29329.5,1153.04,28176.46,39571.32,1053.54,1053.04,2024
745007,NEOSHRIMP C.A.,G4630,"G4630.33 - VENTA AL POR MAYOR DE PESCADO, CRUSTÁCEOS, MOLUSCOS Y PRODUCTOS DE LA PESCA.",comercio_mayorista,FALSE,GUAYAS,4,29257.34,22256.51,7000.830000000002,139565.3,0,-17308.1,2024
351608,COMERCIALIZADORA Y EXPORTADORA DE FRUTAS TROPICALES TACURI COMEXFRUTAC S.A.S.,G4630,G4630.11 - VENTA AL POR MAYOR DE BANANO Y PLÁTANO.,comercio_mayorista,FALSE,EL ORO,4,29062.42,-12044.21,41106.63,62748,-12844.21,-12844.21,2024
362902,HACIENDA AGRICOLA ALMA DE CAMPO ASOAGRO-EC S.A.S.,A0122,A0122.01 - CULTIVO DE BANANOS Y PLÁTANOS.,cultivo_fruticola,FALSE,GUAYAS,5,28687.9,25000,3687.9000000000015,14556.56,0,-21494.77,2024
327817,ETERNITYFLOR ECUADOR S.A.S.,G4620,G4620.15 - VENTA AL POR MAYOR DE FLORES Y PLANTAS.,comercio_mayorista,FALSE,PICHINCHA,11,28682.04,9374.88,19307.160000000003,72963.24,0,4933.26,2024
316061,COMEXFLOWERS CIA.LTDA.,G4620,G4620.11 - VENTA AL POR MAYOR DE CEREALES (GRANOS) Y SEMILLAS.,comercio_mayorista,FALSE,PICHINCHA,3,28522.1,22052.29,6469.809999999998,50353.91,18852.63,18488.21,2024
349562,PROVELIQ S.A.S.,G4630,"G4630.95 - VENTA AL POR MAYOR DE BEBIDAS ALCOHÓLICAS, INCLUSO EL ENVASADO DE VINO A GRANEL SIN TRANSFORMACIÓN.",comercio_mayorista,FALSE,PICHINCHA,3,28482.76,3321.2,25161.559999999998,125073.3,3543.42,2763.87,2024
733618,GARVI EXPORT S.A.,A0125,"A0125.09 - OTROS CULTIVOS DE FRUTOS DE ÁRBOLES Y ARBUSTOS: PITAHAYA, TUNA, ALGARROBA, TAXOS, ETCÉTERA.",cultivo_fruticola,TRUE,MANABI,5,28396.95,27062.95,1334,7814.94,151.54,151.54,2024
311896,SERVIAGROFUTURO S.A.,G4620,G4620.19 - VENTA AL POR MAYOR DE OTRAS MATERIAS PRIMAS AGROPECUARIAS.,comercio_mayorista,FALSE,GUAYAS,2,28374.74,28132.24,242.5,45256,0,0,2024
729967,DELI-PLAZA S.A.S.,G4630,G4630.32 - VENTA AL POR MAYOR DE CAMARÓN Y LANGOSTINOS.,comercio_mayorista,FALSE,GUAYAS,4,28286.2,-5404.91,33691.11,512844.81,1501.25,1170.98,2024
754160,RICE MART S.A.S.,G4630,G4630.91 - VENTA AL POR MAYOR DE ARROZ.,comercio_mayorista,FALSE,GUAYAS,1,28102.12,27889.01,213.11000000000058,41311.39,27902.12,27689.01,2024
334640,EXPORTGLOBALE S.A.,G4630,G4630.11 - VENTA AL POR MAYOR DE BANANO Y PLÁTANO.,comercio_mayorista,FALSE,GUAYAS,4,27722.7,8197.1,19525.6,15490,0,7397.1,2024
353494,EXPORTADORA DE BANANO BANATROPIC S.A.,G4630,G4630.11 - VENTA AL POR MAYOR DE BANANO Y PLÁTANO.,comercio_mayorista,FALSE,GUAYAS,4,27530.89,11109.07,16421.82,559413.21,13745.43,10309.07,2024
317853,EXPOCAMPO S.A.,G4630,G4630.11 - VENTA AL POR MAYOR DE BANANO Y PLÁTANO.,comercio_mayorista,FALSE,GUAYAS,7,27435.09,6464.64,20970.45,346615.48,11311.1,7125.99,2024
722107,INDUSTRIA CHOCOLATERA DEL AUSTRO INDAUSTRO C.LTDA.,C1073,C1073.12 - ELABORACIÓN DE CHOCOLATE Y PRODUCTOS DE CHOCOLATE.,procesamiento,FALSE,AZUAY,2,27357.23,20346.64,7010.59,6012.8,-1829.07,-1829.07,2024
304656,LINBAEC S.A.,A0122,A0122.01 - CULTIVO DE BANANOS Y PLÁTANOS.,cultivo_fruticola,FALSE,EL ORO,4,27206.8,5000,22206.8,102,0,0,2024
95826,PROPEZMANTA S.A.,G4630,"G4630.33 - VENTA AL POR MAYOR DE PESCADO, CRUSTÁCEOS, MOLUSCOS Y PRODUCTOS DE LA PESCA.",comercio_mayorista,FALSE,MANABI,2,27189,16903,10286,27381,20427,15933,2024
168115,TITO HIDALGO CIA. LTDA.,G4630,G4630.11 - VENTA AL POR MAYOR DE BANANO Y PLÁTANO.,comercio_mayorista,FALSE,EL ORO,21,27161.78,17988.16,9173.619999999999,102749.56,19097.9,15005.99,2024
752896,CAFFEROSA S.A.S.,A0127,A0127.01 - CULTIVO DE CAFÉ.,cultivo_fruticola,FALSE,PICHINCHA,4,27119.15,-5885.2,33004.35,93386.78,-1039.12,-1992.47,2024
724197,EXPORTADORA ISAQUINSI FRUIT S.A.,G4630,G4630.11 - VENTA AL POR MAYOR DE BANANO Y PLÁTANO.,comercio_mayorista,FALSE,GUAYAS,3,27100.24,27100.24,0,12448.4,-7735.2,-7735.2,2024
715334,DISTRIBUIDORA RUSELPAN S.A.,G4630,"G4630.12 - VENTA AL POR MAYOR DE FRUTAS, LEGUMBRES Y HORTALIZAS.",comercio_mayorista,FALSE,GUAYAS,2,27066.25,27066.25,0,60181.14,470.99,0,2024
69577,LASERSA S.A.,G4630,"G4630.33 - VENTA AL POR MAYOR DE PESCADO, CRUSTÁCEOS, MOLUSCOS Y PRODUCTOS DE LA PESCA.",comercio_mayorista,FALSE,GUAYAS,4,26772.34,-1703.83,28476.17,7800,273.04,212.97,2024
722221,COMERCIALIZADORA BELLEZA NATURAL BELNATURAL-EC S.A.,A0127,"A0127.09 - OTROS CULTIVOS DE PLANTAS CON LAS QUE SE PREPARAN BEBIDAS: TÉ, MATE, ETCÉTERA.",cultivo_fruticola,FALSE,EL ORO,3,26540.41,2808.8,23731.61,10249.2,-13544.84,-13544.84,2024
338246,CAPITAN SALAZAR S.A.S.,G4630,"G4630.33 - VENTA AL POR MAYOR DE PESCADO, CRUSTÁCEOS, MOLUSCOS Y PRODUCTOS DE LA PESCA.",comercio_mayorista,FALSE,MANABI,2,26444.57,500,25944.57,60445.2,2442.61,2442.61,2024
757529,SIMPLA S.A.S.,G4630,G4630.31 - VENTA AL POR MAYOR DE CARNE Y PRODUCTOS CÁRNICOS (INCLUIDAS LAS AVES DE CORRAL).,comercio_mayorista,FALSE,GUAYAS,4,26417.49,1801.38,24616.11,7630.07,816.38,801.38,2024
723095,PAKARITAMBO ALIMENTOS Y BEBIDAS TOALMA CIA.LTDA.,G4630,"G4630.94 - VENTA AL POR MAYOR DE BEBIDAS NO ALCOHÓLICAS (JUGOS, GASEOSAS, AGUA MINERAL, ETCÉTERA).",comercio_mayorista,FALSE,IMBABURA,4,26354.51,-46078.67,72433.18,41582.8,-4805.3,-4805.3,2024
155463,MULTISNACKS CIA. LTDA.,G4630,G4630.99 - VENTA AL POR MAYOR DE OTROS PRODUCTOS COMESTIBLES (ENLATADOS Y CONSERVAS).,comercio_mayorista,FALSE,PICHINCHA,8,26266.21,24749.07,1517.1399999999994,36320,0,4749.07,2024
321027,KHOURA CIA.LTDA.,C1073,C1073.12 - ELABORACIÓN DE CHOCOLATE Y PRODUCTOS DE CHOCOLATE.,procesamiento,FALSE,PICHINCHA,2,26028.57,-5368.07,31396.64,4122.18,0,-1899.25,2024
744637,PRODUCCIÓN Y EXPORTACIÓN DE PRODUCTOS DE LA ZONA SUCUMBIOS PRODEXPRO S.A.S.,G4630,G4630.11 - VENTA AL POR MAYOR DE BANANO Y PLÁTANO.,comercio_mayorista,FALSE,SUCUMBIOS,4,26006.23,25201.68,804.5499999999993,91923.3,-1701.37,-1701.37,2024
752222,DRINKSA S.A.S.,G4630,"G4630.95 - VENTA AL POR MAYOR DE BEBIDAS ALCOHÓLICAS, INCLUSO EL ENVASADO DE VINO A GRANEL SIN TRANSFORMACIÓN.",comercio_mayorista,FALSE,GUAYAS,1,25966.02,14486.48,11479.54,24918.9,2425.4,2316.84,2024
337935,MOCHILOVE S.A.S.,G4630,"G4630.21 - VENTA AL POR MAYOR DE PRODUCTOS LÁCTEOS, INCLUIDO HELADOS, BOLOS, ETCÉTERA.",comercio_mayorista,FALSE,PICHINCHA,4,25920.05,-3609.17,29529.22,220225.87,0,-6337.09,2024
744779,CORDENFRUT S.A.S.,A0122,A0122.01 - CULTIVO DE BANANOS Y PLÁTANOS.,cultivo_fruticola,FALSE,EL ORO,1,25877.69,4583.7,21293.989999999998,12536.36,524.46,1229.76,2024
734402,INSUMOS AGRICOLAS DEL ECUADOR (IADEC) S.A.,G4620,G4620.11 - VENTA AL POR MAYOR DE CEREALES (GRANOS) Y SEMILLAS.,comercio_mayorista,FALSE,GUAYAS,2,25840.94,2792.21,23048.73,47546.15,1280.45,998.75,2024
734107,EXPORTADORA DE FRUTAS SANCHEZ EXFRUTSAN S.A.,A0122,A0122.01 - CULTIVO DE BANANOS Y PLÁTANOS.,cultivo_fruticola,FALSE,EL ORO,2,25831.01,3206.35,22624.66,83436,231.82,180.82,2024
731091,AROMADEMONTAÑA S.A.S.,G4630,"G4630.14 - VENTA AL POR MAYOR DE CAFÉ, CACAO, TE Y ESPECIAS.",comercio_mayorista,FALSE,MANABI,2,25743.57,24117.93,1625.6399999999994,292492.82,9799.63,9799.63,2024
300902,AGRICOLA BANANERA ECUADOR AGRIBANDOR CIA.LTDA.,A0122,A0122.01 - CULTIVO DE BANANOS Y PLÁTANOS.,cultivo_fruticola,FALSE,GUAYAS,4,25735.88,400,25335.88,0.01,0,0,2024
366638,LATIN-BUSINESS S.A.,G4630,G4630.11 - VENTA AL POR MAYOR DE BANANO Y PLÁTANO.,comercio_mayorista,FALSE,GUAYAS,6,25727.72,813.76,24913.960000000003,20798.4,13.76,13.76,2024
718949,PRODUCTORES DE PITAHAYA ECUATORIANA PROPHEC CIA.LTDA.,A0125,"A0125.09 - OTROS CULTIVOS DE FRUTOS DE ÁRBOLES Y ARBUSTOS: PITAHAYA, TUNA, ALGARROBA, TAXOS, ETCÉTERA.",cultivo_fruticola,TRUE,MORONA SANTIAGO,4,25681,21197.11,4483.889999999999,40648.46,0,0.8,2024
309781,WILDLAND CIA.LTDA.,C1030,"C1030.12 - CONSERVACIÓN DE FRUTAS, PULPA DE FRUTAS, LEGUMBRES Y HORTALIZAS MEDIANTE EL CONGELADO, SECADO, DESHIDRATADO, INMERSIÓN EN ACEITE O VINAGRE, ENLATADO, ETCÉTERA.",procesamiento,FALSE,PICHINCHA,4,25563.87,-521.04,26084.91,90360.15,3030.23,3030.23,2024
722028,DOSARF S.A.,A0122,A0122.01 - CULTIVO DE BANANOS Y PLÁTANOS.,cultivo_fruticola,FALSE,CAÑAR,1,25477.79,24823.39,654.4000000000015,30,-15,-15,2024
358894,FAMILYBERRIES VC S.A.S.,A0125,"A0125.01 - CULTIVO DE BAYAS GROSELLAS, GROSELLAS ESPINOSAS, KIWIS, FRAMBUESAS, FRESAS (FRUTILLAS), MORAS, MORTIÑOS (ARÁNDANOS), UVILLA Y OTRAS BAYAS.",cultivo_fruticola,TRUE,PICHINCHA,3,25270.12,91.46,25178.66,2790.1,0,1.46,2024
369099,LOADIS S.A.S.,G4630,"G4630.21 - VENTA AL POR MAYOR DE PRODUCTOS LÁCTEOS, INCLUIDO HELADOS, BOLOS, ETCÉTERA.",comercio_mayorista,FALSE,EL ORO,1,25245.15,2949.09,22296.06,29843.16,2947.09,2947.09,2024
755527,ZONA AHUMADA EL POLLITO S.A.,G4630,G4630.31 - VENTA AL POR MAYOR DE CARNE Y PRODUCTOS CÁRNICOS (INCLUIDAS LAS AVES DE CORRAL).,comercio_mayorista,FALSE,GUAYAS,4,25239.76,25239.76,0,41517.6,24439.76,24439.76,2024
327330,BARONESSA17 S.A.,G4620,G4620.12 - VENTA AL POR MAYOR DE FRUTOS Y SEMILLAS OLEAGINOSAS.,comercio_mayorista,FALSE,GUAYAS,4,25108.75,-156.01,25264.76,42924,0,713.03,2024
729588,TOSTIS CIA.LTDA.,C1030,"C1030.14 - FABRICACIÓN DE PRODUCTOS ALIMENTICIOS A PARTIR DE (UN SOLO COMPONENTE) FRUTAS, LEGUMBRES Y HORTALIZAS; INCLUSO SNACKS DE PLÁTANO (CHIFLES), YUCA, FRUTAS, ETCÉTERA, EXCEPTO PAPA.",procesamiento,FALSE,PICHINCHA,5,25071.45,25055.73,15.720000000001164,220,0,55.73,2024
716854,ZODIACEXPORT S.A.,G4630,G4630.11 - VENTA AL POR MAYOR DE BANANO Y PLÁTANO.,comercio_mayorista,FALSE,GUAYAS,4,24950.75,4213.93,20736.82,526631.83,0,2821.69,2024
751658,BANANFLOWER S.A.,G4630,G4630.11 - VENTA AL POR MAYOR DE BANANO Y PLÁTANO.,comercio_mayorista,FALSE,GUAYAS,4,24950.75,4213.93,20736.82,526631.83,0,2821.69,2024
359290,SEMIELABORADOS DEL ECUADOR SEMICHOC S.A.S.,C1073,C1073.12 - ELABORACIÓN DE CHOCOLATE Y PRODUCTOS DE CHOCOLATE.,procesamiento,FALSE,PICHINCHA,2,24857.59,21954.19,2903.4000000000015,20080.38,0,-5045.81,2024
708738,COMERCIALIZADORA Y EXPORTADORA AMBAFRUITS S.A.,G4630,"G4630.12 - VENTA AL POR MAYOR DE FRUTAS, LEGUMBRES Y HORTALIZAS.",comercio_mayorista,FALSE,GUAYAS,4,24832.46,-667564.72,692397.1799999999,66365.95,-237796.27,-432438.96,2024
749105,ALOJA SATORI S.A.S.,A0127,A0127.02 - CULTIVO DE CACAO.,cultivo_fruticola,FALSE,AZUAY,2,24715.14,395.14,24320,21594.32,-3.65,-3.65,2024
39091,COMPANIA FRUTAS FRESCAS DE EXPORTACION FRUFREXPORT CIA.LTDA.,G4630,G4630.11 - VENTA AL POR MAYOR DE BANANO Y PLÁTANO.,comercio_mayorista,FALSE,EL ORO,5,24673.61,1416.82,23256.79,4.7,4.7,4.7,2024
755647,ESTHER-FRUIT S.A.S.,A0125,"A0125.09 - OTROS CULTIVOS DE FRUTOS DE ÁRBOLES Y ARBUSTOS: PITAHAYA, TUNA, ALGARROBA, TAXOS, ETCÉTERA.",cultivo_fruticola,TRUE,GUAYAS,12,24634.15,980.13,23654.02,48370.92,0,580.13,2024
327668,CUQUINATURALS BY CANALES CARDENAS S.A.S.,G4620,G4620.12 - VENTA AL POR MAYOR DE FRUTOS Y SEMILLAS OLEAGINOSAS.,comercio_mayorista,FALSE,GUAYAS,4,24443.2,24443.2,0,22721.08,12397.24,12397.24,2024
745334,KINA NATURAL PRODUCTS S.A.S.,G4630,"G4630.14 - VENTA AL POR MAYOR DE CAFÉ, CACAO, TE Y ESPECIAS.",comercio_mayorista,FALSE,PICHINCHA,3,24390.82,18483.88,5906.939999999999,27155.28,1973.74,1650.8,2024
343621,FRUCTUS IAVIER IMPORTER S.A.S.,G4630,"G4630.12 - VENTA AL POR MAYOR DE FRUTAS, LEGUMBRES Y HORTALIZAS.",comercio_mayorista,FALSE,GUAYAS,4,24302.67,2548.17,21754.5,42372.82,0,2048.17,2024
724580,GOLDENBAN S.A.,G4630,G4630.11 - VENTA AL POR MAYOR DE BANANO Y PLÁTANO.,comercio_mayorista,FALSE,GUAYAS,4,24213.48,5449.2,18764.28,278963.88,2363.13,1843.24,2024
356806,EXFRUPAL S.A.,G4630,G4630.11 - VENTA AL POR MAYOR DE BANANO Y PLÁTANO.,comercio_mayorista,FALSE,EL ORO,4,24118.77,1008.56,23110.21,21200,0,8.56,2024
318819,FRUTTIBELLA S.A.,G4630,G4630.11 - VENTA AL POR MAYOR DE BANANO Y PLÁTANO.,comercio_mayorista,FALSE,GUAYAS,2,24055.8,15054.19,9001.609999999999,167543.01,0,408.66,2024
749556,EL VARON DE LA CERVEZA VA-CER S.A.S.,G4630,"G4630.95 - VENTA AL POR MAYOR DE BEBIDAS ALCOHÓLICAS, INCLUSO EL ENVASADO DE VINO A GRANEL SIN TRANSFORMACIÓN.",comercio_mayorista,FALSE,AZUAY,4,24012.35,16517.02,7495.329999999998,91907.08,7225.33,6448.33,2024
178057,ABIASASA S. A.,G4630,G4630.93 - VENTA AL POR MAYOR DE PRODUCTOS DE PANADERÍA Y REPOSTERÍA.,comercio_mayorista,FALSE,GUAYAS,4,23669.96,1083.85,22586.11,97690.65,1285.55,251.11,2024
362530,AGROAROMA COFFE&CACAO S.A.S.,A0127,A0127.01 - CULTIVO DE CAFÉ.,cultivo_fruticola,FALSE,SANTO DOMINGO DE LOS TSACHILAS,2,23598.83,20561.42,3037.4100000000035,316957.93,22598.83,19561.42,2024
343299,FRUTA FRESCA S.A.S.,G4630,"G4630.12 - VENTA AL POR MAYOR DE FRUTAS, LEGUMBRES Y HORTALIZAS.",comercio_mayorista,FALSE,GUAYAS,7,23578.32,2506.43,21071.89,120104.8,0,772.8,2024
324746,CASSALI S.A.S.,A0122,A0122.01 - CULTIVO DE BANANOS Y PLÁTANOS.,cultivo_fruticola,FALSE,GUAYAS,1,23501.29,8739.24,14762.050000000001,70927.03,0,2561.73,2024
318644,BARRA LIBRE S.A.,G4630,"G4630.95 - VENTA AL POR MAYOR DE BEBIDAS ALCOHÓLICAS, INCLUSO EL ENVASADO DE VINO A GRANEL SIN TRANSFORMACIÓN.",comercio_mayorista,FALSE,GUAYAS,2,23356.9,1631.77,21725.13,6534.15,324.55,73.72,2024
316494,MURUCUNA ECUATORIAN FRUIT S.A.,G4630,"G4630.12 - VENTA AL POR MAYOR DE FRUTAS, LEGUMBRES Y HORTALIZAS.",comercio_mayorista,FALSE,PICHINCHA,2,23306.19,1922.13,21384.059999999998,26097.22,1438.63,1122.13,2024
749551,GLOBAL SUPPLY INDUSTRIES INSUGLOBSA S.A.,G4630,G4630.11 - VENTA AL POR MAYOR DE BANANO Y PLÁTANO.,comercio_mayorista,FALSE,GUAYAS,4,23286.32,2910.31,20376.01,111033.78,1087.83,848.51,2024
739977,IMPORTADORA Y EXPORTADORA LOOR LARA IMPOREXLA S.A.,G4630,G4630.11 - VENTA AL POR MAYOR DE BANANO Y PLÁTANO.,comercio_mayorista,FALSE,GUAYAS,2,23186.27,2329.84,20856.43,15120,157.02,117.76,2024
711068,DISTRIBUIDORA RUIZ CRUZ DISRUIZCRUZ S.A.,G4620,G4620.11 - VENTA AL POR MAYOR DE CEREALES (GRANOS) Y SEMILLAS.,comercio_mayorista,FALSE,GUAYAS,3,23127.92,15564.17,7563.749999999998,169034.69,0,0,2024
338596,PALMARY-ML S.A.S. B.I.C.,A0126,A0126.01 - CULTIVO DE PALMAS DE ACEITE (PALMA AFRICANA).,cultivo_fruticola,FALSE,GUAYAS,4,23113.66,1477.03,21636.63,20386.02,558.15,435.36,2024
318250,ALMADEPI S.A.,G4630,G4630.11 - VENTA AL POR MAYOR DE BANANO Y PLÁTANO.,comercio_mayorista,FALSE,EL ORO,4,22849.6,21649.6,1200,31666.75,41699.2,20849.6,2024
314015,CONSACKSCOM S.A.,G4620,G4620.19 - VENTA AL POR MAYOR DE OTRAS MATERIAS PRIMAS AGROPECUARIAS.,comercio_mayorista,FALSE,GUAYAS,4,22775.86,14281.81,8494.050000000001,167283.11,20825.09,9125.6,2024
721154,DANFOOD S.A.,G4630,G4630.93 - VENTA AL POR MAYOR DE PRODUCTOS DE PANADERÍA Y REPOSTERÍA.,comercio_mayorista,FALSE,MANABI,4,22689.86,22654.86,35,13612,1344.39,1309.39,2024
750625,MARINABAY S.A.S.,G4630,"G4630.33 - VENTA AL POR MAYOR DE PESCADO, CRUSTÁCEOS, MOLUSCOS Y PRODUCTOS DE LA PESCA.",comercio_mayorista,FALSE,PICHINCHA,6,22646.73,-26558.11,49204.84,156513.1,0,-20248.45,2024
736802,VALFLOR S.A.S.,G4620,G4620.15 - VENTA AL POR MAYOR DE FLORES Y PLANTAS.,comercio_mayorista,FALSE,PICHINCHA,7,22619.41,-49542,72161.41,83937.78,-10.49,-10.49,2024
751160,FLEURS DE GENÉSE FLEURG S.A.S.,G4620,G4620.15 - VENTA AL POR MAYOR DE FLORES Y PLANTAS.,comercio_mayorista,FALSE,GUAYAS,1,22609,10702.8,11906.2,19660,260,202.8,2024
134874,CORPARTER S.A.,A0126,A0126.01 - CULTIVO DE PALMAS DE ACEITE (PALMA AFRICANA).,cultivo_fruticola,FALSE,GUAYAS,4,22601,13160,9441,7923,564,247,2024
735824,PENTÁGONO DE LA PRODUCCIÓN AGROPECUARIA E INDUSTRIAL PEPAGRI S.A.,C1030,"C1030.14 - FABRICACIÓN DE PRODUCTOS ALIMENTICIOS A PARTIR DE (UN SOLO COMPONENTE) FRUTAS, LEGUMBRES Y HORTALIZAS; INCLUSO SNACKS DE PLÁTANO (CHIFLES), YUCA, FRUTAS, ETCÉTERA, EXCEPTO PAPA.",procesamiento,FALSE,IMBABURA,3,22479.13,4453.88,18025.25,27866.07,3588.82,2770.47,2024
357438,FROZEN FOOD SERVICES-UIO S.A.S.,G4630,"G4630.21 - VENTA AL POR MAYOR DE PRODUCTOS LÁCTEOS, INCLUIDO HELADOS, BOLOS, ETCÉTERA.",comercio_mayorista,FALSE,PICHINCHA,3,22394.59,9647.76,12746.83,13947.68,-852.85,-852.85,2024
326890,ZEBAQ S.A.S.,G4620,G4620.19 - VENTA AL POR MAYOR DE OTRAS MATERIAS PRIMAS AGROPECUARIAS.,comercio_mayorista,FALSE,GUAYAS,3,22284.61,2912.53,19372.08,85530.26,-2686.69,-3517.14,2024
344051,SEMEF-GRUPO EMPRESARIAL S.A.S.,C1030,C1030.21 - ELABORACIÓN Y CONSERVACIÓN DE PAPAS PREPARADAS CONGELADAS U OTRO TIPO DE CONSERVACIÓN.,procesamiento,FALSE,PICHINCHA,5,22233.91,709.32,21524.59,59695.43,1284.38,1001.82,2024
362799,OROMILL S.A.,A0126,A0126.01 - CULTIVO DE PALMAS DE ACEITE (PALMA AFRICANA).,cultivo_fruticola,FALSE,GUAYAS,39,22147.44,-5260.3,27407.739999999998,180062.5,-6860.3,-6860.3,2024
732523,PETMARKETEC S.A.S.,G4630,G4630.97 - VENTA AL POR MAYOR DE ALIMENTO PARA MASCOTAS (ANIMALES DOMÉSTICOS).,comercio_mayorista,FALSE,PICHINCHA,4,22107.84,-830.42,22938.26,15020.27,-117.82,-117.82,2024
738830,GRONER&CASTRO S.A.S.,C1030,"C1030.11 - ELABORACIÓN DE ALIMENTOS COMPUESTOS (MEZCLA) PRINCIPALMENTE DE FRUTAS LEGUMBRES U HORTALIZAS, EXCEPTO PLATOS PREPARADOS EN FORMA CONGELADA O ENLATADA LISTOS PARA CONSUMIR.",procesamiento,FALSE,PICHINCHA,6,22096.2,4165.32,17930.88,91719.66,-1120.12,-1120.12,2024
744817,SOLCACAO MAREXCA S.A.,G4630,"G4630.14 - VENTA AL POR MAYOR DE CAFÉ, CACAO, TE Y ESPECIAS.",comercio_mayorista,FALSE,ESMERALDAS,4,22037.38,20491.59,1545.7900000000009,121360.05,0,19491.59,2024
362340,CORPORATION WAR-TEAM S.A.S.,C1073,C1073.12 - ELABORACIÓN DE CHOCOLATE Y PRODUCTOS DE CHOCOLATE.,procesamiento,FALSE,PICHINCHA,2,21777.56,-1836.23,23613.79,1193.16,-34472.48,-17236.24,2024
341663,ALIMENTOS PREMIUM ALPRESA S.A.,G4630,G4630.31 - VENTA AL POR MAYOR DE CARNE Y PRODUCTOS CÁRNICOS (INCLUIDAS LAS AVES DE CORRAL).,comercio_mayorista,FALSE,GUAYAS,3,21757.11,1453.8,20303.31,30672.1,772.82,588.42,2024
317478,SANAYAFLOWERS CIA.LTDA.,G4620,G4620.15 - VENTA AL POR MAYOR DE FLORES Y PLANTAS.,comercio_mayorista,FALSE,PICHINCHA,2,21686.7,21686.7,0,61446.75,0,3783.2,2024
307610,COMPAÑIA IMPORTADORA Y EXPORTADORA DE ALIMENTOS FRONEX S.A.,A0126,A0126.01 - CULTIVO DE PALMAS DE ACEITE (PALMA AFRICANA).,cultivo_fruticola,FALSE,PICHINCHA,4,21658.5,20980.09,678.4099999999999,3314057.37,0,1193.06,2024
363059,PATTYARROZ S.A.,G4630,G4630.91 - VENTA AL POR MAYOR DE ARROZ.,comercio_mayorista,FALSE,GUAYAS,3,21655.07,6312.23,15342.84,16215.1,7066.96,5512.23,2024
346773,AVITO CIA.LTDA.,G4630,G4630.22 - VENTA AL POR MAYOR DE HUEVOS Y PRODUCTOS A BASE DE HUEVOS.,comercio_mayorista,FALSE,PICHINCHA,3,21528,3166.74,18361.260000000002,2668286.3,0,2166.74,2024
133293,MUNEXI S.A.,A0124,"A0124.09 - OTROS CULTIVOS DE FRUTAS CON HUESO Y CON PEPA: CEREZAS, CIRUELAS, ENDRINAS, CAPULÍES, OVOS, CLAUDIAS, ETCÉTERA.",cultivo_fruticola,FALSE,GUAYAS,4,21515.36,19583.08,1932.2799999999988,22432,0,8783.08,2024
323164,ALTAIR-TRADE S.A.S.,G4630,G4630.11 - VENTA AL POR MAYOR DE BANANO Y PLÁTANO.,comercio_mayorista,FALSE,PICHINCHA,4,21405.04,-94521.27,115926.31,222269.33,0,-7705.03,2024
324233,SELEBAN S.A.S.,A0122,A0122.01 - CULTIVO DE BANANOS Y PLÁTANOS.,cultivo_fruticola,FALSE,EL ORO,4,21394.17,10090.58,11303.589999999998,35025.19,0,68.62,2024
118846,COMPAMER S.A.,G4630,"G4630.33 - VENTA AL POR MAYOR DE PESCADO, CRUSTÁCEOS, MOLUSCOS Y PRODUCTOS DE LA PESCA.",comercio_mayorista,FALSE,GUAYAS,4,21058.69,11076.68,9982.009999999998,88273.63,0,954.4,2024
740441,BAMAFRU CIA.LTDA.,A0122,"A0122.09 - OTROS CULTIVOS DE FRUTAS TROPICALES Y SUBTROPICALES: PAPAYAS, BABACOS, CHAMBUROS, AGUACATES, HIGOS, ARAZÁ, GUAYABAS, GUANÁBANA, GUABA, CHIRIMOYA, NARANJILLAS, ZAPOTES, BOROJÓ, TAMARINDO, GRANADILLAS, DÁTILES, ETCÉTERA.",cultivo_fruticola,TRUE,EL ORO,4,21000,-406472.1,427472.1,405739.39,-407472.1,-407472.1,2024
357674,PRODUCTOS CARNICOS DEL ECUADOR CARNICOSDEC S.A.S.,G4630,G4630.31 - VENTA AL POR MAYOR DE CARNE Y PRODUCTOS CÁRNICOS (INCLUIDAS LAS AVES DE CORRAL).,comercio_mayorista,FALSE,GUAYAS,4,20992.3,2172.46,18819.84,547308.71,0,2082.46,2024
342217,DELIPRODUCTS S.A.S.,C1073,"C1073.21 - ELABORACIÓN DE PRODUCTOS DE CONFITERÍA: CARAMELOS, TURRÓN, GRAGEAS Y PASTILLAS DE CONFITERÍA, GOMA DE MASCAR (CHICLES), CONFITES BLANDOS, CONFITERÍA A BASE DE CHOCOLATE Y CHOCOLATE BLANCO, ETCÉTERA.",procesamiento,FALSE,PICHINCHA,4,20895.81,3457.73,17438.08,85959.32,1522.89,1522.89,2024
358341,DISTEZZA FOOD SERVICE SUPPLIER S.A.S.,G4630,G4630.31 - VENTA AL POR MAYOR DE CARNE Y PRODUCTOS CÁRNICOS (INCLUIDAS LAS AVES DE CORRAL).,comercio_mayorista,FALSE,PICHINCHA,4,20883.83,1214.37,19669.460000000003,76694.74,1014.37,1014.37,2024
744621,TOOLA S.A.S.,C1030,"C1030.17 - FABRICACIÓN DE ALIMENTOS PERECIBLES A BASE DE FRUTAS, LEGUMBRES Y HORTALIZAS COMO: ENSALADAS EMPAQUETADAS, HORTALIZAS PELADAS Y CORTADAS, TOFU (CUAJADA DE SOYA).",procesamiento,FALSE,PICHINCHA,2,20817.04,7910.54,12906.5,42656.62,4348.46,4061.89,2024
358624,TRADEWAVE S.A.S.,G4630,"G4630.12 - VENTA AL POR MAYOR DE FRUTAS, LEGUMBRES Y HORTALIZAS.",comercio_mayorista,FALSE,MANABI,4,20795.96,11255.93,9540.029999999999,319504.08,0,-3844.07,2024
348487,VINOEUROPA & MUNDO S.A.S.,G4630,"G4630.95 - VENTA AL POR MAYOR DE BEBIDAS ALCOHÓLICAS, INCLUSO EL ENVASADO DE VINO A GRANEL SIN TRANSFORMACIÓN.",comercio_mayorista,FALSE,GUAYAS,4,20788.17,-4899.3,25687.469999999998,180925,217.74,14.26,2024
309960,INJOVAC S.A.,G4620,G4620.15 - VENTA AL POR MAYOR DE FLORES Y PLANTAS.,comercio_mayorista,FALSE,PICHINCHA,3,20757.58,11938.24,8819.340000000002,16371.87,11493.74,11493.74,2024
747491,COPAGO S.A.S.,G4630,G4630.11 - VENTA AL POR MAYOR DE BANANO Y PLÁTANO.,comercio_mayorista,FALSE,EL ORO,3,20747.04,-43792.01,64539.05,64864.56,-10486.45,-10486.45,2024
329679,ALIMENTOS Y BEBIDAS DEL ECUADOR S.A.S.,G4630,"G4630.95 - VENTA AL POR MAYOR DE BEBIDAS ALCOHÓLICAS, INCLUSO EL ENVASADO DE VINO A GRANEL SIN TRANSFORMACIÓN.",comercio_mayorista,FALSE,GUAYAS,4,20731.61,289,20442.61,1107.25,0,213,2024
729749,GUAMBOFRUIT S.A.,G4620,G4620.12 - VENTA AL POR MAYOR DE FRUTOS Y SEMILLAS OLEAGINOSAS.,comercio_mayorista,FALSE,GUAYAS,4,20603.55,3082.36,17521.19,144170.05,2369.04,1847.85,2024
323194,PLANTULIFE S.A.S.,G4620,G4620.11 - VENTA AL POR MAYOR DE CEREALES (GRANOS) Y SEMILLAS.,comercio_mayorista,FALSE,IMBABURA,2,20599.38,20532.63,66.75,26747.61,30.66,30.66,2024
748611,FINCA XPLOSION S.A.S.,G4630,"G4630.12 - VENTA AL POR MAYOR DE FRUTAS, LEGUMBRES Y HORTALIZAS.",comercio_mayorista,FALSE,GUAYAS,4,20480.15,-23300.96,43781.11,227037.46,0,1832.32,2024
739562,CLOUD COFFEES ECUADOR S.A.S.,A0127,A0127.01 - CULTIVO DE CAFÉ.,cultivo_fruticola,FALSE,PICHINCHA,2,20320.1,13294.48,7025.619999999999,13750.89,-6920.6,-6920.6,2024
333735,NATURALBIO S.A.,G4630,G4630.11 - VENTA AL POR MAYOR DE BANANO Y PLÁTANO.,comercio_mayorista,FALSE,GUAYAS,6,20318,875.56,19442.44,206760,75.56,75.56,2024
350441,PRATA S.A.S.,A0122,A0122.01 - CULTIVO DE BANANOS Y PLÁTANOS.,cultivo_fruticola,FALSE,MANABI,4,20299.21,7384.84,12914.369999999999,252927.27,11857.01,7285.98,2024
342221,COMERCIALIZADORA REZAMFRAN S.A.S.,G4620,G4620.11 - VENTA AL POR MAYOR DE CEREALES (GRANOS) Y SEMILLAS.,comercio_mayorista,FALSE,MANABI,10,20273,20273,0,16486.89,0,9273,2024
734122,PROALPOR PRODUCTOS ALIMENTICIOS PORTILLA S.A.S.,C1073,"C1073.21 - ELABORACIÓN DE PRODUCTOS DE CONFITERÍA: CARAMELOS, TURRÓN, GRAGEAS Y PASTILLAS DE CONFITERÍA, GOMA DE MASCAR (CHICLES), CONFITES BLANDOS, CONFITERÍA A BASE DE CHOCOLATE Y CHOCOLATE BLANCO, ETCÉTERA.",procesamiento,FALSE,GUAYAS,2,20253.41,20248.57,4.8400000000001455,629,0,27.4,2024
744870,BANACORDSA S.A.,A0122,A0122.01 - CULTIVO DE BANANOS Y PLÁTANOS.,cultivo_fruticola,FALSE,GUAYAS,9,20190.09,20190.09,0,6335.46,658.71,658.71,2024
754113,EQTERRA S.A.S.,C1030,"C1030.11 - ELABORACIÓN DE ALIMENTOS COMPUESTOS (MEZCLA) PRINCIPALMENTE DE FRUTAS LEGUMBRES U HORTALIZAS, EXCEPTO PLATOS PREPARADOS EN FORMA CONGELADA O ENLATADA LISTOS PARA CONSUMIR.",procesamiento,FALSE,PICHINCHA,4,20136.52,-13539.59,33676.11,350,-14539.59,-14539.59,2024
351137,JRS EXOCTIC FRUITS S.A.S.,A0125,"A0125.09 - OTROS CULTIVOS DE FRUTOS DE ÁRBOLES Y ARBUSTOS: PITAHAYA, TUNA, ALGARROBA, TAXOS, ETCÉTERA.",cultivo_fruticola,TRUE,GUAYAS,4,20021,20015.75,5.25,21,0,15.75,2024
344553,EXPORTADORA MARTINEZ INTRIAGO EXPORMARIN S.A.S.,G4630,"G4630.12 - VENTA AL POR MAYOR DE FRUTAS, LEGUMBRES Y HORTALIZAS.",comercio_mayorista,FALSE,GUAYAS,1,20000,20000,0,0.2,0,0,2024
747494,MICDAN GREEN CORPORATION S.A.S.,A0122,"A0122.09 - OTROS CULTIVOS DE FRUTAS TROPICALES Y SUBTROPICALES: PAPAYAS, BABACOS, CHAMBUROS, AGUACATES, HIGOS, ARAZÁ, GUAYABAS, GUANÁBANA, GUABA, CHIRIMOYA, NARANJILLAS, ZAPOTES, BOROJÓ, TAMARINDO, GRANADILLAS, DÁTILES, ETCÉTERA.",cultivo_fruticola,TRUE,PICHINCHA,4,20000,20000,0,0.08,0,0,2024
29576,AGROGRIAL S.A.,A0122,A0122.01 - CULTIVO DE BANANOS Y PLÁTANOS.,cultivo_fruticola,FALSE,GUAYAS,4,19895.26,5324.77,14570.489999999998,387907.93,5224.56,2612.28,2024
368803,INQUEBRA S.A.S.,G4630,"G4630.12 - VENTA AL POR MAYOR DE FRUTAS, LEGUMBRES Y HORTALIZAS.",comercio_mayorista,FALSE,GUAYAS,1,19894.84,7859.84,12035,12148,6894.84,6859.84,2024
351800,PILIO S.A.S.,A0122,A0122.01 - CULTIVO DE BANANOS Y PLÁTANOS.,cultivo_fruticola,FALSE,GUAYAS,1,19860.42,19637.25,223.16999999999825,22317.3,19060.42,18837.25,2024
349309,BODEGON IKIGAI BOKIGAI S.A.S.,G4630,"G4630.94 - VENTA AL POR MAYOR DE BEBIDAS NO ALCOHÓLICAS (JUGOS, GASEOSAS, AGUA MINERAL, ETCÉTERA).",comercio_mayorista,FALSE,GALAPAGOS,1,19852.45,-1480.39,21332.84,36136.01,-2480.39,-2480.39,2024
716896,AMAZON-FRUIT FREXOT PRODUCTORA Y COMERCIALIZADORA S.A.,G4620,G4620.12 - VENTA AL POR MAYOR DE FRUTOS Y SEMILLAS OLEAGINOSAS.,comercio_mayorista,FALSE,MORONA SANTIAGO,4,19703,1725,17978,41568.52,0,-725,2024
180883,AVA-GROUP COMPANY CIA.LTDA.,G4620,G4620.12 - VENTA AL POR MAYOR DE FRUTOS Y SEMILLAS OLEAGINOSAS.,comercio_mayorista,FALSE,PICHINCHA,4,19637.36,-24855.51,44492.869999999995,6005.83,32.88,32.88,2024
332435,AGROMMENTUM S.A.,A0125,"A0125.09 - OTROS CULTIVOS DE FRUTOS DE ÁRBOLES Y ARBUSTOS: PITAHAYA, TUNA, ALGARROBA, TAXOS, ETCÉTERA.",cultivo_fruticola,TRUE,MANABI,2,19584.31,-73356.08,92940.39,3321.5,-27182.74,-27256.3,2024
341583,CASTILLOCHAVEZ S.A.S.,G4620,G4620.11 - VENTA AL POR MAYOR DE CEREALES (GRANOS) Y SEMILLAS.,comercio_mayorista,FALSE,GUAYAS,2,19368.94,19308.94,60,15210,13140.24,13080.24,2024
723631,ECUADORIAN CACAO FULGOR CIA.LTDA.,A0127,A0127.02 - CULTIVO DE CACAO.,cultivo_fruticola,FALSE,PICHINCHA,4,19309.67,19306.81,2.859999999996944,168,13,10.14,2024
725714,BONKAKAO S.A.,G4630,"G4630.14 - VENTA AL POR MAYOR DE CAFÉ, CACAO, TE Y ESPECIAS.",comercio_mayorista,FALSE,GUAYAS,3,19290.34,4003.68,15286.66,6412.45,56.38,21.38,2024
360426,FRUCTOSA S.A.S.,G4630,"G4630.12 - VENTA AL POR MAYOR DE FRUTAS, LEGUMBRES Y HORTALIZAS.",comercio_mayorista,FALSE,GUAYAS,4,19214.39,332.47,18881.92,59008.74,0,132.47,2024
325999,RGCOMPANY DE FINCA S.A.S.,G4630,G4630.31 - VENTA AL POR MAYOR DE CARNE Y PRODUCTOS CÁRNICOS (INCLUIDAS LAS AVES DE CORRAL).,comercio_mayorista,FALSE,EL ORO,3,19175.94,2177.83,16998.11,95496.52,2822.61,2201.64,2024
324505,MARSILAGRO S.A.S.,G4620,G4620.19 - VENTA AL POR MAYOR DE OTRAS MATERIAS PRIMAS AGROPECUARIAS.,comercio_mayorista,FALSE,GUAYAS,6,18979.72,207.35,18772.370000000003,36801.53,0,3985.21,2024
344339,COMERCIALIZADORA AGRICOLA EL REY DEL AGRO COMAGRIREY S.A.S.,G4630,G4630.11 - VENTA AL POR MAYOR DE BANANO Y PLÁTANO.,comercio_mayorista,FALSE,EL ORO,4,18816.65,6980.14,11836.510000000002,26043.89,8240.19,6180.14,2024
367935,BAOBAB S.A.S.,G4630,G4630.91 - VENTA AL POR MAYOR DE ARROZ.,comercio_mayorista,FALSE,GUAYAS,1,18812,18777,35,13682,8812,8777,2024
307081,INNOVA BRAND&PRODUCTS CIA.LTDA.,G4620,G4620.11 - VENTA AL POR MAYOR DE CEREALES (GRANOS) Y SEMILLAS.,comercio_mayorista,FALSE,PICHINCHA,2,18790.29,16199.69,2590.6000000000004,15486,-1641.06,-1641.06,2024
751095,ECUBAN S.A.,G4630,G4630.11 - VENTA AL POR MAYOR DE BANANO Y PLÁTANO.,comercio_mayorista,FALSE,GUAYAS,2,18520,800,17720,17689,0,0,2024
304933,''RACIMPRODUC'' PRODUCTORA AGRICOLA & MAS S.A.,A0122,A0122.01 - CULTIVO DE BANANOS Y PLÁTANOS.,cultivo_fruticola,FALSE,GUAYAS,4,17870.31,17231.02,639.2900000000009,132451.36,3622.61,3622.61,2024
747710,MR. CUY ECUADOR S.A.S.,G4630,G4630.31 - VENTA AL POR MAYOR DE CARNE Y PRODUCTOS CÁRNICOS (INCLUIDAS LAS AVES DE CORRAL).,comercio_mayorista,FALSE,AZUAY,2,17863.36,-26066.7,43930.06,25811.2,0,-7970.68,2024
151699,FRADICIONOL S.A.,A0122,A0122.01 - CULTIVO DE BANANOS Y PLÁTANOS.,cultivo_fruticola,FALSE,GUAYAS,4,17857.07,16680.21,1176.8600000000006,36836.97,0,1194.15,2024
323578,INDUSTRIAS BEROLEAL S.A.S.,G4630,G4630.91 - VENTA AL POR MAYOR DE ARROZ.,comercio_mayorista,FALSE,PICHINCHA,3,17854.23,4490.32,13363.91,51200,2395.47,2395.47,2024
367237,AQUAVITAL QUITO S.A.S.,G4630,"G4630.94 - VENTA AL POR MAYOR DE BEBIDAS NO ALCOHÓLICAS (JUGOS, GASEOSAS, AGUA MINERAL, ETCÉTERA).",comercio_mayorista,FALSE,PICHINCHA,5,17831.65,-1110.08,18941.730000000003,3444.38,-1205.08,-1210.08,2024
360794,COMMERCE & COMPANY MARR S.A.S.,G4630,G4630.31 - VENTA AL POR MAYOR DE CARNE Y PRODUCTOS CÁRNICOS (INCLUIDAS LAS AVES DE CORRAL).,comercio_mayorista,FALSE,GUAYAS,2,17804.26,12272.69,5531.569999999998,120659.52,23442.8,10272.69,2024
321127,FRESHTRADE S.A.S.,A0122,A0122.01 - CULTIVO DE BANANOS Y PLÁTANOS.,cultivo_fruticola,FALSE,GUAYAS,4,17676.78,17301.48,375.2999999999993,100034.84,2028.87,2028.87,2024
360937,DEIDAN CORP. S.A.,A0126,"A0126.09 - OTROS CULTIVOS DE FRUTOS OLEAGINOSOS: COCOS, ACEITUNAS, ETCÉTERA.",cultivo_fruticola,FALSE,GUAYAS,2,17669.56,15982.26,1687.300000000001,120147.64,0,5982.26,2024
335272,"''EL GRANO DE ORO"" MULTIDISTRIBUCIONES S.A.S.",G4630,G4630.91 - VENTA AL POR MAYOR DE ARROZ.,comercio_mayorista,FALSE,COTOPAXI,2,17663.04,12953.85,4709.1900000000005,25869.12,0,3081.31,2024
349205,GOFC GOLDEN FLOWERS COMPANY S.A.S.,G4620,G4620.15 - VENTA AL POR MAYOR DE FLORES Y PLANTAS.,comercio_mayorista,FALSE,PICHINCHA,2,17599.01,-6016.94,23615.949999999997,20879.1,0,-7016.94,2024
751123,ROYALLEAF CIA.LTDA.,G4620,G4620.15 - VENTA AL POR MAYOR DE FLORES Y PLANTAS.,comercio_mayorista,FALSE,ZAMORA CHINCHIPE,4,17449.58,2092.8,15356.780000000002,6031.14,0,1320.91,2024
300202,ANDEANFLAVORS C.LTDA.,G4630,"G4630.92 - VENTA AL POR MAYOR DE AZÚCAR, CHOCOLATE Y PRODUCTOS DE CONFITERÍA.",comercio_mayorista,FALSE,PICHINCHA,2,17370.01,5527.63,11842.379999999997,25534.78,13746.11,13746.11,2024
335327,LIBERTYFLOWERS S.A.S.,G4620,G4620.15 - VENTA AL POR MAYOR DE FLORES Y PLANTAS.,comercio_mayorista,FALSE,PICHINCHA,4,17366.7,7083.11,10283.59,11580.27,13366.22,6683.11,2024
357090,CONCABEC JRAA S.A.S.,A0122,A0122.01 - CULTIVO DE BANANOS Y PLÁTANOS.,cultivo_fruticola,FALSE,GUAYAS,1,17212.61,2712.01,14500.6,129035.55,2463.01,1921.15,2024
747488,NAUDYFLOWER S.A.S.,G4620,G4620.15 - VENTA AL POR MAYOR DE FLORES Y PLANTAS.,comercio_mayorista,FALSE,EL ORO,2,17136.95,796.75,16340.2,680473.7,0,396.75,2024
329253,AGROALIMENTOS S.A.S.,G4630,G4630.31 - VENTA AL POR MAYOR DE CARNE Y PRODUCTOS CÁRNICOS (INCLUIDAS LAS AVES DE CORRAL).,comercio_mayorista,FALSE,GUAYAS,3,16902.13,16902.13,0,584045.05,-25071.74,-25071.74,2024
317732,ECUAFRUT CIA.LTDA.,G4630,"G4630.12 - VENTA AL POR MAYOR DE FRUTAS, LEGUMBRES Y HORTALIZAS.",comercio_mayorista,FALSE,PICHINCHA,3,16891.96,-1865.64,18757.6,3486.49,0,-2879.85,2024
357504,ECUADORFENIX S.A.S.,G4630,"G4630.94 - VENTA AL POR MAYOR DE BEBIDAS NO ALCOHÓLICAS (JUGOS, GASEOSAS, AGUA MINERAL, ETCÉTERA).",comercio_mayorista,FALSE,GUAYAS,2,16756.85,-4966.3,21723.149999999998,41605.76,-5090.24,-5366.3,2024
323129,AGRO ORGANICOS AGRISEMI S.A.S.,G4620,G4620.11 - VENTA AL POR MAYOR DE CEREALES (GRANOS) Y SEMILLAS.,comercio_mayorista,FALSE,PICHINCHA,2,16662.02,555.14,16106.880000000001,20570.28,-155.74,-155.74,2024
311022,NATURALVITA S.A.,C1030,"C1030.11 - ELABORACIÓN DE ALIMENTOS COMPUESTOS (MEZCLA) PRINCIPALMENTE DE FRUTAS LEGUMBRES U HORTALIZAS, EXCEPTO PLATOS PREPARADOS EN FORMA CONGELADA O ENLATADA LISTOS PARA CONSUMIR.",procesamiento,FALSE,GUAYAS,4,16589.11,1554.93,15034.18,24901.68,155.37,121.19,2024
370345,DISMAJO S.A.S.,G4630,"G4630.33 - VENTA AL POR MAYOR DE PESCADO, CRUSTÁCEOS, MOLUSCOS Y PRODUCTOS DE LA PESCA.",comercio_mayorista,FALSE,SANTA ELENA,4,16545.52,387.42,16158.1,57333,240.28,187.42,2024
745966,OMORFRUIT S.A.S.,A0122,A0122.01 - CULTIVO DE BANANOS Y PLÁTANOS.,cultivo_fruticola,FALSE,GUAYAS,3,16525.03,16525.03,0,1164789.61,16525.03,16525.03,2024
320815,AGROPECUARIA ARBOLEDA & MANZANO AGRIAM S.A.S.,G4620,G4620.11 - VENTA AL POR MAYOR DE CEREALES (GRANOS) Y SEMILLAS.,comercio_mayorista,FALSE,PICHINCHA,3,16514.3,-4569.77,21084.07,71646.19,2012.66,2012.66,2024
303892,COMERCIALIZADORA ALIMENTICIA DEL VALLE COMALVALL CIA.LTDA.,G4630,G4630.93 - VENTA AL POR MAYOR DE PRODUCTOS DE PANADERÍA Y REPOSTERÍA.,comercio_mayorista,FALSE,PICHINCHA,7,16504.38,-19969.73,36474.11,54784.62,8225.97,5806.57,2024
356858,ACOPIO HERMANOS CHUMO S.A.S.,G4620,G4620.11 - VENTA AL POR MAYOR DE CEREALES (GRANOS) Y SEMILLAS.,comercio_mayorista,FALSE,MANABI,1,16500,400,16100,500110.37,9899,0,2024
744871,NUMBALA S.A.S.,A0127,A0127.01 - CULTIVO DE CAFÉ.,cultivo_fruticola,FALSE,LOJA,5,16491.33,-78842.76,95334.09,56285.18,0,-79842.76,2024
753810,FAMILY BERRIES FAMBER CORP S.A.S.,G4630,"G4630.12 - VENTA AL POR MAYOR DE FRUTAS, LEGUMBRES Y HORTALIZAS.",comercio_mayorista,FALSE,PICHINCHA,2,16485.13,16302.97,182.16000000000167,62496.12,15902.97,15902.97,2024
336431,ARROZ ORIENTE S.A.S.,G4630,G4630.91 - VENTA AL POR MAYOR DE ARROZ.,comercio_mayorista,FALSE,NAPO,4,16465,-17699.16,34164.16,255871.6,-17799.16,-17799.16,2024
54273,GLASGOW IMPORT & EXPORT CIA. LTDA.,G4630,"G4630.14 - VENTA AL POR MAYOR DE CAFÉ, CACAO, TE Y ESPECIAS.",comercio_mayorista,FALSE,PICHINCHA,2,16405.13,7655.03,8750.100000000002,8533.55,2415.26,2400.26,2024
361286,CERES TRES PALMAS CATP S.A.S.,A0126,A0126.01 - CULTIVO DE PALMAS DE ACEITE (PALMA AFRICANA).,cultivo_fruticola,FALSE,SUCUMBIOS,7,16384.26,43.06,16341.199999999999,16494.82,55.21,43.06,2024
365934,PEZKMARISCOS S.A.S.,G4630,"G4630.33 - VENTA AL POR MAYOR DE PESCADO, CRUSTÁCEOS, MOLUSCOS Y PRODUCTOS DE LA PESCA.",comercio_mayorista,FALSE,GUAYAS,4,16347.84,5487.96,10859.880000000001,49110.32,0,487.96,2024
735940,ANDEANCROP CIA.LTDA.,G4630,"G4630.12 - VENTA AL POR MAYOR DE FRUTAS, LEGUMBRES Y HORTALIZAS.",comercio_mayorista,FALSE,IMBABURA,4,16294.66,16294.66,0,37314.68,0,-7767.43,2024
368118,QUALITYCONSULT S.A.S.,G4630,"G4630.12 - VENTA AL POR MAYOR DE FRUTAS, LEGUMBRES Y HORTALIZAS.",comercio_mayorista,FALSE,GUAYAS,2,16250.31,6627.5,9622.81,25335.62,7983.98,6227.5,2024
744931,AGRICOLA EXPORTADORA BANADULCE S.A.,G4630,G4630.11 - VENTA AL POR MAYOR DE BANANO Y PLÁTANO.,comercio_mayorista,FALSE,GUAYAS,1,16242.73,-12448.87,28691.6,13145.26,-13122.34,-13253.81,2024
702049,ELROSARIO S.A.,A0122,A0122.01 - CULTIVO DE BANANOS Y PLÁTANOS.,cultivo_fruticola,FALSE,EL ORO,20,16081.79,13069.6,3012.1900000000005,102418.59,1926.84,899.28,2024
750839,DISTRIBUIDORA INGRANA BYN CIA.LTDA.,G4620,G4620.11 - VENTA AL POR MAYOR DE CEREALES (GRANOS) Y SEMILLAS.,comercio_mayorista,FALSE,EL ORO,2,16078.62,400,15678.62,195586.73,-11135.94,0,2024
716419,KAWSANACOFFEE CIA.LTDA.,G4630,"G4630.14 - VENTA AL POR MAYOR DE CAFÉ, CACAO, TE Y ESPECIAS.",comercio_mayorista,FALSE,LOJA,4,16074.12,16046.64,27.480000000001382,11184.23,0,4077.99,2024
315700,EXPORTADORA DE FRUTAS & BANANO DE EL ORO EXFRUBAORO S.A.,G4630,"G4630.12 - VENTA AL POR MAYOR DE FRUTAS, LEGUMBRES Y HORTALIZAS.",comercio_mayorista,FALSE,EL ORO,22,16015.37,2454.48,13560.890000000001,1450975.22,1574.25,1180.69,2024
328560,FEMERAKI S.A.S.,G4630,"G4630.14 - VENTA AL POR MAYOR DE CAFÉ, CACAO, TE Y ESPECIAS.",comercio_mayorista,FALSE,LOS RIOS,6,16012.01,15780.01,232,26335.1,0,10780.01,2024
732852,PROFROST S.A.S.,C1030,"C1030.12 - CONSERVACIÓN DE FRUTAS, PULPA DE FRUTAS, LEGUMBRES Y HORTALIZAS MEDIANTE EL CONGELADO, SECADO, DESHIDRATADO, INMERSIÓN EN ACEITE O VINAGRE, ENLATADO, ETCÉTERA.",procesamiento,FALSE,PICHINCHA,3,15907.56,15907.56,0,2039.7,0,-3408.38,2024
369588,TRILEVA S.A.S.,G4630,G4630.93 - VENTA AL POR MAYOR DE PRODUCTOS DE PANADERÍA Y REPOSTERÍA.,comercio_mayorista,FALSE,CHIMBORAZO,2,15877.93,241.91,15636.02,26698.49,0,-758.09,2024
347474,CAFESURE S.A.S. B.I.C.,G4630,"G4630.14 - VENTA AL POR MAYOR DE CAFÉ, CACAO, TE Y ESPECIAS.",comercio_mayorista,FALSE,LOJA,1,15850,15450,400,520,113.04,113.04,2024
755960,CORCEV-SHRIMP S.A.,G4630,G4630.32 - VENTA AL POR MAYOR DE CAMARÓN Y LANGOSTINOS.,comercio_mayorista,FALSE,EL ORO,4,15833.2,6175.88,9657.32,27770.14,3313.58,3175.88,2024
716003,MCFOOD EC EXPORT & IMPORT MCFOODDIST S.A.,G4630,"G4630.12 - VENTA AL POR MAYOR DE FRUTAS, LEGUMBRES Y HORTALIZAS.",comercio_mayorista,FALSE,GUAYAS,4,15791.73,3247.18,12544.55,0.01,0,0,2024
363653,DASIMPOR S.A.S.,G4620,G4620.11 - VENTA AL POR MAYOR DE CEREALES (GRANOS) Y SEMILLAS.,comercio_mayorista,FALSE,EL ORO,2,15710.1,14453.88,1256.2200000000012,106844.6,5710.1,4453.88,2024
363128,INCAMPROV S.A.S.,G4630,"G4630.33 - VENTA AL POR MAYOR DE PESCADO, CRUSTÁCEOS, MOLUSCOS Y PRODUCTOS DE LA PESCA.",comercio_mayorista,FALSE,SANTA ELENA,1,15682.93,11737.2,3945.7299999999996,57764.64,0,11237.2,2024
165563,EXPORTADORA BANANERA RIVID S.A.EXBANRIVID,A0122,A0122.01 - CULTIVO DE BANANOS Y PLÁTANOS.,cultivo_fruticola,FALSE,EL ORO,4,15610.65,7016.69,8593.96,4800,0,256.62,2024
74617,"MARAVILLAS DEL CAFE, MARICAF S.A.",G4630,"G4630.14 - VENTA AL POR MAYOR DE CAFÉ, CACAO, TE Y ESPECIAS.",comercio_mayorista,FALSE,GUAYAS,3,15578.42,6662.98,8915.44,13344.03,-874.95,-874.95,2024
340407,CASSAG MEATS S.A.S.,G4630,G4630.31 - VENTA AL POR MAYOR DE CARNE Y PRODUCTOS CÁRNICOS (INCLUIDAS LAS AVES DE CORRAL).,comercio_mayorista,FALSE,PICHINCHA,1,15536.96,-6277.52,21814.48,154356.3,-6245.68,-6245.68,2024
347271,MAGIO S.A.S.,A0127,A0127.02 - CULTIVO DE CACAO.,cultivo_fruticola,FALSE,GUAYAS,2,15439.8,15439.8,0,31600,15800,15624,2024
307970,EXPORTADORA BEN NAJI TRADE BENNAJI S.A.,G4630,G4630.11 - VENTA AL POR MAYOR DE BANANO Y PLÁTANO.,comercio_mayorista,FALSE,GUAYAS,3,15411.27,15397.35,13.920000000000073,2117.05,55.68,55.68,2024
745288,PIKERO TRADE S.A.S.,G4630,"G4630.12 - VENTA AL POR MAYOR DE FRUTAS, LEGUMBRES Y HORTALIZAS.",comercio_mayorista,FALSE,MORONA SANTIAGO,1,15363.79,7376.42,7987.370000000001,56936.86,1561.65,1218.09,2024
347784,LA CARNI CERIA S.A.S.,G4630,G4630.31 - VENTA AL POR MAYOR DE CARNE Y PRODUCTOS CÁRNICOS (INCLUIDAS LAS AVES DE CORRAL).,comercio_mayorista,FALSE,AZUAY,7,15306.42,15306.42,0,22528.84,-1649.37,-1649.37,2024
340041,PRODUCTOS Y ALIMENTOS PROMENTOS2025 S.A.S.,G4620,G4620.11 - VENTA AL POR MAYOR DE CEREALES (GRANOS) Y SEMILLAS.,comercio_mayorista,FALSE,PICHINCHA,4,15248.3,7712.37,7535.929999999999,47437.08,6912.37,6912.37,2024
726449,JOPER CIA.LTDA.,G4620,G4620.19 - VENTA AL POR MAYOR DE OTRAS MATERIAS PRIMAS AGROPECUARIAS.,comercio_mayorista,FALSE,PICHINCHA,1,15163.7,-53609.05,68772.75,26138.8,-10654.21,-10654.21,2024
139138,REFRESHMENT & BEVERAGE SERVICIOS S.A.,G4630,"G4630.95 - VENTA AL POR MAYOR DE BEBIDAS ALCOHÓLICAS, INCLUSO EL ENVASADO DE VINO A GRANEL SIN TRANSFORMACIÓN.",comercio_mayorista,FALSE,PICHINCHA,1,15162.26,-1891.19,17053.45,3300,-1831.52,-915.76,2024
754785,CKCORP S.A.S.,G4630,G4630.31 - VENTA AL POR MAYOR DE CARNE Y PRODUCTOS CÁRNICOS (INCLUIDAS LAS AVES DE CORRAL).,comercio_mayorista,FALSE,MANABI,1,15159.14,3587.55,11571.59,48809.83,0,3087.55,2024
364768,BAEXSUR S.A.,G4630,G4630.11 - VENTA AL POR MAYOR DE BANANO Y PLÁTANO.,comercio_mayorista,FALSE,EL ORO,2,15140,1000,14140,118513.11,0,0,2024
302626,ALIMENTOS LATINOS DEL CACAO LACHÓ S.A.,C1073,C1073.12 - ELABORACIÓN DE CHOCOLATE Y PRODUCTOS DE CHOCOLATE.,procesamiento,FALSE,PICHINCHA,4,15023.6,6985.13,8038.47,38992.21,0,-6414.56,2024
345577,COMERCIALIZADORA DE MARISCOS ECUATORIANOS COMARECSAS S.A.S.,G4630,G4630.32 - VENTA AL POR MAYOR DE CAMARÓN Y LANGOSTINOS.,comercio_mayorista,FALSE,GUAYAS,2,15014.92,9506.02,5508.9,30523.24,2067.66,1612.77,2024
164776,MAYA IMPORT & EXPORT S.A. MAYIEXPORT,G4630,G4630.11 - VENTA AL POR MAYOR DE BANANO Y PLÁTANO.,comercio_mayorista,FALSE,GUAYAS,5,15004.72,6195.88,8808.84,37770.9,195.88,195.88,2024
321000,MARISCOS Y CAMARON PROCESADOS DE EXPORTACIÒN MACPEX S.A.,G4630,G4630.32 - VENTA AL POR MAYOR DE CAMARÓN Y LANGOSTINOS.,comercio_mayorista,FALSE,GUAYAS,4,15000,1000,14000,19657.65,0,0,2024
336545,MORHELO S.A.S.,G4630,"G4630.95 - VENTA AL POR MAYOR DE BEBIDAS ALCOHÓLICAS, INCLUSO EL ENVASADO DE VINO A GRANEL SIN TRANSFORMACIÓN.",comercio_mayorista,FALSE,GUAYAS,4,14993.52,8713.55,6279.970000000001,28024.46,-5336.48,-5336.48,2024
733950,CORPORACION FRIOVESAFOODS S.A.S.,G4630,G4630.31 - VENTA AL POR MAYOR DE CARNE Y PRODUCTOS CÁRNICOS (INCLUIDAS LAS AVES DE CORRAL).,comercio_mayorista,FALSE,PICHINCHA,2,14978.23,3897.64,11080.59,730607.54,0,3988.27,2024
742366,PROPLANTAIN S.A.S.,A0122,A0122.01 - CULTIVO DE BANANOS Y PLÁTANOS.,cultivo_fruticola,FALSE,GUAYAS,3,14939.01,3157.78,11781.23,72381.95,5272.36,1996.41,2024
344777,CASCACAO S.A.,A0127,A0127.02 - CULTIVO DE CACAO.,cultivo_fruticola,FALSE,GUAYAS,4,14937.97,13273.87,1664.0999999999985,111105.78,4197.28,3273.87,2024
369240,BCCFLOWERS S.A.S.,G4620,G4620.15 - VENTA AL POR MAYOR DE FLORES Y PLANTAS.,comercio_mayorista,FALSE,PICHINCHA,3,14841.5,-6347.03,21188.53,18646.4,0,-6347.03,2024
181002,PEARSEBAN S.A.,G4630,G4630.11 - VENTA AL POR MAYOR DE BANANO Y PLÁTANO.,comercio_mayorista,FALSE,GUAYAS,4,14824.92,14467.08,357.84000000000015,35784.4,14024.92,13667.08,2024
352104,COMERCIALIZADORA VAMERS M&B FLOWER CIA.LTDA.,G4620,G4620.15 - VENTA AL POR MAYOR DE FLORES Y PLANTAS.,comercio_mayorista,FALSE,PICHINCHA,4,14542.96,-994.04,15537,2430.02,0,-1005.96,2024
317655,PACIFICFARMS CIA.LTDA.,G4620,G4620.15 - VENTA AL POR MAYOR DE FLORES Y PLANTAS.,comercio_mayorista,FALSE,PICHINCHA,4,14533.71,1748.76,12784.949999999999,143390.4,29.98,23.38,2024
750144,BITKI MEAL COMIDA ORGANICA BITKIMEAL S.A.S.,C1030,"C1030.11 - ELABORACIÓN DE ALIMENTOS COMPUESTOS (MEZCLA) PRINCIPALMENTE DE FRUTAS LEGUMBRES U HORTALIZAS, EXCEPTO PLATOS PREPARADOS EN FORMA CONGELADA O ENLATADA LISTOS PARA CONSUMIR.",procesamiento,FALSE,GUAYAS,2,14478.09,1957.2,12520.89,5220.28,-3392.62,-3392.62,2024
339386,ARAS COMPAÑIA DE RESPONSABILIDAD LIMITADA,C1030,"C1030.12 - CONSERVACIÓN DE FRUTAS, PULPA DE FRUTAS, LEGUMBRES Y HORTALIZAS MEDIANTE EL CONGELADO, SECADO, DESHIDRATADO, INMERSIÓN EN ACEITE O VINAGRE, ENLATADO, ETCÉTERA.",procesamiento,FALSE,PICHINCHA,4,14457.32,413.78,14043.539999999999,11675.25,0,155.92,2024
364589,SABROSNACKS S.A.S.,C1030,C1030.23 - ELABORACIÓN DE PAPAS FRITAS Y SNACKS DE PAPAS.,procesamiento,FALSE,PICHINCHA,1,14416.36,272.29,14144.07,438.49,0,-727.71,2024
753549,LACTEOS PROLIFE S.A.S.,G4630,"G4630.21 - VENTA AL POR MAYOR DE PRODUCTOS LÁCTEOS, INCLUIDO HELADOS, BOLOS, ETCÉTERA.",comercio_mayorista,FALSE,AZUAY,4,14392.46,-2430.01,16822.47,4370.32,-3059.19,-3059.19,2024
348315,FINCA LA MARIA DRAGON FRUIT JMJ S.A.S.,A0122,"A0122.09 - OTROS CULTIVOS DE FRUTAS TROPICALES Y SUBTROPICALES: PAPAYAS, BABACOS, CHAMBUROS, AGUACATES, HIGOS, ARAZÁ, GUAYABAS, GUANÁBANA, GUABA, CHIRIMOYA, NARANJILLAS, ZAPOTES, BOROJÓ, TAMARINDO, GRANADILLAS, DÁTILES, ETCÉTERA.",cultivo_fruticola,TRUE,MANABI,4,14370.71,2013,12357.71,116661.18,0,31.78,2024
346069,AGROTOTORO S.A.S.,G4620,G4620.19 - VENTA AL POR MAYOR DE OTRAS MATERIAS PRIMAS AGROPECUARIAS.,comercio_mayorista,FALSE,SANTO DOMINGO DE LOS TSACHILAS,2,14328.3,10157.91,4170.389999999999,210796.01,11997.32,9357.91,2024
746450,LA FELIPA FRUIT & WINE FEFRUWIN S.A.S.,G4630,"G4630.95 - VENTA AL POR MAYOR DE BEBIDAS ALCOHÓLICAS, INCLUSO EL ENVASADO DE VINO A GRANEL SIN TRANSFORMACIÓN.",comercio_mayorista,FALSE,GUAYAS,4,14291.46,-23632.46,37923.92,7068.37,-22553.12,-22553.12,2024
355608,PALORAGOLDEN FRUIT S.A.S.,G4630,"G4630.12 - VENTA AL POR MAYOR DE FRUTAS, LEGUMBRES Y HORTALIZAS.",comercio_mayorista,FALSE,MORONA SANTIAGO,4,14268.17,14268.17,0,7439.25,0,7377.75,2024
725884,PLZPRODUCE S.A.,G4630,G4630.11 - VENTA AL POR MAYOR DE BANANO Y PLÁTANO.,comercio_mayorista,FALSE,MANABI,4,14209.07,931.23,13277.84,13247.04,0,131.23,2024
175873,GESTION Y EXPERIENCIA EN DISTRIBUCION GEXDIR S.A.,G4630,G4630.99 - VENTA AL POR MAYOR DE OTROS PRODUCTOS COMESTIBLES (ENLATADOS Y CONSERVAS).,comercio_mayorista,FALSE,CARCHI,4,14132.96,9602.49,4530.469999999999,103607.6,0,281.38,2024
37991,PRODUCTOS SUIZA DAJED CIA. LTDA.,C1030,"C1030.15 - ELABORACIÓN DE JUGOS (ZUMOS), NÉCTARES, CONCENTRADOS DE FRUTA FRESCA Y HORTALIZAS.",procesamiento,FALSE,TUNGURAHUA,4,14078.18,-68146.58,82224.76000000001,16213.95,0,-22545.26,2024
359465,CORPORACION VNARE S.A.S.,G4620,G4620.11 - VENTA AL POR MAYOR DE CEREALES (GRANOS) Y SEMILLAS.,comercio_mayorista,FALSE,PICHINCHA,5,14019.93,4669.93,9350,143213.01,399.11,399.11,2024
365614,INDUSTRIAS MURCIA S.A.S.,G4630,G4630.99 - VENTA AL POR MAYOR DE OTROS PRODUCTOS COMESTIBLES (ENLATADOS Y CONSERVAS).,comercio_mayorista,FALSE,PICHINCHA,2,14002.13,11420.86,2581.2699999999986,36172,0,11320.86,2024
342763,COMERCIALIZADORA BANANA CM BANGROUPCM S.A.S.,A0122,A0122.01 - CULTIVO DE BANANOS Y PLÁTANOS.,cultivo_fruticola,FALSE,GUAYAS,4,13995.76,10000.35,3995.41,245503.87,0.35,0.35,2024
359497,EXPORTADORA AGROECUAMANABI S.A.S.,G4630,G4630.11 - VENTA AL POR MAYOR DE BANANO Y PLÁTANO.,comercio_mayorista,FALSE,MANABI,2,13978.98,10202.23,3776.75,126724.72,13202.98,9902.23,2024
727018,PALIMSER PALENQUE LIMPIEZA Y SERVICIOS S.A.,A0122,A0122.01 - CULTIVO DE BANANOS Y PLÁTANOS.,cultivo_fruticola,FALSE,LOS RIOS,4,13965.15,13965.15,0,7002,0,-1289.6,2024
361846,BOLTCAPITAL S.A.S.,G4630,G4630.32 - VENTA AL POR MAYOR DE CAMARÓN Y LANGOSTINOS.,comercio_mayorista,FALSE,GUAYAS,2,13942.52,800,13142.52,10555.02,0,0,2024
710226,SIESURCAFESS CIA.LTDA.,A0127,A0127.01 - CULTIVO DE CAFÉ.,cultivo_fruticola,FALSE,AZUAY,5,13886.81,4755.05,9131.759999999998,5701.15,327.87,327.87,2024
342139,ODFISH EXPORT S.A.S.,G4630,"G4630.33 - VENTA AL POR MAYOR DE PESCADO, CRUSTÁCEOS, MOLUSCOS Y PRODUCTOS DE LA PESCA.",comercio_mayorista,FALSE,MANABI,3,13826.42,-1806.1,15632.52,1176095.1,255.79,255.79,2024
739034,PORTOHAYA S.A.S.,A0122,"A0122.09 - OTROS CULTIVOS DE FRUTAS TROPICALES Y SUBTROPICALES: PAPAYAS, BABACOS, CHAMBUROS, AGUACATES, HIGOS, ARAZÁ, GUAYABAS, GUANÁBANA, GUABA, CHIRIMOYA, NARANJILLAS, ZAPOTES, BOROJÓ, TAMARINDO, GRANADILLAS, DÁTILES, ETCÉTERA.",cultivo_fruticola,TRUE,MANABI,4,13707.16,1629.16,12078,10872.25,499.43,499.43,2024
149063,RODOTRI S. A.,G4630,G4630.11 - VENTA AL POR MAYOR DE BANANO Y PLÁTANO.,comercio_mayorista,FALSE,GUAYAS,2,13604.77,715.08,12889.69,10724.5,0,-754.23,2024
753864,HACIENDA LA ESTANCIA HDAP&B S.A.S.,G4620,G4620.19 - VENTA AL POR MAYOR DE OTRAS MATERIAS PRIMAS AGROPECUARIAS.,comercio_mayorista,FALSE,AZUAY,5,13556.86,1323.84,12233.02,102649.8,1188.11,923.84,2024
340564,COMERCIAL RIVERA TSAK S.A.S.,G4630,G4630.91 - VENTA AL POR MAYOR DE ARROZ.,comercio_mayorista,FALSE,IMBABURA,4,13550.15,319.66,13230.49,892.11,0,19.66,2024
732442,MULLANDGROUP S.A.S.,C1030,"C1030.15 - ELABORACIÓN DE JUGOS (ZUMOS), NÉCTARES, CONCENTRADOS DE FRUTA FRESCA Y HORTALIZAS.",procesamiento,FALSE,PICHINCHA,2,13539.3,-38561.81,52101.11,591,-2376.37,-2376.37,2024
145380,OROGRANO S.A.,G4630,"G4630.14 - VENTA AL POR MAYOR DE CAFÉ, CACAO, TE Y ESPECIAS.",comercio_mayorista,FALSE,MANABI,2,13338.39,8857.5,4480.889999999999,116.34,0.1,8057.5,2024
355486,JURZAM S.A.,G4630,G4630.31 - VENTA AL POR MAYOR DE CARNE Y PRODUCTOS CÁRNICOS (INCLUIDAS LAS AVES DE CORRAL).,comercio_mayorista,FALSE,GUAYAS,11,13243.44,3511.39,9732.050000000001,143714.09,1832.35,1832.35,2024
369192,PAUL MICHAEL-CALDERON OSORIO S.A.S.,G4630,"G4630.33 - VENTA AL POR MAYOR DE PESCADO, CRUSTÁCEOS, MOLUSCOS Y PRODUCTOS DE LA PESCA.",comercio_mayorista,FALSE,GUAYAS,2,13233.49,551.46,12682.029999999999,10510,0,51.46,2024
344521,AGRO SAN JACINTO DE YAGUACHI RONQUILLO & CORNEJO S.A.S.,A0122,A0122.01 - CULTIVO DE BANANOS Y PLÁTANOS.,cultivo_fruticola,FALSE,GUAYAS,2,13220.31,13220.31,0,61816.11,3220.31,3220.31,2024
756081,ADMINISTRADORA FIPA CIA.LTDA.,G4620,G4620.19 - VENTA AL POR MAYOR DE OTRAS MATERIAS PRIMAS AGROPECUARIAS.,comercio_mayorista,FALSE,GUAYAS,4,13207.98,12126.89,1081.0900000000001,21245.27,2726.78,2126.89,2024
354908,RICHISNACKS S.A.S.,C1030,"C1030.14 - FABRICACIÓN DE PRODUCTOS ALIMENTICIOS A PARTIR DE (UN SOLO COMPONENTE) FRUTAS, LEGUMBRES Y HORTALIZAS; INCLUSO SNACKS DE PLÁTANO (CHIFLES), YUCA, FRUTAS, ETCÉTERA, EXCEPTO PAPA.",procesamiento,FALSE,GUAYAS,2,13073.83,2956.67,10117.16,14965.94,558.73,523.73,2024
746702,CITOP-ECUADOR S.A.S.,A0126,A0126.01 - CULTIVO DE PALMAS DE ACEITE (PALMA AFRICANA).,cultivo_fruticola,FALSE,PICHINCHA,2,13021.09,12972.24,48.850000000000364,60951.15,-4082.14,-4082.14,2024
342455,HINDU EXPORT S.A.S.,G4630,"G4630.14 - VENTA AL POR MAYOR DE CAFÉ, CACAO, TE Y ESPECIAS.",comercio_mayorista,FALSE,GUAYAS,1,12946.69,-4043.76,16990.45,1049685.31,4150.15,3237.12,2024
326233,TROPHY NUTS-COMPANY S.A.S.,C1030,"C1030.13 - CONSERVACIÓN DE NUECES (PASTA DE NUECES) Y OTROS FRUTOS SECOS MEDIANTE EL TOSTADO, SALADO, ASADO, ENLATADO, ETCÉTERA.",procesamiento,FALSE,GUAYAS,4,12930.78,1464.26,11466.52,44660.72,669.36,522.1,2024
338734,BANABOA S.A.S.,A0122,A0122.01 - CULTIVO DE BANANOS Y PLÁTANOS.,cultivo_fruticola,FALSE,LOS RIOS,4,12766.46,9168.92,3597.539999999999,103469.5,4508.28,3516.46,2024
368200,BLUE CROWNS FIELD COMPANY S.A.S.,A0122,"A0122.09 - OTROS CULTIVOS DE FRUTAS TROPICALES Y SUBTROPICALES: PAPAYAS, BABACOS, CHAMBUROS, AGUACATES, HIGOS, ARAZÁ, GUAYABAS, GUANÁBANA, GUABA, CHIRIMOYA, NARANJILLAS, ZAPOTES, BOROJÓ, TAMARINDO, GRANADILLAS, DÁTILES, ETCÉTERA.",cultivo_fruticola,TRUE,MANABI,5,12728.63,2044.18,10684.449999999999,15000,77.6,44.18,2024
351626,ABDO PRODUCTORES S.A.,A0126,A0126.01 - CULTIVO DE PALMAS DE ACEITE (PALMA AFRICANA).,cultivo_fruticola,FALSE,PICHINCHA,4,12675.6,11650.39,1025.210000000001,15534.95,9931.22,9931.22,2024
347063,C&C FRUTIVID COMPANY S.A.S.,C1030,"C1030.14 - FABRICACIÓN DE PRODUCTOS ALIMENTICIOS A PARTIR DE (UN SOLO COMPONENTE) FRUTAS, LEGUMBRES Y HORTALIZAS; INCLUSO SNACKS DE PLÁTANO (CHIFLES), YUCA, FRUTAS, ETCÉTERA, EXCEPTO PAPA.",procesamiento,FALSE,MANABI,1,12626.34,1098.67,11527.67,11804.29,98.67,98.67,2024
748822,REGULACIONES INSPECCIONES CUMPLIMIENTO REGIC S.A.,G4620,G4620.11 - VENTA AL POR MAYOR DE CEREALES (GRANOS) Y SEMILLAS.,comercio_mayorista,FALSE,GUAYAS,4,12602.34,3371.63,9230.71,7415,942.51,927.51,2024
35898,COMPAÑIA PEREIRACASTRO S.A.,G4630,"G4630.33 - VENTA AL POR MAYOR DE PESCADO, CRUSTÁCEOS, MOLUSCOS Y PRODUCTOS DE LA PESCA.",comercio_mayorista,FALSE,MANABI,4,12554.98,1622.98,10932,30638.5,822.98,822.98,2024
335983,NEPAR IMPORT S.A.,G4630,G4630.11 - VENTA AL POR MAYOR DE BANANO Y PLÁTANO.,comercio_mayorista,FALSE,GUAYAS,6,12550,804.97,11745.03,37448.95,4.97,4.97,2024
349074,FRESSUR IMPORTACIONES S.A.S.,G4630,G4630.31 - VENTA AL POR MAYOR DE CARNE Y PRODUCTOS CÁRNICOS (INCLUIDAS LAS AVES DE CORRAL).,comercio_mayorista,FALSE,PICHINCHA,2,12515.81,12447.08,68.72999999999956,53254.8,4046.25,4046.25,2024
310384,INSUMOS AGROPECUARIOS BIOLABRANZA CIA.LTDA.,G4620,"G4620.14 - VENTA AL POR MAYOR DE DESECHOS, RESIDUOS Y PRODUCTOS DERIVADOS USADOS PARA ALIMENTAR ANIMALES (FORRAJE), INCLUYE MATERIAS PRIMAS AGRARIAS.",comercio_mayorista,FALSE,CHIMBORAZO,2,12462.84,11068.23,1394.6100000000006,41647.16,-0.09,-0.09,2024
326195,DGM-GROUP S.A.S.,G4630,"G4630.33 - VENTA AL POR MAYOR DE PESCADO, CRUSTÁCEOS, MOLUSCOS Y PRODUCTOS DE LA PESCA.",comercio_mayorista,FALSE,GUAYAS,4,12429.09,11593.04,836.0499999999993,101012.66,0,3695.33,2024
749229,GRAIMPORT S.A.S.,G4620,G4620.11 - VENTA AL POR MAYOR DE CEREALES (GRANOS) Y SEMILLAS.,comercio_mayorista,FALSE,LOS RIOS,4,12422.85,12093.95,328.89999999999964,50492.1,771.19,578.39,2024
316799,KAFFECO CIA.LTDA.,G4630,"G4630.14 - VENTA AL POR MAYOR DE CAFÉ, CACAO, TE Y ESPECIAS.",comercio_mayorista,FALSE,PICHINCHA,4,12370.35,7643.69,4726.660000000001,14646.4,0,-1069.54,2024
323677,AGRIKOA S.A.S.,G4630,"G4630.14 - VENTA AL POR MAYOR DE CAFÉ, CACAO, TE Y ESPECIAS.",comercio_mayorista,FALSE,LOS RIOS,1,12335.97,10235.97,2100,1414987.7,2005.76,0,2024
351865,"SERVICIOS, SEMIELABORADOS Y CHOCOLATES C&C S.A.S.",G4630,"G4630.92 - VENTA AL POR MAYOR DE AZÚCAR, CHOCOLATE Y PRODUCTOS DE CONFITERÍA.",comercio_mayorista,FALSE,PICHINCHA,4,12263.67,12263.67,0,234184,0,11164.89,2024
331102,LA ABUNDANCIA S.A.S.,A0125,"A0125.09 - OTROS CULTIVOS DE FRUTOS DE ÁRBOLES Y ARBUSTOS: PITAHAYA, TUNA, ALGARROBA, TAXOS, ETCÉTERA.",cultivo_fruticola,TRUE,MANABI,2,12253.34,2746.59,9506.75,24837.13,0,203.48,2024
740358,DRUPA REAL S.A.S.,A0127,A0127.01 - CULTIVO DE CAFÉ.,cultivo_fruticola,FALSE,GALAPAGOS,2,12146.96,1138.84,11008.119999999999,57998.22,1361.49,625.55,2024
750789,OFFICE SIRIUS ECUADOR OFSIEC S.A.S.,G4630,"G4630.95 - VENTA AL POR MAYOR DE BEBIDAS ALCOHÓLICAS, INCLUSO EL ENVASADO DE VINO A GRANEL SIN TRANSFORMACIÓN.",comercio_mayorista,FALSE,GUAYAS,2,12066.18,-16537.02,28603.2,3748.51,0,-12780,2024
751322,ROSASWILSON S.A.S.,G4620,G4620.15 - VENTA AL POR MAYOR DE FLORES Y PLANTAS.,comercio_mayorista,FALSE,PICHINCHA,2,12064.17,2140.31,9923.86,361223.05,2602.25,1140.31,2024
732545,VALDIVIA FRUIT VALDIFRUIT S.A.S.,G4630,"G4630.12 - VENTA AL POR MAYOR DE FRUTAS, LEGUMBRES Y HORTALIZAS.",comercio_mayorista,FALSE,MANABI,3,12005.13,12005.13,0,643943.31,0,0,2024
721955,PROAGRIEXPORT S.A.,A0122,A0122.01 - CULTIVO DE BANANOS Y PLÁTANOS.,cultivo_fruticola,FALSE,EL ORO,4,11989.75,11989.75,0,1433.16,-9018.99,-9018.99,2024
303156,SERVICIOSCAL S.A.,A0122,A0122.01 - CULTIVO DE BANANOS Y PLÁTANOS.,cultivo_fruticola,FALSE,GUAYAS,4,11971.42,8490.56,3480.8600000000006,11914.54,1436.59,1401.59,2024
746853,FRUITYTRADE COMPANY S.A.S. B.I.C.,G4630,"G4630.14 - VENTA AL POR MAYOR DE CAFÉ, CACAO, TE Y ESPECIAS.",comercio_mayorista,FALSE,EL ORO,2,11950,133.05,11816.95,19795,42.37,33.05,2024
370007,ROSELY S.A.S.,G4630,"G4630.95 - VENTA AL POR MAYOR DE BEBIDAS ALCOHÓLICAS, INCLUSO EL ENVASADO DE VINO A GRANEL SIN TRANSFORMACIÓN.",comercio_mayorista,FALSE,MANABI,6,11903.58,509.1,11394.48,2659.3,0,109.1,2024
175844,BRACLEN S.A.,G4630,G4630.91 - VENTA AL POR MAYOR DE ARROZ.,comercio_mayorista,FALSE,PICHINCHA,2,11897.62,2572.89,9324.730000000001,122631.03,1.81,1.81,2024
369893,LC AGROSOLUCIONES LAS INGES-DEL-AGRO S.A.S.,G4620,G4620.19 - VENTA AL POR MAYOR DE OTRAS MATERIAS PRIMAS AGROPECUARIAS.,comercio_mayorista,FALSE,PICHINCHA,3,11883.03,8745.73,3137.300000000001,546.04,0,-1254.27,2024
350723,BESTCOCOA S.A.S.,C1073,C1073.12 - ELABORACIÓN DE CHOCOLATE Y PRODUCTOS DE CHOCOLATE.,procesamiento,FALSE,GUAYAS,4,11819.57,810.84,11008.73,3941,10.84,10.84,2024
367783,INDUSTRIA DE MARISCOS ECUATORIANOS INMARISCOS S.A.S.,G4630,"G4630.33 - VENTA AL POR MAYOR DE PESCADO, CRUSTÁCEOS, MOLUSCOS Y PRODUCTOS DE LA PESCA.",comercio_mayorista,FALSE,GUAYAS,2,11741.51,11306.13,435.380000000001,4084.68,1741.51,1306.13,2024
359729,AGROIDEO S.A.S.,A0122,"A0122.09 - OTROS CULTIVOS DE FRUTAS TROPICALES Y SUBTROPICALES: PAPAYAS, BABACOS, CHAMBUROS, AGUACATES, HIGOS, ARAZÁ, GUAYABAS, GUANÁBANA, GUABA, CHIRIMOYA, NARANJILLAS, ZAPOTES, BOROJÓ, TAMARINDO, GRANADILLAS, DÁTILES, ETCÉTERA.",cultivo_fruticola,TRUE,SANTA ELENA,3,11729.9,8947.43,2782.4699999999993,162741.16,11129.9,8347.43,2024
703976,DISTRIBUIDORA GALIANO DIGAL& COMERCIALIZADORA S.A.,G4620,G4620.11 - VENTA AL POR MAYOR DE CEREALES (GRANOS) Y SEMILLAS.,comercio_mayorista,FALSE,PICHINCHA,4,11679.52,11679.52,0,3558,0,-6793.07,2024
365242,DRAGON FRUIT EXPORTAVAZ S.A.S.,A0125,"A0125.09 - OTROS CULTIVOS DE FRUTOS DE ÁRBOLES Y ARBUSTOS: PITAHAYA, TUNA, ALGARROBA, TAXOS, ETCÉTERA.",cultivo_fruticola,TRUE,MORONA SANTIAGO,2,11676.02,1815,9861.02,36335,1809.3,815,2024
734471,CEIBCORP CIA.LTDA.,A0122,"A0122.09 - OTROS CULTIVOS DE FRUTAS TROPICALES Y SUBTROPICALES: PAPAYAS, BABACOS, CHAMBUROS, AGUACATES, HIGOS, ARAZÁ, GUAYABAS, GUANÁBANA, GUABA, CHIRIMOYA, NARANJILLAS, ZAPOTES, BOROJÓ, TAMARINDO, GRANADILLAS, DÁTILES, ETCÉTERA.",cultivo_fruticola,TRUE,SANTO DOMINGO DE LOS TSACHILAS,3,11650.14,9450.31,2199.83,205402.75,11090.14,8650.31,2024
328550,DISTRIBUIDORA NACIONAL ALPAL S.A.S.,G4630,"G4630.95 - VENTA AL POR MAYOR DE BEBIDAS ALCOHÓLICAS, INCLUSO EL ENVASADO DE VINO A GRANEL SIN TRANSFORMACIÓN.",comercio_mayorista,FALSE,GUAYAS,4,11497.34,548.15,10949.19,404.16,-901.28,-901.28,2024
735255,GREENMOON S.A.,A0122,A0122.01 - CULTIVO DE BANANOS Y PLÁTANOS.,cultivo_fruticola,FALSE,GUAYAS,1,11429.25,11429.25,0,40275,0,10728.16,2024
746928,AGRI PROTECCION AGRIPRO S.A.,G4620,G4620.19 - VENTA AL POR MAYOR DE OTRAS MATERIAS PRIMAS AGROPECUARIAS.,comercio_mayorista,FALSE,LOS RIOS,4,11393.31,11393.31,0,475206.69,13581.17,10593.31,2024
334545,ALAMBI-GROUP S.A.S.,A0127,A0127.01 - CULTIVO DE CAFÉ.,cultivo_fruticola,FALSE,PICHINCHA,4,11381.94,-2799.43,14181.37,2864.81,170.99,126.45,2024
364963,MARTEALFISH S.A.S.,G4630,"G4630.33 - VENTA AL POR MAYOR DE PESCADO, CRUSTÁCEOS, MOLUSCOS Y PRODUCTOS DE LA PESCA.",comercio_mayorista,FALSE,GUAYAS,2,11273.49,3039.32,8234.17,78599.18,3565.81,2839.32,2024
334195,MOLPIN S.A.S.,C1030,C1030.23 - ELABORACIÓN DE PAPAS FRITAS Y SNACKS DE PAPAS.,procesamiento,FALSE,AZUAY,5,11151.62,-16311.64,27463.260000000002,3229.42,-14480.16,-14480.16,2024
731894,COMPAÑIA AGRICOLA SADEH S.A.S.,G4630,"G4630.14 - VENTA AL POR MAYOR DE CAFÉ, CACAO, TE Y ESPECIAS.",comercio_mayorista,FALSE,LOS RIOS,14,11129.82,10080.61,1049.2099999999991,61767.85,7447.08,6397.87,2024
369255,S.V.S. CHOCOVALLE S.A.S.,C1073,C1073.12 - ELABORACIÓN DE CHOCOLATE Y PRODUCTOS DE CHOCOLATE.,procesamiento,FALSE,PICHINCHA,4,11090.16,-1898.15,12988.31,529.98,0,-2398.15,2024
747138,BATOVÍ S.A.S.,G4630,"G4630.92 - VENTA AL POR MAYOR DE AZÚCAR, CHOCOLATE Y PRODUCTOS DE CONFITERÍA.",comercio_mayorista,FALSE,PICHINCHA,3,11056.46,6214.34,4842.119999999999,11638.47,-1099.09,-1099.09,2024
733190,INDUSTRIAS ALLIKANA S.A.S.,G4630,"G4630.21 - VENTA AL POR MAYOR DE PRODUCTOS LÁCTEOS, INCLUIDO HELADOS, BOLOS, ETCÉTERA.",comercio_mayorista,FALSE,LOJA,3,10950.08,5393.72,5556.36,556.1,0,-116.53,2024
170526,DISTRIBUIDORA ESTRATEGICA S.A. DISTRIESTRA,G4630,"G4630.95 - VENTA AL POR MAYOR DE BEBIDAS ALCOHÓLICAS, INCLUSO EL ENVASADO DE VINO A GRANEL SIN TRANSFORMACIÓN.",comercio_mayorista,FALSE,PICHINCHA,4,10942.66,-25040.31,35982.97,7438.8,1687.81,739.6,2024
339112,INDUSTRIA OCAMPO-TORRES S.A.S.,C1073,"C1073.21 - ELABORACIÓN DE PRODUCTOS DE CONFITERÍA: CARAMELOS, TURRÓN, GRAGEAS Y PASTILLAS DE CONFITERÍA, GOMA DE MASCAR (CHICLES), CONFITES BLANDOS, CONFITERÍA A BASE DE CHOCOLATE Y CHOCOLATE BLANCO, ETCÉTERA.",procesamiento,FALSE,LOJA,2,10938.63,9984.77,953.8599999999988,25229.3,0,4069.76,2024
351163,CORPORACION DE BEBIDAS NACIONALES CORBENAC S.A.S.,G4630,"G4630.94 - VENTA AL POR MAYOR DE BEBIDAS NO ALCOHÓLICAS (JUGOS, GASEOSAS, AGUA MINERAL, ETCÉTERA).",comercio_mayorista,FALSE,PICHINCHA,4,10910.14,389.25,10520.89,7553.68,96.53,75.3,2024
176810,EXPORTADORA BLOOMLINK S.A.,G4630,"G4630.12 - VENTA AL POR MAYOR DE FRUTAS, LEGUMBRES Y HORTALIZAS.",comercio_mayorista,FALSE,PICHINCHA,4,10897.22,-80701.98,91599.2,92274.17,0,-18774.61,2024
176993,DUMJAB CIA. LTDA.,C1030,"C1030.12 - CONSERVACIÓN DE FRUTAS, PULPA DE FRUTAS, LEGUMBRES Y HORTALIZAS MEDIANTE EL CONGELADO, SECADO, DESHIDRATADO, INMERSIÓN EN ACEITE O VINAGRE, ENLATADO, ETCÉTERA.",procesamiento,FALSE,PICHINCHA,5,10886.78,7601.26,3285.5200000000004,37002.02,2241.82,1061.54,2024
359568,EXPORLAND S.A.S.,G4630,"G4630.12 - VENTA AL POR MAYOR DE FRUTAS, LEGUMBRES Y HORTALIZAS.",comercio_mayorista,FALSE,MANABI,3,10861.04,8173.07,2687.970000000001,326568.18,10221.88,7973.07,2024
346629,IMPORT Y EXPORT CHAQUILD S.A.S.,G4630,"G4630.12 - VENTA AL POR MAYOR DE FRUTAS, LEGUMBRES Y HORTALIZAS.",comercio_mayorista,FALSE,EL ORO,2,10776.08,7616.3,3159.7799999999997,516653.24,0,5556.86,2024
353587,ROZHI S.A.S.,C1030,C1030.23 - ELABORACIÓN DE PAPAS FRITAS Y SNACKS DE PAPAS.,procesamiento,FALSE,PICHINCHA,4,10738.2,7735.28,3002.920000000001,50747.88,7235.28,7235.28,2024
368611,BANAVIHE S.A.S.,G4630,G4630.11 - VENTA AL POR MAYOR DE BANANO Y PLÁTANO.,comercio_mayorista,FALSE,EL ORO,1,10734.93,2394.41,8340.52,86160.16,1635.53,1394.41,2024
133172,DELIPAO S.A.,G4630,"G4630.21 - VENTA AL POR MAYOR DE PRODUCTOS LÁCTEOS, INCLUIDO HELADOS, BOLOS, ETCÉTERA.",comercio_mayorista,FALSE,EL ORO,4,10725.68,8760.72,1964.960000000001,0.12,-4976.24,-4976.24,2024
321517,CULTURACAFETERA S.A.S.,G4620,G4620.19 - VENTA AL POR MAYOR DE OTRAS MATERIAS PRIMAS AGROPECUARIAS.,comercio_mayorista,FALSE,GUAYAS,2,10702.74,9399.82,1302.92,23765.78,7254.73,7157.07,2024
737974,GIEPAGROUP S.A.,C1030,"C1030.11 - ELABORACIÓN DE ALIMENTOS COMPUESTOS (MEZCLA) PRINCIPALMENTE DE FRUTAS LEGUMBRES U HORTALIZAS, EXCEPTO PLATOS PREPARADOS EN FORMA CONGELADA O ENLATADA LISTOS PARA CONSUMIR.",procesamiento,FALSE,PICHINCHA,2,10622.52,4681.92,5940.6,25418.29,666.01,519.49,2024
750386,TROPICSFRUIT S.A.,G4630,G4630.11 - VENTA AL POR MAYOR DE BANANO Y PLÁTANO.,comercio_mayorista,FALSE,MANABI,5,10614.42,10614.42,0,2015709.51,0,-883.6,2024
331108,CORPORACION GLPALACIOS S.A.S.,C1073,C1073.12 - ELABORACIÓN DE CHOCOLATE Y PRODUCTOS DE CHOCOLATE.,procesamiento,FALSE,CHIMBORAZO,6,10609.83,2345.05,8264.779999999999,5021.02,375.68,441.98,2024
720681,STARFRUIT S.A.,G4630,G4630.11 - VENTA AL POR MAYOR DE BANANO Y PLÁTANO.,comercio_mayorista,FALSE,EL ORO,3,10606.1,7021.32,3584.7800000000007,59322.83,0,5021.32,2024
754955,PRODUCTOS ALIMENTICIOS ALIBOCATO GVG S.A.S.,G4630,G4630.93 - VENTA AL POR MAYOR DE PRODUCTOS DE PANADERÍA Y REPOSTERÍA.,comercio_mayorista,FALSE,PICHINCHA,3,10553.84,-37543.14,48096.979999999996,30006.6,0,-38043.14,2024
368539,RAFAELLAFRUIT S.A.S.,A0122,A0122.01 - CULTIVO DE BANANOS Y PLÁTANOS.,cultivo_fruticola,FALSE,LOS RIOS,4,10371.99,10371.99,0,57955.43,6645.27,6645.27,2024
324081,MIABAN EXPORT S.A.S.,G4630,G4630.11 - VENTA AL POR MAYOR DE BANANO Y PLÁTANO.,comercio_mayorista,FALSE,GUAYAS,4,10318.55,1018.42,9300.13,2158,-322,-322,2024
756996,ESSENZACOFFEE S.A.S.,G4630,"G4630.14 - VENTA AL POR MAYOR DE CAFÉ, CACAO, TE Y ESPECIAS.",comercio_mayorista,FALSE,LOJA,2,10223.59,1092.74,9130.85,1226.57,92.74,92.74,2024
304162,INDUSTRIA DE ALIMENTOS Y PRODUCTOS DEL ECUADOR INALPROEC S.A.,G4630,G4630.32 - VENTA AL POR MAYOR DE CAMARÓN Y LANGOSTINOS.,comercio_mayorista,FALSE,MANABI,4,10200,1550.94,8649.06,53820,0,55,2024
350210,LARRES COMERCIALIZADORA DE CARNES S.A.S.,G4630,G4630.31 - VENTA AL POR MAYOR DE CARNE Y PRODUCTOS CÁRNICOS (INCLUIDAS LAS AVES DE CORRAL).,comercio_mayorista,FALSE,GUAYAS,4,10193.08,10193.08,0,48778.12,20186.16,10093.08,2024
365448,FRUJACK S.A.S.,A0122,"A0122.09 - OTROS CULTIVOS DE FRUTAS TROPICALES Y SUBTROPICALES: PAPAYAS, BABACOS, CHAMBUROS, AGUACATES, HIGOS, ARAZÁ, GUAYABAS, GUANÁBANA, GUABA, CHIRIMOYA, NARANJILLAS, ZAPOTES, BOROJÓ, TAMARINDO, GRANADILLAS, DÁTILES, ETCÉTERA.",cultivo_fruticola,TRUE,SANTO DOMINGO DE LOS TSACHILAS,8,10154.17,-7725.9,17880.07,18590.8,0,-9725.9,2024
345338,KMW COMERCIO EXTERIOR Y DESARROLLO S.A.S.,G4630,"G4630.14 - VENTA AL POR MAYOR DE CAFÉ, CACAO, TE Y ESPECIAS.",comercio_mayorista,FALSE,AZUAY,4,10147.27,-9747.27,19894.54,63794.91,-9947.27,-9947.27,2024
352861,CHIPEXPORT S.A.S.,C1030,"C1030.14 - FABRICACIÓN DE PRODUCTOS ALIMENTICIOS A PARTIR DE (UN SOLO COMPONENTE) FRUTAS, LEGUMBRES Y HORTALIZAS; INCLUSO SNACKS DE PLÁTANO (CHIFLES), YUCA, FRUTAS, ETCÉTERA, EXCEPTO PAPA.",procesamiento,FALSE,LOS RIOS,4,10024.27,10016.09,8.180000000000291,307.4,20.63,16.09,2024
737227,ZAMBEER-DISTRIBUIDORA DE LICORES Y ALIMENTOS S.A.S.,G4630,"G4630.95 - VENTA AL POR MAYOR DE BEBIDAS ALCOHÓLICAS, INCLUSO EL ENVASADO DE VINO A GRANEL SIN TRANSFORMACIÓN.",comercio_mayorista,FALSE,GUAYAS,2,10022.5,10022.5,0,15,15,15,2024
309591,COMERCIAL CHADAFLEXPORT S.A.,G4630,G4630.32 - VENTA AL POR MAYOR DE CAMARÓN Y LANGOSTINOS.,comercio_mayorista,FALSE,GUAYAS,3,10000,800,9200,318280.16,0,0,2024
363347,BANFIRST S.A.S.,G4630,G4630.11 - VENTA AL POR MAYOR DE BANANO Y PLÁTANO.,comercio_mayorista,FALSE,EL ORO,3,10000,10000,0,16200,0,0,2024
361961,ECUADOR-PROWINE S.A.S.,G4630,"G4630.95 - VENTA AL POR MAYOR DE BEBIDAS ALCOHÓLICAS, INCLUSO EL ENVASADO DE VINO A GRANEL SIN TRANSFORMACIÓN.",comercio_mayorista,FALSE,PICHINCHA,1,9996.63,6348,3648.629999999999,62325.74,5574.36,4348,2024
736689,CABREFRAN COCOA EXPORT S.A.,G4630,"G4630.14 - VENTA AL POR MAYOR DE CAFÉ, CACAO, TE Y ESPECIAS.",comercio_mayorista,FALSE,LOS RIOS,4,9971.66,9971.66,0,33.1,0,0,2024
323110,EXPROMACO S.A.S.,G4630,G4630.32 - VENTA AL POR MAYOR DE CAMARÓN Y LANGOSTINOS.,comercio_mayorista,FALSE,GUAYAS,2,9962.07,9962.07,0,60,-176.21,-176.21,2024
741411,RAYMI WORLD S.A.S.,G4630,"G4630.14 - VENTA AL POR MAYOR DE CAFÉ, CACAO, TE Y ESPECIAS.",comercio_mayorista,FALSE,PICHINCHA,7,9908.31,8405.27,1503.039999999999,12646.68,0,7495.04,2024
361760,CUMBRESANDINAS S.A.S.,G4620,G4620.12 - VENTA AL POR MAYOR DE FRUTOS Y SEMILLAS OLEAGINOSAS.,comercio_mayorista,FALSE,AZUAY,1,9907.59,8753.61,1153.9799999999996,966,-2238.79,-1746.39,2024
321080,COMERCIALIZADORA IMPORLANDPIT S.A.S.,G4630,"G4630.95 - VENTA AL POR MAYOR DE BEBIDAS ALCOHÓLICAS, INCLUSO EL ENVASADO DE VINO A GRANEL SIN TRANSFORMACIÓN.",comercio_mayorista,FALSE,GUAYAS,3,9894.32,352.28,9542.039999999999,33760,387.54,302.28,2024
346931,IMPORTCACAO S.A.S.,G4630,"G4630.14 - VENTA AL POR MAYOR DE CAFÉ, CACAO, TE Y ESPECIAS.",comercio_mayorista,FALSE,GUAYAS,3,9894.32,352.28,9542.039999999999,33760,387.54,302.28,2024
334140,MANGOYADAS S.A.S.,C1030,"C1030.11 - ELABORACIÓN DE ALIMENTOS COMPUESTOS (MEZCLA) PRINCIPALMENTE DE FRUTAS LEGUMBRES U HORTALIZAS, EXCEPTO PLATOS PREPARADOS EN FORMA CONGELADA O ENLATADA LISTOS PARA CONSUMIR.",procesamiento,FALSE,PICHINCHA,4,9878.23,-14980.45,24858.68,2483.12,0,-7651.66,2024
342137,AGROFLOWER WF S.A.S.,G4620,G4620.15 - VENTA AL POR MAYOR DE FLORES Y PLANTAS.,comercio_mayorista,FALSE,COTOPAXI,2,9732.13,-10943.26,20675.39,3683.5,-16527.18,-16527.18,2024
739489,CASALKABAN S.A.S.,G4630,G4630.11 - VENTA AL POR MAYOR DE BANANO Y PLÁTANO.,comercio_mayorista,FALSE,GUAYAS,4,9718.87,9718.87,0,224070.35,0,0,2024
97316,SEAECOFRUIT S.A.,G4630,G4630.32 - VENTA AL POR MAYOR DE CAMARÓN Y LANGOSTINOS.,comercio_mayorista,FALSE,EL ORO,2,9659.58,946.27,8713.31,4859.65,8.14,6.35,2024
152776,PRODUCTOS NUTRICION Y SERVICIOS PRONUTROS CIA. LTDA.,G4630,G4630.97 - VENTA AL POR MAYOR DE ALIMENTO PARA MASCOTAS (ANIMALES DOMÉSTICOS).,comercio_mayorista,FALSE,PICHINCHA,4,9649.03,9649.03,0,23974.1,3439.73,3439.73,2024
373099,MARACUCHILL S.A.S.,G4630,"G4630.94 - VENTA AL POR MAYOR DE BEBIDAS NO ALCOHÓLICAS (JUGOS, GASEOSAS, AGUA MINERAL, ETCÉTERA).",comercio_mayorista,FALSE,MANABI,4,9641.44,8487.94,1153.5,6500,819.4,639.13,2024
340190,AMMILE S.A.S.,C1030,"C1030.14 - FABRICACIÓN DE PRODUCTOS ALIMENTICIOS A PARTIR DE (UN SOLO COMPONENTE) FRUTAS, LEGUMBRES Y HORTALIZAS; INCLUSO SNACKS DE PLÁTANO (CHIFLES), YUCA, FRUTAS, ETCÉTERA, EXCEPTO PAPA.",procesamiento,FALSE,PICHINCHA,1,9618.31,9535.39,82.92000000000007,5150.51,0,81.26,2024
701258,COMERCIALIZADORA COMERDINCA S.A.,G4630,"G4630.95 - VENTA AL POR MAYOR DE BEBIDAS ALCOHÓLICAS, INCLUSO EL ENVASADO DE VINO A GRANEL SIN TRANSFORMACIÓN.",comercio_mayorista,FALSE,MANABI,5,9496.4,5000,4496.4,57986.42,-26268.17,-26268.17,2024
355509,HIGHSEAS S.A.S.,G4630,G4630.32 - VENTA AL POR MAYOR DE CAMARÓN Y LANGOSTINOS.,comercio_mayorista,FALSE,GUAYAS,4,9487.06,3589.23,5897.83,59058.67,2880.94,2789.23,2024
732413,EXAFRUTAS S.A.S.,G4630,"G4630.12 - VENTA AL POR MAYOR DE FRUTAS, LEGUMBRES Y HORTALIZAS.",comercio_mayorista,FALSE,GUAYAS,3,9480.39,9480.39,0,160100.15,-1132.98,-1132.98,2024
358953,MATERIAS PRIMAS SELECCIONADAS MAPRISA S.A.S.,G4620,G4620.19 - VENTA AL POR MAYOR DE OTRAS MATERIAS PRIMAS AGROPECUARIAS.,comercio_mayorista,FALSE,GUAYAS,5,9453.15,810.3,8642.85,4540.48,-1856.11,-1689.7,2024
64238,SALSAS Y CONSERVAS ALVAREZ PAYAN S.A.,C1030,"C1030.16 - ELABORACIÓN DE COMPOTAS, MERMELADAS Y JALEAS, PURÉS Y OTRAS CONFITURAS DE FRUTAS O FRUTOS SECOS.",procesamiento,FALSE,GUAYAS,4,9409.63,9401.46,8.170000000000073,197.4,41.22,20.61,2024
315539,ACUAMINE S.A.,G4620,G4620.19 - VENTA AL POR MAYOR DE OTRAS MATERIAS PRIMAS AGROPECUARIAS.,comercio_mayorista,FALSE,EL ORO,1,9268.72,8724.69,544.0299999999988,56414.28,8811.2,8371.02,2024
93179,PANAMERICANA DE ALIMENTOS PANAFOODS CIA. LTDA,G4630,G4630.99 - VENTA AL POR MAYOR DE OTROS PRODUCTOS COMESTIBLES (ENLATADOS Y CONSERVAS).,comercio_mayorista,FALSE,PICHINCHA,4,9266.64,8053.17,1213.4699999999993,838.65,0,46.9,2024
362209,AGROCUINT S.A.S.,A0126,A0126.01 - CULTIVO DE PALMAS DE ACEITE (PALMA AFRICANA).,cultivo_fruticola,FALSE,ESMERALDAS,2,9247.23,1388.29,7858.94,12762.93,0,388.29,2024
355682,INDUSTRIA ECUATORINA DE ALIMENTOS INECALL S.A.S.,C1030,"C1030.14 - FABRICACIÓN DE PRODUCTOS ALIMENTICIOS A PARTIR DE (UN SOLO COMPONENTE) FRUTAS, LEGUMBRES Y HORTALIZAS; INCLUSO SNACKS DE PLÁTANO (CHIFLES), YUCA, FRUTAS, ETCÉTERA, EXCEPTO PAPA.",procesamiento,FALSE,PICHINCHA,5,9239.32,-27560.41,36799.729999999996,3634.79,0,-32178.41,2024
325967,PACAMI S.A.,G4630,"G4630.33 - VENTA AL POR MAYOR DE PESCADO, CRUSTÁCEOS, MOLUSCOS Y PRODUCTOS DE LA PESCA.",comercio_mayorista,FALSE,GUAYAS,4,9159.26,9159.26,0,15920,0,8359.26,2024
334809,AGROBOBONAZA S.A.S.,A0127,A0127.02 - CULTIVO DE CACAO.,cultivo_fruticola,FALSE,GUAYAS,8,9138.19,6300.21,2837.9800000000005,17545.65,0,48.21,2024
735225,CORPROMUNAY S.A.S.,C1030,"C1030.14 - FABRICACIÓN DE PRODUCTOS ALIMENTICIOS A PARTIR DE (UN SOLO COMPONENTE) FRUTAS, LEGUMBRES Y HORTALIZAS; INCLUSO SNACKS DE PLÁTANO (CHIFLES), YUCA, FRUTAS, ETCÉTERA, EXCEPTO PAPA.",procesamiento,FALSE,PICHINCHA,1,9003.84,-9926.37,18930.21,526.64,0,-856.74,2024
308676,PRODUCTORA AGRICOLA MAXROB S.A.,A0122,A0122.01 - CULTIVO DE BANANOS Y PLÁTANOS.,cultivo_fruticola,FALSE,GUAYAS,4,8850.12,8566.57,283.5500000000011,7721.84,828.76,828.76,2024
326618,MIFAHE S.A.S.,G4630,"G4630.12 - VENTA AL POR MAYOR DE FRUTAS, LEGUMBRES Y HORTALIZAS.",comercio_mayorista,FALSE,GUAYAS,1,8785.87,8785.87,0,12570,600.62,600.62,2024
314458,OXIPRODUCTOS S.A.,G4630,G4630.31 - VENTA AL POR MAYOR DE CARNE Y PRODUCTOS CÁRNICOS (INCLUIDAS LAS AVES DE CORRAL).,comercio_mayorista,FALSE,GUAYAS,4,8754.5,1777.12,6977.38,130508.43,0,165,2024
747493,ECUALICORTS S.A.S.,G4630,"G4630.95 - VENTA AL POR MAYOR DE BEBIDAS ALCOHÓLICAS, INCLUSO EL ENVASADO DE VINO A GRANEL SIN TRANSFORMACIÓN.",comercio_mayorista,FALSE,AZUAY,3,8711.5,-2481.82,11193.32,17465.93,837.92,777.92,2024
337731,PROSETI ECUADOR S.A.S.,G4630,"G4630.12 - VENTA AL POR MAYOR DE FRUTAS, LEGUMBRES Y HORTALIZAS.",comercio_mayorista,FALSE,PICHINCHA,2,8663.35,-12989.53,21652.88,26.53,-754.49,-760.33,2024
347171,AGROPECUARIA VERA AGROV S.A.S.,G4620,G4620.11 - VENTA AL POR MAYOR DE CEREALES (GRANOS) Y SEMILLAS.,comercio_mayorista,FALSE,MANABI,6,8655.51,8655.51,0,296653.22,0,8655.51,2024
358235,ECUAPEZ DAFER EXPORT S.A.S.,G4630,"G4630.33 - VENTA AL POR MAYOR DE PESCADO, CRUSTÁCEOS, MOLUSCOS Y PRODUCTOS DE LA PESCA.",comercio_mayorista,FALSE,SANTA ELENA,2,8445.42,8445.42,0,40300,0,7445.42,2024
183509,BRUMALIS FLORERIA BRUFLOR CIA.LTDA.,G4620,G4620.15 - VENTA AL POR MAYOR DE FLORES Y PLANTAS.,comercio_mayorista,FALSE,GUAYAS,2,8392.6,-3418.92,11811.52,15060,6745.3,5261.33,2024
318270,MEGAGRANOS VIRGEN DEL CISNE CIA.LTDA.,G4620,G4620.11 - VENTA AL POR MAYOR DE CEREALES (GRANOS) Y SEMILLAS.,comercio_mayorista,FALSE,PICHINCHA,1,8386.49,5107.66,3278.83,124,0,124,2024
338944,IMPORTADORA & EXPORTADORA PALORALVEAR S.A.S.,G4630,"G4630.12 - VENTA AL POR MAYOR DE FRUTAS, LEGUMBRES Y HORTALIZAS.",comercio_mayorista,FALSE,MORONA SANTIAGO,3,8334.5,6181.41,2153.09,400832.5,0,2638.98,2024
364235,CAMALOP S.A.S.,G4630,G4630.32 - VENTA AL POR MAYOR DE CAMARÓN Y LANGOSTINOS.,comercio_mayorista,FALSE,GUAYAS,2,8237.66,8237.66,0,176059.23,8137.66,8137.66,2024
354754,CASADELPEZ S.A.S.,G4630,"G4630.33 - VENTA AL POR MAYOR DE PESCADO, CRUSTÁCEOS, MOLUSCOS Y PRODUCTOS DE LA PESCA.",comercio_mayorista,FALSE,MANABI,2,8212.97,931.81,7281.16,120744.32,0,131.81,2024
357288,ROYAL-FISH S.A.S.,G4630,"G4630.33 - VENTA AL POR MAYOR DE PESCADO, CRUSTÁCEOS, MOLUSCOS Y PRODUCTOS DE LA PESCA.",comercio_mayorista,FALSE,GUAYAS,2,8212.97,931.81,7281.16,120744.32,0,131.81,2024
362823,COMERCIALIZADORA PEZ-FRES S.A.S.,G4630,"G4630.33 - VENTA AL POR MAYOR DE PESCADO, CRUSTÁCEOS, MOLUSCOS Y PRODUCTOS DE LA PESCA.",comercio_mayorista,FALSE,GUAYAS,2,8212.97,931.81,7281.16,120744.32,0,131.81,2024
348881,AGESCOAGRO S.A.S.,G4630,"G4630.12 - VENTA AL POR MAYOR DE FRUTAS, LEGUMBRES Y HORTALIZAS.",comercio_mayorista,FALSE,GUAYAS,4,8191.64,6583.03,1608.6100000000006,2735.74,1010.84,1010.84,2024
336837,GAVIARMO DISTRIBUCIONES S.A.S.,G4630,"G4630.12 - VENTA AL POR MAYOR DE FRUTAS, LEGUMBRES Y HORTALIZAS.",comercio_mayorista,FALSE,PICHINCHA,6,8161.51,-6856.51,15018.02,446.43,328.87,328.87,2024
720643,CEIBA INTERNATIONAL CEIBAIG S.A.,G4630,"G4630.12 - VENTA AL POR MAYOR DE FRUTAS, LEGUMBRES Y HORTALIZAS.",comercio_mayorista,FALSE,PICHINCHA,1,8009.91,-4075.58,12085.49,20000,-282.18,-282.18,2024
343070,FRUNA EXPORT S.A.S.,G4630,"G4630.12 - VENTA AL POR MAYOR DE FRUTAS, LEGUMBRES Y HORTALIZAS.",comercio_mayorista,FALSE,MANABI,4,7909.35,3635.16,4274.1900000000005,300084.28,0,2635.16,2024
326995,DASAG S.A.S.,G4630,"G4630.95 - VENTA AL POR MAYOR DE BEBIDAS ALCOHÓLICAS, INCLUSO EL ENVASADO DE VINO A GRANEL SIN TRANSFORMACIÓN.",comercio_mayorista,FALSE,PICHINCHA,2,7890.92,1180.04,6710.88,4902.72,0,405.89,2024
350378,BENCRIMAR DISTRIBUIDORA DEL MAR S.A.S.,G4630,"G4630.33 - VENTA AL POR MAYOR DE PESCADO, CRUSTÁCEOS, MOLUSCOS Y PRODUCTOS DE LA PESCA.",comercio_mayorista,FALSE,MANABI,3,7837.44,7837.44,0,105229.09,0,7437.44,2024
109970,MAXICOMPANY S.A.,G4630,"G4630.33 - VENTA AL POR MAYOR DE PESCADO, CRUSTÁCEOS, MOLUSCOS Y PRODUCTOS DE LA PESCA.",comercio_mayorista,FALSE,GUAYAS,2,7811.24,7811.24,0,4390,-789.04,-789.04,2024
714764,HAPPYCO S.A.,C1073,"C1073.11 - ELABORACIÓN DE CACAO, MANTECA, GRASA Y ACEITE DE CACAO.",procesamiento,FALSE,PICHINCHA,8,7750.11,7092.25,657.8599999999997,21723.3,12820.05,6371.41,2024
747383,OGOSMAR S.A.S.,G4630,G4630.32 - VENTA AL POR MAYOR DE CAMARÓN Y LANGOSTINOS.,comercio_mayorista,FALSE,GUAYAS,4,7728.69,7437.61,291.0799999999999,71292.52,734.18,572.66,2024
179418,FRUTAS DEL ECUADOR S.A. FRUTADECUASA,G4620,G4620.12 - VENTA AL POR MAYOR DE FRUTOS Y SEMILLAS OLEAGINOSAS.,comercio_mayorista,FALSE,GUAYAS,11,7663.66,6953.66,710,37847.19,-773.26,-1227.57,2024
35812,EXPORTFRUIT INTERNATIONAL S.A.,A0122,A0122.02 - CULTIVO DE MANGOS.,cultivo_fruticola,FALSE,MANABI,3,7648,3374,4274,6424,-3214,-3214,2024
369389,DISTRIBUIDORA PAULINA-DPAU S.A.S.,G4630,"G4630.92 - VENTA AL POR MAYOR DE AZÚCAR, CHOCOLATE Y PRODUCTOS DE CONFITERÍA.",comercio_mayorista,FALSE,PICHINCHA,5,7606.38,448.5,7157.88,5134.54,-29.7,-551.5,2024
336137,INSUMOS Y LOGISTICA AGROINDUSTRIAL ILAGRO S.A.S.,G4620,G4620.19 - VENTA AL POR MAYOR DE OTRAS MATERIAS PRIMAS AGROPECUARIAS.,comercio_mayorista,FALSE,GUAYAS,1,7529.67,3989.32,3540.35,17960.51,1160.47,833.16,2024
317844,BEING NATURAL BEINGNATURAL S.A.,C1030,"C1030.12 - CONSERVACIÓN DE FRUTAS, PULPA DE FRUTAS, LEGUMBRES Y HORTALIZAS MEDIANTE EL CONGELADO, SECADO, DESHIDRATADO, INMERSIÓN EN ACEITE O VINAGRE, ENLATADO, ETCÉTERA.",procesamiento,FALSE,PICHINCHA,6,7516.52,7516.52,0,17112.12,252.29,252.29,2024
348974,LA AURELIA DIPAXARL S.A.S.,A0125,"A0125.09 - OTROS CULTIVOS DE FRUTOS DE ÁRBOLES Y ARBUSTOS: PITAHAYA, TUNA, ALGARROBA, TAXOS, ETCÉTERA.",cultivo_fruticola,TRUE,EL ORO,4,7478.64,4331.85,3146.79,26599.56,1404.64,1404.64,2024
323477,BIOVICTORIA S.A.,A0122,"A0122.09 - OTROS CULTIVOS DE FRUTAS TROPICALES Y SUBTROPICALES: PAPAYAS, BABACOS, CHAMBUROS, AGUACATES, HIGOS, ARAZÁ, GUAYABAS, GUANÁBANA, GUABA, CHIRIMOYA, NARANJILLAS, ZAPOTES, BOROJÓ, TAMARINDO, GRANADILLAS, DÁTILES, ETCÉTERA.",cultivo_fruticola,TRUE,EL ORO,4,7468.43,3730.78,3737.65,126855.65,0,1478.47,2024
127593,OXASE S.A.,G4630,"G4630.12 - VENTA AL POR MAYOR DE FRUTAS, LEGUMBRES Y HORTALIZAS.",comercio_mayorista,FALSE,GUAYAS,4,7394.17,1523.89,5870.28,92914.04,715.39,558,2024
715960,AGRIELORO C.LTDA.,A0122,A0122.01 - CULTIVO DE BANANOS Y PLÁTANOS.,cultivo_fruticola,FALSE,EL ORO,7,7371.8,1209.46,6162.34,22370.97,0,-290.54,2024
354803,FRESHLIFE S.A.S.,C1030,"C1030.12 - CONSERVACIÓN DE FRUTAS, PULPA DE FRUTAS, LEGUMBRES Y HORTALIZAS MEDIANTE EL CONGELADO, SECADO, DESHIDRATADO, INMERSIÓN EN ACEITE O VINAGRE, ENLATADO, ETCÉTERA.",procesamiento,FALSE,TUNGURAHUA,4,7234.32,2234.22,5000.1,17878.63,2191.79,2131.79,2024
716470,COMERCIALIZADORA ACUICOLA ACAG CIA.LTDA.,G4620,G4620.19 - VENTA AL POR MAYOR DE OTRAS MATERIAS PRIMAS AGROPECUARIAS.,comercio_mayorista,FALSE,GUAYAS,4,7179.49,-8162.36,15341.849999999999,1251,0,-12913.21,2024
316709,IACOR S.A.,G4620,G4620.19 - VENTA AL POR MAYOR DE OTRAS MATERIAS PRIMAS AGROPECUARIAS.,comercio_mayorista,FALSE,GUAYAS,7,7112.47,837.76,6274.71,497,21.5,16.13,2024
370934,CORPORACION PORTOCACAO SOCIEDAD POR ACCIONES SIMPLIFICADA,G4620,G4620.11 - VENTA AL POR MAYOR DE CEREALES (GRANOS) Y SEMILLAS.,comercio_mayorista,FALSE,MANABI,3,7046.37,5672.17,1374.1999999999998,6717.4,6246.37,4872.17,2024
339664,SCY GALAPAGOS ARTESANAL SEA FOOD S.A.S.,G4630,"G4630.33 - VENTA AL POR MAYOR DE PESCADO, CRUSTÁCEOS, MOLUSCOS Y PRODUCTOS DE LA PESCA.",comercio_mayorista,FALSE,GALAPAGOS,4,7026.67,7026.67,0,23886.16,0,2026.85,2024
330343,CAMPOTRADER S.A.S.,G4630,"G4630.95 - VENTA AL POR MAYOR DE BEBIDAS ALCOHÓLICAS, INCLUSO EL ENVASADO DE VINO A GRANEL SIN TRANSFORMACIÓN.",comercio_mayorista,FALSE,GUAYAS,3,7005.16,7005.16,0,50163.52,6567.2,6205.16,2024
741337,ENLACE S.A.S.,G4620,G4620.11 - VENTA AL POR MAYOR DE CEREALES (GRANOS) Y SEMILLAS.,comercio_mayorista,FALSE,TUNGURAHUA,2,6969.2,-5115.99,12085.189999999999,251116.07,-6493.05,-6493.05,2024
707438,AGRICOLA PALMERA BANANERA SOLORZANO ANDRADE PALMABANASOLAND CIA.LTDA.,A0126,A0126.01 - CULTIVO DE PALMAS DE ACEITE (PALMA AFRICANA).,cultivo_fruticola,FALSE,SANTO DOMINGO DE LOS TSACHILAS,6,6926.16,4151.96,2774.2,51181.77,7627.75,7137.89,2024
757600,LIEM FISH S.A.S.,G4630,"G4630.33 - VENTA AL POR MAYOR DE PESCADO, CRUSTÁCEOS, MOLUSCOS Y PRODUCTOS DE LA PESCA.",comercio_mayorista,FALSE,MANABI,2,6916.36,6916.36,0,13000,0,6716.36,2024
364062,PACIFIC GATEWAY EXPORTS S.A.S.,G4620,G4620.15 - VENTA AL POR MAYOR DE FLORES Y PLANTAS.,comercio_mayorista,FALSE,PICHINCHA,7,6908.56,-2241.21,9149.77,63725.6,-2341.21,-2341.21,2024
704640,PROTNUVEG S.A.,G4620,"G4620.14 - VENTA AL POR MAYOR DE DESECHOS, RESIDUOS Y PRODUCTOS DERIVADOS USADOS PARA ALIMENTAR ANIMALES (FORRAJE), INCLUYE MATERIAS PRIMAS AGRARIAS.",comercio_mayorista,FALSE,EL ORO,2,6859.6,2458.52,4401.08,9375,83.43,58.57,2024
743400,CORCRES S.A.S.,G4630,G4630.23 - VENTA AL POR MAYOR DE ACEITES Y GRASAS COMESTIBLES DE ORIGEN ANIMAL O VEGETAL.,comercio_mayorista,FALSE,PICHINCHA,4,6842.08,-16922.3,23764.379999999997,100819.02,-40762.8,-40762.8,2024
735004,IMPORTACIONES Y EXPORTACIONES NORTECENTROSUR S.A.,G4630,"G4630.12 - VENTA AL POR MAYOR DE FRUTAS, LEGUMBRES Y HORTALIZAS.",comercio_mayorista,FALSE,GUAYAS,5,6690.08,1035.19,5654.889999999999,8683,0,0,2024
367327,DISTRIBUIDORA-NEXUS S.A.S.,G4630,G4630.97 - VENTA AL POR MAYOR DE ALIMENTO PARA MASCOTAS (ANIMALES DOMÉSTICOS).,comercio_mayorista,FALSE,TUNGURAHUA,4,6677.93,-54.33,6732.26,24989.95,-154.33,-154.33,2024
145215,ACTIVIDADES ACUICOLAS Y AGRICOLAS ACUIGRAN S.A.,G4630,"G4630.33 - VENTA AL POR MAYOR DE PESCADO, CRUSTÁCEOS, MOLUSCOS Y PRODUCTOS DE LA PESCA.",comercio_mayorista,FALSE,GUAYAS,4,6614,6612.01,1.9899999999997817,169.2,9.05,7.06,2024
361615,EQUATORFLOWERS EC S.A.,G4620,G4620.15 - VENTA AL POR MAYOR DE FLORES Y PLANTAS.,comercio_mayorista,FALSE,PICHINCHA,9,6613.28,2129.91,4483.37,88699.57,1007.9,129.91,2024
748695,SNACKFOR S.A.,C1030,"C1030.14 - FABRICACIÓN DE PRODUCTOS ALIMENTICIOS A PARTIR DE (UN SOLO COMPONENTE) FRUTAS, LEGUMBRES Y HORTALIZAS; INCLUSO SNACKS DE PLÁTANO (CHIFLES), YUCA, FRUTAS, ETCÉTERA, EXCEPTO PAPA.",procesamiento,FALSE,GUAYAS,5,6576.82,5278.1,1298.7199999999993,25355.97,0,3793.71,2024
745330,BANANAS-VERMAR S.A.,G4630,G4630.11 - VENTA AL POR MAYOR DE BANANO Y PLÁTANO.,comercio_mayorista,FALSE,GUAYAS,4,6563.49,6476.52,86.96999999999935,111785.53,5476.52,5476.52,2024
748110,CARNATURAL S.A.S.,C1030,"C1030.12 - CONSERVACIÓN DE FRUTAS, PULPA DE FRUTAS, LEGUMBRES Y HORTALIZAS MEDIANTE EL CONGELADO, SECADO, DESHIDRATADO, INMERSIÓN EN ACEITE O VINAGRE, ENLATADO, ETCÉTERA.",procesamiento,FALSE,PICHINCHA,1,6543.9,5352.86,1191.04,21107.08,805.24,352.86,2024
756374,ECUADOR-BLOOM S.A.S.,G4620,G4620.15 - VENTA AL POR MAYOR DE FLORES Y PLANTAS.,comercio_mayorista,FALSE,PICHINCHA,8,6506.77,1337.26,5169.51,59480.4,0,937.26,2024
742719,COMERCIALIZADORA SUPREMO S.A.S.,G4630,G4630.31 - VENTA AL POR MAYOR DE CARNE Y PRODUCTOS CÁRNICOS (INCLUIDAS LAS AVES DE CORRAL).,comercio_mayorista,FALSE,PICHINCHA,2,6475.85,1215.75,5260.1,270258.87,0,815.75,2024
360028,SISAS MULTIMARKET S.A.S.,G4620,G4620.11 - VENTA AL POR MAYOR DE CEREALES (GRANOS) Y SEMILLAS.,comercio_mayorista,FALSE,LOS RIOS,2,6439.36,6439.36,0,60678.94,5932.85,5439.36,2024
369877,GRANJA INTEGRAL G14 S.A.S.,G4630,G4630.22 - VENTA AL POR MAYOR DE HUEVOS Y PRODUCTOS A BASE DE HUEVOS.,comercio_mayorista,FALSE,PICHINCHA,1,6401.89,3523.04,2878.8500000000004,7878.5,1538.04,1523.04,2024
337677,CHOCOCORP BOSMEDIANO S.A.S.,G4630,"G4630.92 - VENTA AL POR MAYOR DE AZÚCAR, CHOCOLATE Y PRODUCTOS DE CONFITERÍA.",comercio_mayorista,FALSE,PICHINCHA,4,6400,576.92,5823.08,1150.44,0,202.43,2024
722634,DAWUANATURE S.A.,G4630,"G4630.95 - VENTA AL POR MAYOR DE BEBIDAS ALCOHÓLICAS, INCLUSO EL ENVASADO DE VINO A GRANEL SIN TRANSFORMACIÓN.",comercio_mayorista,FALSE,GUAYAS,1,6277.87,-2778.49,9056.36,532.5,-64.09,-64.09,2024
344805,RABICA PLANTAS EXOTICAS S.A.S.,G4620,G4620.15 - VENTA AL POR MAYOR DE FLORES Y PLANTAS.,comercio_mayorista,FALSE,AZUAY,2,6272.1,2292.71,3979.3900000000003,18612.34,2252.71,2192.71,2024
326493,GALACORP VIOMAGRO S.A.S.,G4630,"G4630.14 - VENTA AL POR MAYOR DE CAFÉ, CACAO, TE Y ESPECIAS.",comercio_mayorista,FALSE,GALAPAGOS,2,6254.45,3754.45,2500,7729.1,334.39,260.82,2024
723219,SAFRUTANEC S.A.,G4630,G4630.11 - VENTA AL POR MAYOR DE BANANO Y PLÁTANO.,comercio_mayorista,FALSE,EL ORO,5,6202.53,285.84,5916.69,8824.1,0,62.09,2024
722726,TONUSIMPEX GLOBAL S.A.,C1030,"C1030.14 - FABRICACIÓN DE PRODUCTOS ALIMENTICIOS A PARTIR DE (UN SOLO COMPONENTE) FRUTAS, LEGUMBRES Y HORTALIZAS; INCLUSO SNACKS DE PLÁTANO (CHIFLES), YUCA, FRUTAS, ETCÉTERA, EXCEPTO PAPA.",procesamiento,FALSE,GUAYAS,4,6183.98,1896.12,4287.86,3549.59,0,-106.08,2024
749567,C&B CHOCOLATES Y SERVICIOS S.A.S.,C1073,C1073.12 - ELABORACIÓN DE CHOCOLATE Y PRODUCTOS DE CHOCOLATE.,procesamiento,FALSE,PICHINCHA,3,6143.93,-12630.52,18774.45,6914.92,1998.16,1998.16,2024
744057,EXPORTADORA BANANERA SAREZ EXBANSA CIA.LTDA.,A0122,A0122.01 - CULTIVO DE BANANOS Y PLÁTANOS.,cultivo_fruticola,FALSE,EL ORO,4,6055,4752.9,1302.1000000000004,194238.01,3752.9,3752.9,2024
322563,MOLOSFRUIT S.A.S.,G4630,"G4630.12 - VENTA AL POR MAYOR DE FRUTAS, LEGUMBRES Y HORTALIZAS.",comercio_mayorista,FALSE,GUAYAS,4,6048.81,2901.29,3147.5200000000004,40188.87,1337.65,1043.37,2024
743907,CASGO S.A.S.,G4630,G4630.99 - VENTA AL POR MAYOR DE OTROS PRODUCTOS COMESTIBLES (ENLATADOS Y CONSERVAS).,comercio_mayorista,FALSE,PICHINCHA,1,5958.91,-3778.88,9737.79,3959.21,-1575.32,-1575.32,2024
749933,INFRUIT S.A.S.,C1030,"C1030.12 - CONSERVACIÓN DE FRUTAS, PULPA DE FRUTAS, LEGUMBRES Y HORTALIZAS MEDIANTE EL CONGELADO, SECADO, DESHIDRATADO, INMERSIÓN EN ACEITE O VINAGRE, ENLATADO, ETCÉTERA.",procesamiento,FALSE,PICHINCHA,4,5890.55,200,5690.55,15816.82,0,0,2024
734269,ARSUFRUITS S.A.S.,G4630,"G4630.12 - VENTA AL POR MAYOR DE FRUTAS, LEGUMBRES Y HORTALIZAS.",comercio_mayorista,FALSE,GUAYAS,4,5844.39,2408.98,3435.4100000000003,345878.79,0,0,2024
756372,ARCOIRIS ARCOPRODUCT S.A.S.,C1030,"C1030.14 - FABRICACIÓN DE PRODUCTOS ALIMENTICIOS A PARTIR DE (UN SOLO COMPONENTE) FRUTAS, LEGUMBRES Y HORTALIZAS; INCLUSO SNACKS DE PLÁTANO (CHIFLES), YUCA, FRUTAS, ETCÉTERA, EXCEPTO PAPA.",procesamiento,FALSE,PICHINCHA,4,5826.53,100,5726.53,7028.2,0,0,2024
341796,COMEXPRODUCT S.A.,G4630,"G4630.33 - VENTA AL POR MAYOR DE PESCADO, CRUSTÁCEOS, MOLUSCOS Y PRODUCTOS DE LA PESCA.",comercio_mayorista,FALSE,MANABI,2,5817.99,5817.99,0,6217.99,0,5017.99,2024
343828,COMERCIALIZADORA ECUATORIANA DE CONSERVAS SARDITUNA S.A.,G4630,"G4630.33 - VENTA AL POR MAYOR DE PESCADO, CRUSTÁCEOS, MOLUSCOS Y PRODUCTOS DE LA PESCA.",comercio_mayorista,FALSE,MANABI,2,5801,5801,0,5001,0,5001,2024
739821,EXPORTADORA DE PLATANO EXPORTPLAT S.A.S.,A0122,A0122.01 - CULTIVO DE BANANOS Y PLÁTANOS.,cultivo_fruticola,FALSE,GUAYAS,2,5768.18,5768.18,0,43364.68,210.02,163.82,2024
732727,FISHTRADE S.A.S.,G4630,"G4630.33 - VENTA AL POR MAYOR DE PESCADO, CRUSTÁCEOS, MOLUSCOS Y PRODUCTOS DE LA PESCA.",comercio_mayorista,FALSE,GUAYAS,4,5759.67,2991.42,2768.25,42617.56,52.1,-234.08,2024
737542,RIVIPES S.A.S.,G4630,G4630.31 - VENTA AL POR MAYOR DE CARNE Y PRODUCTOS CÁRNICOS (INCLUIDAS LAS AVES DE CORRAL).,comercio_mayorista,FALSE,GUAYAS,2,5747.3,-5457.83,11205.130000000001,6924.57,-11515.66,-5757.83,2024
350594,WILDER YASUNI MOSSYEARTH S.A.S.,A0127,A0127.01 - CULTIVO DE CAFÉ.,cultivo_fruticola,FALSE,PICHINCHA,3,5708.18,600,5108.18,85940.86,0,0,2024
358028,TECNICOS EN LACTEOS TECNILAK-EC S.A.S.,G4620,G4620.19 - VENTA AL POR MAYOR DE OTRAS MATERIAS PRIMAS AGROPECUARIAS.,comercio_mayorista,FALSE,PICHINCHA,2,5624.65,5624.65,0,41791.66,5424.65,5424.65,2024
170781,GREGALAGRO S.A.,G4630,"G4630.14 - VENTA AL POR MAYOR DE CAFÉ, CACAO, TE Y ESPECIAS.",comercio_mayorista,FALSE,LOS RIOS,2,5598.04,5586.77,11.269999999999527,2051.2,124.92,62.46,2024
326231,BONANZA89 S.A.,A0127,A0127.01 - CULTIVO DE CAFÉ.,cultivo_fruticola,FALSE,GUAYAS,1,5494.21,-5389.45,10883.66,300,-8087.36,-8087.36,2024
348575,DAMARLA S.A.S.,G4630,"G4630.94 - VENTA AL POR MAYOR DE BEBIDAS NO ALCOHÓLICAS (JUGOS, GASEOSAS, AGUA MINERAL, ETCÉTERA).",comercio_mayorista,FALSE,COTOPAXI,4,5460.6,1028.56,4432.040000000001,3449.8,36.62,28.56,2024
722021,TSACHILAB DEL ECUADOR TSACHILABORATORIO S.A.,G4620,G4620.19 - VENTA AL POR MAYOR DE OTRAS MATERIAS PRIMAS AGROPECUARIAS.,comercio_mayorista,FALSE,GUAYAS,25,5441.68,2935.76,2505.92,3931.89,0,85.76,2024
355949,DEMAR SEAFOOD S.A.S.,G4630,"G4630.33 - VENTA AL POR MAYOR DE PESCADO, CRUSTÁCEOS, MOLUSCOS Y PRODUCTOS DE LA PESCA.",comercio_mayorista,FALSE,GUAYAS,1,5407.82,-4198.48,9606.3,6146.22,-4231.83,-4246.83,2024
368651,"EMPRESA DE AGROINDUSTRIA ALIMENTARIA ""VIP&ALIMENTOS"" S.A.S.",C1030,"C1030.14 - FABRICACIÓN DE PRODUCTOS ALIMENTICIOS A PARTIR DE (UN SOLO COMPONENTE) FRUTAS, LEGUMBRES Y HORTALIZAS; INCLUSO SNACKS DE PLÁTANO (CHIFLES), YUCA, FRUTAS, ETCÉTERA, EXCEPTO PAPA.",procesamiento,FALSE,PICHINCHA,1,5406.54,1000,4406.54,0.04,0,0,2024
341838,ALIMENTOS MOYI S.A.S.,C1030,"C1030.12 - CONSERVACIÓN DE FRUTAS, PULPA DE FRUTAS, LEGUMBRES Y HORTALIZAS MEDIANTE EL CONGELADO, SECADO, DESHIDRATADO, INMERSIÓN EN ACEITE O VINAGRE, ENLATADO, ETCÉTERA.",procesamiento,FALSE,SANTO DOMINGO DE LOS TSACHILAS,2,5387.8,4733.62,654.1800000000003,10723.36,4673.62,4673.62,2024
753940,MDB FLOWERS&BERRIES S.A.S.,G4620,G4620.15 - VENTA AL POR MAYOR DE FLORES Y PLANTAS.,comercio_mayorista,FALSE,PICHINCHA,2,5317.31,2132.53,3184.78,37995.6,0,132.53,2024
360680,AGROPRODUCCION LAROMANA S.A.S.,A0127,A0127.01 - CULTIVO DE CAFÉ.,cultivo_fruticola,FALSE,LOJA,4,5233.64,3578.97,1654.6700000000005,13886.5,0,3478.97,2024
367585,CORPORACION-ECUTERRA S.A.S.,A0122,A0122.01 - CULTIVO DE BANANOS Y PLÁTANOS.,cultivo_fruticola,FALSE,GUAYAS,3,5222.25,3582.86,1639.3899999999999,54759.5,3355.75,2782.86,2024
318760,AGRICOLA CIBALMAR CIA.LTDA.,A0122,A0122.01 - CULTIVO DE BANANOS Y PLÁTANOS.,cultivo_fruticola,FALSE,EL ORO,2,5204.48,5204.48,0,2640.97,0,0,2024
361692,SANGRIDOM S.A.S.,G4630,"G4630.95 - VENTA AL POR MAYOR DE BEBIDAS ALCOHÓLICAS, INCLUSO EL ENVASADO DE VINO A GRANEL SIN TRANSFORMACIÓN.",comercio_mayorista,FALSE,GALAPAGOS,1,5196.09,5130.01,66.07999999999993,5167.04,0,130.01,2024
166506,ORGABAN CIA. LTDA.,A0122,A0122.01 - CULTIVO DE BANANOS Y PLÁTANOS.,cultivo_fruticola,FALSE,EL ORO,4,5146.3,5146.3,0,1395496.6,0,4346.3,2024
321780,SOCRATESSEAFOOD S.A.S.,G4630,G4630.32 - VENTA AL POR MAYOR DE CAMARÓN Y LANGOSTINOS.,comercio_mayorista,FALSE,GUAYAS,4,5102.28,3879.69,1222.5899999999997,89670.59,0,1420.46,2024
311826,B&CWORLDTRADINGCORP CIA.LTDA.,A0122,"A0122.09 - OTROS CULTIVOS DE FRUTAS TROPICALES Y SUBTROPICALES: PAPAYAS, BABACOS, CHAMBUROS, AGUACATES, HIGOS, ARAZÁ, GUAYABAS, GUANÁBANA, GUABA, CHIRIMOYA, NARANJILLAS, ZAPOTES, BOROJÓ, TAMARINDO, GRANADILLAS, DÁTILES, ETCÉTERA.",cultivo_fruticola,TRUE,GUAYAS,4,5018,1288.15,3729.85,18855.68,380.29,380.29,2024
321385,DARELDI S.A.S.,G4630,"G4630.94 - VENTA AL POR MAYOR DE BEBIDAS NO ALCOHÓLICAS (JUGOS, GASEOSAS, AGUA MINERAL, ETCÉTERA).",comercio_mayorista,FALSE,SANTO DOMINGO DE LOS TSACHILAS,3,5012.11,5009.52,2.589999999999236,7,7,5.46,2024
173175,ZEMOS LED SOUTH AMERICA S.A. ZEMLEDSOUTH,G4620,"G4620.14 - VENTA AL POR MAYOR DE DESECHOS, RESIDUOS Y PRODUCTOS DERIVADOS USADOS PARA ALIMENTAR ANIMALES (FORRAJE), INCLUYE MATERIAS PRIMAS AGRARIAS.",comercio_mayorista,FALSE,GUAYAS,4,5005.49,3556.11,1449.3799999999997,9300,115.61,81.61,2024
315362,SAMSFOOD S.A.,G4630,"G4630.33 - VENTA AL POR MAYOR DE PESCADO, CRUSTÁCEOS, MOLUSCOS Y PRODUCTOS DE LA PESCA.",comercio_mayorista,FALSE,MANABI,3,5000,5000,0,7,-7.2,-7.2,2024
357061,LUANFLOWERS S.A.S.,G4620,G4620.15 - VENTA AL POR MAYOR DE FLORES Y PLANTAS.,comercio_mayorista,FALSE,PICHINCHA,3,4981.27,642.13,4339.14,646980.13,695.04,542.13,2024
326217,AGRIFERNOS CIA.LTDA.,G4630,"G4630.14 - VENTA AL POR MAYOR DE CAFÉ, CACAO, TE Y ESPECIAS.",comercio_mayorista,FALSE,GUAYAS,3,4980.27,-790.28,5770.55,87074.16,0,-1190.28,2024
326216,ANANKE WORLD S.A.,G4620,G4620.19 - VENTA AL POR MAYOR DE OTRAS MATERIAS PRIMAS AGROPECUARIAS.,comercio_mayorista,FALSE,GUAYAS,10,4956.16,4956.16,0,8080.01,0,-625.27,2024
353967,PROINVCAMAR PRODUCTOS E INVERSIONES DEL MAR Y DEL CAMARON S.A.S.,G4620,G4620.11 - VENTA AL POR MAYOR DE CEREALES (GRANOS) Y SEMILLAS.,comercio_mayorista,FALSE,GUAYAS,4,4929.05,3122.18,1806.8700000000003,194900,0,2722.18,2024
355828,COMERCIALIZADORA & PRODUCTORA COPROFERPAZ S.A.S.,G4630,G4630.11 - VENTA AL POR MAYOR DE BANANO Y PLÁTANO.,comercio_mayorista,FALSE,EL ORO,3,4928.47,1000,3928.4700000000003,11160,0,0,2024
753616,GLOBALGROVE S.A.S.,G4630,"G4630.12 - VENTA AL POR MAYOR DE FRUTAS, LEGUMBRES Y HORTALIZAS.",comercio_mayorista,FALSE,PICHINCHA,2,4927.77,4927.77,0,138246.55,6061.24,4727.77,2024
333870,BEGREEN PARA LA PRODUCCIÓN SOSTENIBLE S.A.S. Sociedad de Beneficio e Interés Colectivo,C1030,"C1030.12 - CONSERVACIÓN DE FRUTAS, PULPA DE FRUTAS, LEGUMBRES Y HORTALIZAS MEDIANTE EL CONGELADO, SECADO, DESHIDRATADO, INMERSIÓN EN ACEITE O VINAGRE, ENLATADO, ETCÉTERA.",procesamiento,FALSE,LOJA,4,4917.58,1174.23,3743.35,14440.3,0,974.23,2024
757108,PRODUCTOS PIPIAN S.A.S.,C1030,"C1030.11 - ELABORACIÓN DE ALIMENTOS COMPUESTOS (MEZCLA) PRINCIPALMENTE DE FRUTAS LEGUMBRES U HORTALIZAS, EXCEPTO PLATOS PREPARADOS EN FORMA CONGELADA O ENLATADA LISTOS PARA CONSUMIR.",procesamiento,FALSE,PICHINCHA,4,4910.68,3320.58,1590.1000000000004,791.61,-679.42,-679.42,2024
744925,IMPRODUCAS S.A.S.,G4630,"G4630.95 - VENTA AL POR MAYOR DE BEBIDAS ALCOHÓLICAS, INCLUSO EL ENVASADO DE VINO A GRANEL SIN TRANSFORMACIÓN.",comercio_mayorista,FALSE,MANABI,4,4869,-131,5000,15,0,-1631,2024
352410,THRIVU ECUADOR S.A.S.,C1073,"C1073.11 - ELABORACIÓN DE CACAO, MANTECA, GRASA Y ACEITE DE CACAO.",procesamiento,FALSE,PICHINCHA,4,4833.48,-26760.27,31593.75,1304.34,-17353.88,-17353.88,2024
723811,GRUPOAMIR S.A.,A0122,A0122.01 - CULTIVO DE BANANOS Y PLÁTANOS.,cultivo_fruticola,FALSE,AZUAY,5,4765.22,2205.22,2560.0000000000005,160982.49,0,0,2024
309479,NIKKOA S.A.,G4630,"G4630.92 - VENTA AL POR MAYOR DE AZÚCAR, CHOCOLATE Y PRODUCTOS DE CONFITERÍA.",comercio_mayorista,FALSE,GUAYAS,4,4750.71,1338.4,3412.31,549.22,0,36.91,2024
324238,IMPORTADORA AGRICOLA ZERA JAIM SEED. IMPORTZERAJAIM CIA.LTDA.,G4620,G4620.11 - VENTA AL POR MAYOR DE CEREALES (GRANOS) Y SEMILLAS.,comercio_mayorista,FALSE,CHIMBORAZO,2,4721.2,2721.2,2000,12458,0,1607.2,2024
88767,CULTIVOS VARIOS S.A. CULVARSA,A0122,A0122.02 - CULTIVO DE MANGOS.,cultivo_fruticola,FALSE,PICHINCHA,2,4682.6,-276786.98,281469.57999999996,106274.75,28534.34,27377.03,2024
350042,FRUITTOPIA S.A.S.,G4630,"G4630.12 - VENTA AL POR MAYOR DE FRUTAS, LEGUMBRES Y HORTALIZAS.",comercio_mayorista,FALSE,GUAYAS,2,4618.43,-188.3,4806.7300000000005,8218.55,-466.17,-466.17,2024
725043,CORPROINNOVA CIA.LTDA.,G4630,"G4630.94 - VENTA AL POR MAYOR DE BEBIDAS NO ALCOHÓLICAS (JUGOS, GASEOSAS, AGUA MINERAL, ETCÉTERA).",comercio_mayorista,FALSE,MANABI,4,4582.73,3254.72,1328.0099999999998,5524.49,3251.44,2754.72,2024
359619,GREGUMA S.A.S.,G4630,G4630.32 - VENTA AL POR MAYOR DE CAMARÓN Y LANGOSTINOS.,comercio_mayorista,FALSE,MANABI,2,4479.33,4059.89,419.44000000000005,28976.42,1358.83,1059.89,2024
350777,ARROCERA GUAYWAP S.A.S.,G4630,G4630.91 - VENTA AL POR MAYOR DE ARROZ.,comercio_mayorista,FALSE,GUAYAS,4,4473.96,-33736.96,38210.92,94260.87,0,-2279.23,2024
737115,PACIFIC PITAHAYA ''PACIFICPITAHAYA'' S.A.,A0122,"A0122.09 - OTROS CULTIVOS DE FRUTAS TROPICALES Y SUBTROPICALES: PAPAYAS, BABACOS, CHAMBUROS, AGUACATES, HIGOS, ARAZÁ, GUAYABAS, GUANÁBANA, GUABA, CHIRIMOYA, NARANJILLAS, ZAPOTES, BOROJÓ, TAMARINDO, GRANADILLAS, DÁTILES, ETCÉTERA.",cultivo_fruticola,TRUE,MANABI,2,4472.19,-13743.7,18215.89,2672.89,0,-14519.93,2024
182620,AGRICOLA FIVE STAR AGRICOLAFIVES SOCIEDAD ANÓNIMA,A0122,A0122.01 - CULTIVO DE BANANOS Y PLÁTANOS.,cultivo_fruticola,FALSE,GUAYAS,10,4461.05,1584.39,2876.66,1450,238.26,238.26,2024
347706,WORLD&NATURAL ECUADOR S.A.S.,A0122,"A0122.09 - OTROS CULTIVOS DE FRUTAS TROPICALES Y SUBTROPICALES: PAPAYAS, BABACOS, CHAMBUROS, AGUACATES, HIGOS, ARAZÁ, GUAYABAS, GUANÁBANA, GUABA, CHIRIMOYA, NARANJILLAS, ZAPOTES, BOROJÓ, TAMARINDO, GRANADILLAS, DÁTILES, ETCÉTERA.",cultivo_fruticola,TRUE,PICHINCHA,2,4458.8,-19849.76,24308.559999999998,0.08,0,-23068.53,2024
353840,ASOPRODAGRO S.A.S. B.I.C.,G4630,"G4630.12 - VENTA AL POR MAYOR DE FRUTAS, LEGUMBRES Y HORTALIZAS.",comercio_mayorista,FALSE,LOS RIOS,5,4364.85,3167.33,1197.5200000000004,3614.33,3114.33,3109.33,2024
346177,LICHTRADE FORESTS & FRUITS S.A.S.,A0122,"A0122.09 - OTROS CULTIVOS DE FRUTAS TROPICALES Y SUBTROPICALES: PAPAYAS, BABACOS, CHAMBUROS, AGUACATES, HIGOS, ARAZÁ, GUAYABAS, GUANÁBANA, GUABA, CHIRIMOYA, NARANJILLAS, ZAPOTES, BOROJÓ, TAMARINDO, GRANADILLAS, DÁTILES, ETCÉTERA.",cultivo_fruticola,TRUE,SANTO DOMINGO DE LOS TSACHILAS,4,4292.72,4292.72,0,69751.75,-11591.65,-11591.65,2024
366056,SUMIGEL S.A.S.,G4630,G4630.99 - VENTA AL POR MAYOR DE OTROS PRODUCTOS COMESTIBLES (ENLATADOS Y CONSERVAS).,comercio_mayorista,FALSE,PICHINCHA,3,4290.7,1074.88,3215.8199999999997,2021.21,0,74.88,2024
747450,FOODSANDGOODS S.A.S.,C1030,"C1030.14 - FABRICACIÓN DE PRODUCTOS ALIMENTICIOS A PARTIR DE (UN SOLO COMPONENTE) FRUTAS, LEGUMBRES Y HORTALIZAS; INCLUSO SNACKS DE PLÁTANO (CHIFLES), YUCA, FRUTAS, ETCÉTERA, EXCEPTO PAPA.",procesamiento,FALSE,PICHINCHA,8,4266.7,521.67,3745.0299999999997,73440.1,559.63,436.51,2024
318565,PATADULCE S.A.,G4630,G4630.93 - VENTA AL POR MAYOR DE PRODUCTOS DE PANADERÍA Y REPOSTERÍA.,comercio_mayorista,FALSE,GUAYAS,4,4265.69,1025.71,3239.9799999999996,24194.01,289.37,225.71,2024
314657,FRUTAGRANDE S.A.,G4630,G4630.11 - VENTA AL POR MAYOR DE BANANO Y PLÁTANO.,comercio_mayorista,FALSE,GUAYAS,17,4250.14,2880.19,1369.9500000000003,18027.48,216.48,216.48,2024
348591,ECUAFARMER S.A.,G4630,G4630.11 - VENTA AL POR MAYOR DE BANANO Y PLÁTANO.,comercio_mayorista,FALSE,GUAYAS,4,4239.15,1479.15,2759.9999999999995,6000,0,92.9,2024
301901,EBLOOMSDIRECT EXPORTADORA CIA.LTDA.,G4620,G4620.15 - VENTA AL POR MAYOR DE FLORES Y PLANTAS.,comercio_mayorista,FALSE,PICHINCHA,4,4180.4,-40180.56,44360.96,401.79,44.81,33.86,2024
367125,COMEMPRE S.A.S. B.I.C.,G4620,G4620.11 - VENTA AL POR MAYOR DE CEREALES (GRANOS) Y SEMILLAS.,comercio_mayorista,FALSE,LOS RIOS,6,4131.16,1638.27,2492.89,1111363.94,0,1188.27,2024
730876,UPBIO S.A.S.,G4620,"G4620.14 - VENTA AL POR MAYOR DE DESECHOS, RESIDUOS Y PRODUCTOS DERIVADOS USADOS PARA ALIMENTAR ANIMALES (FORRAJE), INCLUYE MATERIAS PRIMAS AGRARIAS.",comercio_mayorista,FALSE,GUAYAS,2,4117.34,279.44,3837.9,2372.56,73.6,57.41,2024
146207,INDUSLEXUS S.A.,A0122,A0122.01 - CULTIVO DE BANANOS Y PLÁTANOS.,cultivo_fruticola,FALSE,GUAYAS,1,4113.03,4097.44,15.590000000000146,500,62.34,46.76,2024
334270,IMPORTADORA Y EXPORTADORA REDI S.A.S.,G4630,"G4630.12 - VENTA AL POR MAYOR DE FRUTAS, LEGUMBRES Y HORTALIZAS.",comercio_mayorista,FALSE,EL ORO,2,4020.34,3826.16,194.1800000000003,185034.3,0,688.47,2024
322950,JMV&V ALIMENTOS BIC S.A.S.,G4630,G4630.11 - VENTA AL POR MAYOR DE BANANO Y PLÁTANO.,comercio_mayorista,FALSE,MANABI,4,3993.24,529.47,3463.7699999999995,3865.46,39.52,36.27,2024
735936,TERRAPRIMA S.A.S.,G4630,G4630.11 - VENTA AL POR MAYOR DE BANANO Y PLÁTANO.,comercio_mayorista,FALSE,EL ORO,5,3871.43,-206.53,4077.96,50,50,39,2024
730293,INARI S.A.S.,C1030,"C1030.17 - FABRICACIÓN DE ALIMENTOS PERECIBLES A BASE DE FRUTAS, LEGUMBRES Y HORTALIZAS COMO: ENSALADAS EMPAQUETADAS, HORTALIZAS PELADAS Y CORTADAS, TOFU (CUAJADA DE SOYA).",procesamiento,FALSE,COTOPAXI,2,3815.88,35.66,3780.2200000000003,3507.85,-97.51,-97.51,2024
342175,SECONDFLOR UIO S.A.S.,G4620,G4620.15 - VENTA AL POR MAYOR DE FLORES Y PLANTAS.,comercio_mayorista,FALSE,PICHINCHA,3,3799.71,-8239.41,12039.119999999999,62584.41,2837.18,2314.35,2024
336427,CCOFFEE GRAIN S.A.S.,G4630,"G4630.14 - VENTA AL POR MAYOR DE CAFÉ, CACAO, TE Y ESPECIAS.",comercio_mayorista,FALSE,PICHINCHA,4,3772.95,1569.8,2203.1499999999996,4678.51,0,409.06,2024
314521,AZENDAHERD S.A.,G4620,G4620.19 - VENTA AL POR MAYOR DE OTRAS MATERIAS PRIMAS AGROPECUARIAS.,comercio_mayorista,FALSE,EL ORO,2,3754.68,3013.43,741.25,3816,1495.5,1495.5,2024
751521,CHOCOLATE CRIOLLO MAMA-ANGELITA S.A.S.,G4630,"G4630.92 - VENTA AL POR MAYOR DE AZÚCAR, CHOCOLATE Y PRODUCTOS DE CONFITERÍA.",comercio_mayorista,FALSE,GUAYAS,2,3731.87,2000,1731.87,2361.08,34.45,0,2024
352481,PRODUCTOS ALIMENTICIOS Y SNACKS VERA PROALISVE S.A.S.,A0122,A0122.01 - CULTIVO DE BANANOS Y PLÁTANOS.,cultivo_fruticola,FALSE,LOS RIOS,2,3699.1,2455.98,1243.12,44007.35,3785.28,1658.72,2024
368151,ATEMARINE S.A.S.,G4630,"G4630.33 - VENTA AL POR MAYOR DE PESCADO, CRUSTÁCEOS, MOLUSCOS Y PRODUCTOS DE LA PESCA.",comercio_mayorista,FALSE,SANTA ELENA,4,3688.44,1188.44,2500,45000.01,0,188.44,2024
358718,URBAQ REPRESENTACIONES INTERNACIONALES S.A.S.,G4620,G4620.19 - VENTA AL POR MAYOR DE OTRAS MATERIAS PRIMAS AGROPECUARIAS.,comercio_mayorista,FALSE,GUAYAS,1,3687.91,2978.11,709.7999999999997,30170.89,2338.23,1780.3,2024
348537,ISMAR & ASOCIADOS S.A.S.,G4630,G4630.32 - VENTA AL POR MAYOR DE CAMARÓN Y LANGOSTINOS.,comercio_mayorista,FALSE,SANTO DOMINGO DE LOS TSACHILAS,3,3662.03,3662.03,0,22922.15,4053.89,3162.03,2024
166500,ORCUBANOR CIA. LTDA.,A0122,A0122.01 - CULTIVO DE BANANOS Y PLÁTANOS.,cultivo_fruticola,FALSE,EL ORO,4,3657.73,3657.73,0,935325.39,0,2857.73,2024
364871,WINEVOYAGE S.A.S.,G4630,"G4630.95 - VENTA AL POR MAYOR DE BEBIDAS ALCOHÓLICAS, INCLUSO EL ENVASADO DE VINO A GRANEL SIN TRANSFORMACIÓN.",comercio_mayorista,FALSE,PICHINCHA,2,3621.86,795.82,2826.04,3.57,-4.18,-4.18,2024
328196,AMATE S.A.S. B.I.C.,G4630,"G4630.94 - VENTA AL POR MAYOR DE BEBIDAS NO ALCOHÓLICAS (JUGOS, GASEOSAS, AGUA MINERAL, ETCÉTERA).",comercio_mayorista,FALSE,PICHINCHA,4,3585.56,-2567.13,6152.6900000000005,9418.67,0,17.66,2024
334851,OLEAGINOSAS ECUATORIANAS S.A.S.,G4630,G4630.23 - VENTA AL POR MAYOR DE ACEITES Y GRASAS COMESTIBLES DE ORIGEN ANIMAL O VEGETAL.,comercio_mayorista,FALSE,MANABI,2,3576.36,3287.48,288.8800000000001,144228,0,-13622.21,2024
333579,PELUDITOS FOOD EXPRESS PELUFOOD S.A.S.,G4620,"G4620.14 - VENTA AL POR MAYOR DE DESECHOS, RESIDUOS Y PRODUCTOS DERIVADOS USADOS PARA ALIMENTAR ANIMALES (FORRAJE), INCLUYE MATERIAS PRIMAS AGRARIAS.",comercio_mayorista,FALSE,PICHINCHA,5,3558.07,-21350.57,24908.64,28508.2,0,-4850.33,2024
175440,KARLEVIN S.A.,G4630,G4630.91 - VENTA AL POR MAYOR DE ARROZ.,comercio_mayorista,FALSE,GUAYAS,3,3546.38,1787.37,1759.0100000000002,6618.14,2921.09,2262.33,2024
741765,H2AQUA S.A.S.,G4630,"G4630.94 - VENTA AL POR MAYOR DE BEBIDAS NO ALCOHÓLICAS (JUGOS, GASEOSAS, AGUA MINERAL, ETCÉTERA).",comercio_mayorista,FALSE,PICHINCHA,2,3505.58,285.95,3219.63,18213.52,2061.89,1608.27,2024
340704,BIOACUICOLA S.A.S.,G4630,G4630.32 - VENTA AL POR MAYOR DE CAMARÓN Y LANGOSTINOS.,comercio_mayorista,FALSE,GUAYAS,1,3462.17,3462.17,0,45772.5,1681.77,1681.77,2024
720913,VILCOFFEE CIA.LTDA.,A0127,A0127.01 - CULTIVO DE CAFÉ.,cultivo_fruticola,FALSE,LOJA,4,3460.07,-4634.37,8094.4400000000005,332.88,0,-37.12,2024
344203,HAMPYURA S.A.S.,A0127,"A0127.09 - OTROS CULTIVOS DE PLANTAS CON LAS QUE SE PREPARAN BEBIDAS: TÉ, MATE, ETCÉTERA.",cultivo_fruticola,FALSE,MANABI,2,3442.46,-15709.44,19151.9,3119,1336.89,1002.67,2024
366583,EMERALDFRUIT S.A.,G4630,G4630.11 - VENTA AL POR MAYOR DE BANANO Y PLÁTANO.,comercio_mayorista,FALSE,GUAYAS,5,3441.69,984.02,2457.67,23653.6,184.02,184.02,2024
337651,ECUA SKY TRADE S.A.S.,G4620,G4620.15 - VENTA AL POR MAYOR DE FLORES Y PLANTAS.,comercio_mayorista,FALSE,PICHINCHA,5,3391.6,-3498.34,6889.9400000000005,7950.34,136.09,95.53,2024
754771,PECES&MARISCOS S.A.S.,G4630,"G4630.33 - VENTA AL POR MAYOR DE PESCADO, CRUSTÁCEOS, MOLUSCOS Y PRODUCTOS DE LA PESCA.",comercio_mayorista,FALSE,GUAYAS,1,3380.63,1000,2380.63,18188.03,0,0,2024
356707,JC COCOA BEANS S.A.S.,A0127,A0127.02 - CULTIVO DE CACAO.,cultivo_fruticola,FALSE,EL ORO,2,3322.89,3322.89,0,10874.75,0,1322.89,2024
365496,CARNIVORE S.A.S.,G4630,G4630.31 - VENTA AL POR MAYOR DE CARNE Y PRODUCTOS CÁRNICOS (INCLUIDAS LAS AVES DE CORRAL).,comercio_mayorista,FALSE,GUAYAS,4,3299.67,2511.97,787.7000000000003,20137.67,2373.35,2311.97,2024
303070,CENTRALFRUITCOMPANY C.A.,G4630,G4630.11 - VENTA AL POR MAYOR DE BANANO Y PLÁTANO.,comercio_mayorista,FALSE,EL ORO,3,3279.83,1381.01,1898.82,17520,338.95,264.38,2024
728184,FAWKEH S.A.,G4630,G4630.11 - VENTA AL POR MAYOR DE BANANO Y PLÁTANO.,comercio_mayorista,FALSE,GUAYAS,3,3279.83,1381.01,1898.82,17520,338.95,264.38,2024
319619,ESTELAMARISCOS JV S.A.,G4630,"G4630.33 - VENTA AL POR MAYOR DE PESCADO, CRUSTÁCEOS, MOLUSCOS Y PRODUCTOS DE LA PESCA.",comercio_mayorista,FALSE,GUAYAS,4,3240.32,-45265.93,48506.25,169297.67,-94625.42,-47312.71,2024
363199,FRUTEPCORP S.A.S.,G4620,G4620.12 - VENTA AL POR MAYOR DE FRUTOS Y SEMILLAS OLEAGINOSAS.,comercio_mayorista,FALSE,GUAYAS,2,3210.4,185.13,3025.27,12429.9,0,85.13,2024
170157,JOSTURCORZA S.A.,G4630,"G4630.12 - VENTA AL POR MAYOR DE FRUTAS, LEGUMBRES Y HORTALIZAS.",comercio_mayorista,FALSE,GUAYAS,4,3209.01,2484.01,725,12925,1684.01,1684.01,2024
729001,COROLLA-FARMS S.A.S.,G4620,G4620.15 - VENTA AL POR MAYOR DE FLORES Y PLANTAS.,comercio_mayorista,FALSE,PICHINCHA,2,3204.68,-6176.23,9380.91,23987.4,631.1,631.1,2024
740457,BANAGROEXP S.A.,G4630,G4630.11 - VENTA AL POR MAYOR DE BANANO Y PLÁTANO.,comercio_mayorista,FALSE,GUAYAS,4,3202.34,2362.1,840.2400000000002,89449.6,769.13,570.06,2024
358949,DISTRIRONQUILLO S.A.S.,G4630,"G4630.95 - VENTA AL POR MAYOR DE BEBIDAS ALCOHÓLICAS, INCLUSO EL ENVASADO DE VINO A GRANEL SIN TRANSFORMACIÓN.",comercio_mayorista,FALSE,GUAYAS,3,3197.96,1645.87,1552.0900000000001,433542.12,0,645.87,2024
748386,COMPAÑIA DILATIC IMPORTADORA & EXPORTADORA S.A.S.,G4630,G4630.11 - VENTA AL POR MAYOR DE BANANO Y PLÁTANO.,comercio_mayorista,FALSE,GUAYAS,5,3195.61,3156.49,39.120000000000346,16033.93,0,156.49,2024
362036,YARY FLOWER S.A.S.,G4620,G4620.15 - VENTA AL POR MAYOR DE FLORES Y PLANTAS.,comercio_mayorista,FALSE,PICHINCHA,5,3193.22,-27627.54,30820.760000000002,651.3,0,-29627.54,2024
339740,IMPORTACIONES Y EXPORTACIONES CONTRECORSA S.A.,G4630,G4630.32 - VENTA AL POR MAYOR DE CAMARÓN Y LANGOSTINOS.,comercio_mayorista,FALSE,GUAYAS,2,3120.26,800,2320.26,5200.03,0,0,2024
339104,ECOMAR LOAYZA&COMPAÑIA S.A.S.,G4630,G4630.32 - VENTA AL POR MAYOR DE CAMARÓN Y LANGOSTINOS.,comercio_mayorista,FALSE,EL ORO,2,3118.27,3118.27,0,2118.27,2118.27,2118.27,2024
752488,NUTRETO S.A.S.,C1030,"C1030.12 - CONSERVACIÓN DE FRUTAS, PULPA DE FRUTAS, LEGUMBRES Y HORTALIZAS MEDIANTE EL CONGELADO, SECADO, DESHIDRATADO, INMERSIÓN EN ACEITE O VINAGRE, ENLATADO, ETCÉTERA.",procesamiento,FALSE,MANABI,1,3063.26,3048.26,15,7155.28,3629.09,3614.09,2024
355624,FRUTABANS S.A.,G4630,G4630.11 - VENTA AL POR MAYOR DE BANANO Y PLÁTANO.,comercio_mayorista,FALSE,EL ORO,1,3053.25,2656.62,396.6300000000001,10310.77,2380.28,1856.62,2024
82693,PIRILAMPO S.A.,G4630,G4630.91 - VENTA AL POR MAYOR DE ARROZ.,comercio_mayorista,FALSE,GUAYAS,1,3040.75,-466.51,3507.26,4,-1000.85,-1000.85,2024
349229,CINTECOM S.A.S. B.I.C.,G4630,G4630.99 - VENTA AL POR MAYOR DE OTROS PRODUCTOS COMESTIBLES (ENLATADOS Y CONSERVAS).,comercio_mayorista,FALSE,GUAYAS,2,3039.2,1216.85,1822.35,2181.6,0,817.85,2024
338538,PESFRISION PESQUERA Y FRIGORIFICOS MONTE SION S.A.,G4630,"G4630.33 - VENTA AL POR MAYOR DE PESCADO, CRUSTÁCEOS, MOLUSCOS Y PRODUCTOS DE LA PESCA.",comercio_mayorista,FALSE,MANABI,2,3005,3003.9,1.099999999999909,5,0,3.9,2024
333956,IMPORTADORA Y DISTRIBUIDORA DON RAMIRO IMPDISTCOM S.A.S.,G4630,"G4630.95 - VENTA AL POR MAYOR DE BEBIDAS ALCOHÓLICAS, INCLUSO EL ENVASADO DE VINO A GRANEL SIN TRANSFORMACIÓN.",comercio_mayorista,FALSE,LOJA,5,3000,3000,0,0.06,-390.11,-390.11,2024
356294,MK SNOB S.A.S.,G4630,G4630.99 - VENTA AL POR MAYOR DE OTROS PRODUCTOS COMESTIBLES (ENLATADOS Y CONSERVAS).,comercio_mayorista,FALSE,PICHINCHA,2,2983.46,502.21,2481.25,4110.61,-253.96,-253.96,2024
319178,AGROSION S.A.,A0122,A0122.01 - CULTIVO DE BANANOS Y PLÁTANOS.,cultivo_fruticola,FALSE,GUAYAS,4,2948.77,2948.77,0,1639.55,0,156.95,2024
329851,PIZCA S.A.S.,G4630,G4630.99 - VENTA AL POR MAYOR DE OTROS PRODUCTOS COMESTIBLES (ENLATADOS Y CONSERVAS).,comercio_mayorista,FALSE,SANTO DOMINGO DE LOS TSACHILAS,4,2929.47,2929.47,0,6556.08,1433.68,1418.68,2024
351290,TAVITO S.A.S.,G4630,"G4630.12 - VENTA AL POR MAYOR DE FRUTAS, LEGUMBRES Y HORTALIZAS.",comercio_mayorista,FALSE,SANTO DOMINGO DE LOS TSACHILAS,3,2897.23,1102.08,1795.15,28444.61,659.16,514.14,2024
341951,IMPORT AND EXPORT COTSE S.A.S.,G4630,"G4630.14 - VENTA AL POR MAYOR DE CAFÉ, CACAO, TE Y ESPECIAS.",comercio_mayorista,FALSE,GUAYAS,4,2883.4,2883.4,0,13147.06,0,2783.4,2024
367276,VALLEY-FOOD ECU S.A.S.,G4630,G4630.11 - VENTA AL POR MAYOR DE BANANO Y PLÁTANO.,comercio_mayorista,FALSE,SANTO DOMINGO DE LOS TSACHILAS,2,2868.48,1740.48,1128,17298.1,1590.65,1240.48,2024
368019,FIORELLA MATICES EXPORT S.A.S.,G4620,G4620.15 - VENTA AL POR MAYOR DE FLORES Y PLANTAS.,comercio_mayorista,FALSE,PICHINCHA,2,2788.54,2225.06,563.48,3342.75,288.54,225.06,2024
746332,EXPORTADORA DE PRODUCTOS ECUATORIANOS EXPROECU S.A.S.,G4630,"G4630.12 - VENTA AL POR MAYOR DE FRUTAS, LEGUMBRES Y HORTALIZAS.",comercio_mayorista,FALSE,GUAYAS,3,2782.56,1042.56,1740,120714.22,71.23,71.23,2024
358773,GARODIS S.A.S.,G4630,G4630.93 - VENTA AL POR MAYOR DE PRODUCTOS DE PANADERÍA Y REPOSTERÍA.,comercio_mayorista,FALSE,GUAYAS,4,2765.14,265.38,2499.7599999999998,83527.61,0,165.38,2024
367130,FRESCURA ANDINA DEL ECUADOR FRUVR S.A.S.,G4630,"G4630.12 - VENTA AL POR MAYOR DE FRUTAS, LEGUMBRES Y HORTALIZAS.",comercio_mayorista,FALSE,PICHINCHA,2,2763.11,2763.11,0,78555.82,3388.95,2663.11,2024
723054,INVERSIONES AGROPENSAR S.A.,G4620,G4620.19 - VENTA AL POR MAYOR DE OTRAS MATERIAS PRIMAS AGROPECUARIAS.,comercio_mayorista,FALSE,PICHINCHA,3,2751.88,2749.81,2.0700000000001637,125,26.47,19.32,2024
748685,PULPOS DEL ECUADOR PULEC S.A.S.,G4630,"G4630.33 - VENTA AL POR MAYOR DE PESCADO, CRUSTÁCEOS, MOLUSCOS Y PRODUCTOS DE LA PESCA.",comercio_mayorista,FALSE,GUAYAS,6,2704.02,2704.02,0,105090.59,0,1704.02,2024
366033,FORTUNELLAFOODS S.A.S.,G4620,G4620.12 - VENTA AL POR MAYOR DE FRUTOS Y SEMILLAS OLEAGINOSAS.,comercio_mayorista,FALSE,PICHINCHA,3,2699.82,857.11,1842.71,1897.2,0,357.11,2024
367570,PRODUCTOS Y SERVICOS DE MANABI PROSEMAN S.A.S.,G4630,"G4630.33 - VENTA AL POR MAYOR DE PESCADO, CRUSTÁCEOS, MOLUSCOS Y PRODUCTOS DE LA PESCA.",comercio_mayorista,FALSE,MANABI,2,2674.42,1866.39,808.03,135645.91,0,866.39,2024
333505,PUNTOFIT EC S.A.S.,C1030,"C1030.16 - ELABORACIÓN DE COMPOTAS, MERMELADAS Y JALEAS, PURÉS Y OTRAS CONFITURAS DE FRUTAS O FRUTOS SECOS.",procesamiento,FALSE,SANTO DOMINGO DE LOS TSACHILAS,2,2557.58,2557.58,0,2953.42,0,751.49,2024
750508,SEMBRADOR KIMVEL S.A.S.,A0127,A0127.01 - CULTIVO DE CAFÉ.,cultivo_fruticola,FALSE,PICHINCHA,1,2550,928.01,1621.99,1588.65,0,128.01,2024
167917,LEMA LEON CIA. LTDA.,G4630,G4630.31 - VENTA AL POR MAYOR DE CARNE Y PRODUCTOS CÁRNICOS (INCLUIDAS LAS AVES DE CORRAL).,comercio_mayorista,FALSE,GUAYAS,4,2531.06,230.52,2300.54,1,0,1,2024
744560,NEGOCIOS JIMAR S.A.S.,G4630,"G4630.33 - VENTA AL POR MAYOR DE PESCADO, CRUSTÁCEOS, MOLUSCOS Y PRODUCTOS DE LA PESCA.",comercio_mayorista,FALSE,MANABI,1,2526.89,2215.48,311.40999999999985,11020,0,1415.48,2024
358868,ANDESEXOTICFRUIT S.A.S.,G4620,G4620.15 - VENTA AL POR MAYOR DE FLORES Y PLANTAS.,comercio_mayorista,FALSE,IMBABURA,4,2513.79,-2308.12,4821.91,92636.25,0,-2807.12,2024
756945,MAKTUBGROUP S.A.S.,G4620,G4620.15 - VENTA AL POR MAYOR DE FLORES Y PLANTAS.,comercio_mayorista,FALSE,PICHINCHA,4,2506.4,30.67,2475.73,8360,0,20.67,2024
339430,ALIMENTOS ARBOLDEVIDA S.A.S.,G4620,G4620.12 - VENTA AL POR MAYOR DE FRUTOS Y SEMILLAS OLEAGINOSAS.,comercio_mayorista,FALSE,GUAYAS,3,2500.94,1826.72,674.22,27881.85,1059.9,744.05,2024
354013,BEAUTIFRUITWORLD S.A.S.,G4630,"G4630.12 - VENTA AL POR MAYOR DE FRUTAS, LEGUMBRES Y HORTALIZAS.",comercio_mayorista,FALSE,PICHINCHA,1,2500,2500,0,2,0,0,2024
366692,FRUTAS FERALLY S.A.S.,G4630,"G4630.12 - VENTA AL POR MAYOR DE FRUTAS, LEGUMBRES Y HORTALIZAS.",comercio_mayorista,FALSE,MORONA SANTIAGO,3,2500,2500,0,5,0,-195,2024
150478,NEGAINCO S.A.,A0122,"A0122.09 - OTROS CULTIVOS DE FRUTAS TROPICALES Y SUBTROPICALES: PAPAYAS, BABACOS, CHAMBUROS, AGUACATES, HIGOS, ARAZÁ, GUAYABAS, GUANÁBANA, GUABA, CHIRIMOYA, NARANJILLAS, ZAPOTES, BOROJÓ, TAMARINDO, GRANADILLAS, DÁTILES, ETCÉTERA.",cultivo_fruticola,TRUE,SANTO DOMINGO DE LOS TSACHILAS,5,2462.53,2462.53,0,20,-594.61,-594.61,2024
369120,DRASUR DRAGON DEL SUR S.A.S.,A0125,"A0125.09 - OTROS CULTIVOS DE FRUTOS DE ÁRBOLES Y ARBUSTOS: PITAHAYA, TUNA, ALGARROBA, TAXOS, ETCÉTERA.",cultivo_fruticola,TRUE,GUAYAS,2,2459.49,-51374.77,53834.259999999995,6103.32,0,-51474.77,2024
133378,BERSLUTT S.A.,G4630,"G4630.12 - VENTA AL POR MAYOR DE FRUTAS, LEGUMBRES Y HORTALIZAS.",comercio_mayorista,FALSE,GUAYAS,3,2421.39,2421.39,0,0.3,0,0,2024
318310,SUPERCAMPO QUIFE CIA.LTDA.,G4620,G4620.12 - VENTA AL POR MAYOR DE FRUTOS Y SEMILLAS OLEAGINOSAS.,comercio_mayorista,FALSE,PICHINCHA,4,2413.41,-8836.32,11249.73,723.98,0,-6494.43,2024
364260,GRUCOM VALLE ANDINO S.A.S. B.I.C.,G4630,"G4630.14 - VENTA AL POR MAYOR DE CAFÉ, CACAO, TE Y ESPECIAS.",comercio_mayorista,FALSE,LOJA,6,2370.19,1179.45,1190.74,1365.38,379.45,379.45,2024
321438,AGROINDUSTRIAL DEL VALLE ARCEAGROVALLE S.A.,G4630,"G4630.12 - VENTA AL POR MAYOR DE FRUTAS, LEGUMBRES Y HORTALIZAS.",comercio_mayorista,FALSE,PICHINCHA,4,2353.74,2181.18,172.55999999999995,11034.02,0,611.79,2024
368759,SAGAFRUT S.A.S.,A0122,"A0122.09 - OTROS CULTIVOS DE FRUTAS TROPICALES Y SUBTROPICALES: PAPAYAS, BABACOS, CHAMBUROS, AGUACATES, HIGOS, ARAZÁ, GUAYABAS, GUANÁBANA, GUABA, CHIRIMOYA, NARANJILLAS, ZAPOTES, BOROJÓ, TAMARINDO, GRANADILLAS, DÁTILES, ETCÉTERA.",cultivo_fruticola,TRUE,PICHINCHA,5,2324.68,2324.68,0,449,0,-1675.32,2024
308536,COMERCIALIZADORA GOMEZ & MORA ORG&ECOCORP CIA.LTDA.,A0127,A0127.01 - CULTIVO DE CAFÉ.,cultivo_fruticola,FALSE,PICHINCHA,3,2319.06,2223.86,95.19999999999982,1978.45,0,337.54,2024
97608,AGRODELIC S.A.,G4630,G4630.11 - VENTA AL POR MAYOR DE BANANO Y PLÁTANO.,comercio_mayorista,FALSE,EL ORO,4,2313.21,2313.21,0,0.01,0,0,2024
717153,PORTOFOODS S.A.,C1030,"C1030.14 - FABRICACIÓN DE PRODUCTOS ALIMENTICIOS A PARTIR DE (UN SOLO COMPONENTE) FRUTAS, LEGUMBRES Y HORTALIZAS; INCLUSO SNACKS DE PLÁTANO (CHIFLES), YUCA, FRUTAS, ETCÉTERA, EXCEPTO PAPA.",procesamiento,FALSE,MANABI,4,2280.17,800,1480.17,0.01,0,0,2024
337090,AGRICOLA DON-ARMANDO S.A.S.,G4630,"G4630.12 - VENTA AL POR MAYOR DE FRUTAS, LEGUMBRES Y HORTALIZAS.",comercio_mayorista,FALSE,GUAYAS,4,2248.21,2248.21,0,3600,1856.68,1448.21,2024
711663,BANAEXCEL S.A.,G4630,G4630.11 - VENTA AL POR MAYOR DE BANANO Y PLÁTANO.,comercio_mayorista,FALSE,EL ORO,1,2235.51,-5508.08,7743.59,6171.08,-8533.86,-8533.86,2024
64129,NILANCORP S.A.,G4630,G4630.91 - VENTA AL POR MAYOR DE ARROZ.,comercio_mayorista,FALSE,GUAYAS,1,2220.59,1122.68,1097.91,30519.17,413.69,322.68,2024
333833,SACHAFIT S.A.S.,G4620,G4620.12 - VENTA AL POR MAYOR DE FRUTOS Y SEMILLAS OLEAGINOSAS.,comercio_mayorista,FALSE,ORELLANA,4,2187.97,2187.97,0,6253.21,0,-2997.89,2024
333088,CHEMI ALFAJORES S.A.S.,C1073,C1073.12 - ELABORACIÓN DE CHOCOLATE Y PRODUCTOS DE CHOCOLATE.,procesamiento,FALSE,PICHINCHA,4,2160,-4420.8,6580.8,8000,2890,2167.5,2024
331464,MENVI ALIMENTOS S.A.S.,C1030,"C1030.14 - FABRICACIÓN DE PRODUCTOS ALIMENTICIOS A PARTIR DE (UN SOLO COMPONENTE) FRUTAS, LEGUMBRES Y HORTALIZAS; INCLUSO SNACKS DE PLÁTANO (CHIFLES), YUCA, FRUTAS, ETCÉTERA, EXCEPTO PAPA.",procesamiento,FALSE,SUCUMBIOS,2,2157.48,4.35,2153.13,2764.35,0,0,2024
346707,ENJOYSNACKS S.A.S.,C1030,C1030.23 - ELABORACIÓN DE PAPAS FRITAS Y SNACKS DE PAPAS.,procesamiento,FALSE,COTOPAXI,4,2157,100,2057,0.04,0,0,2024
708950,AGRICOLA FORESTAL Y PECUARIA AGROFORPE QUIÑONEZ NAJURUNGO CIA.LTDA.,A0122,"A0122.09 - OTROS CULTIVOS DE FRUTAS TROPICALES Y SUBTROPICALES: PAPAYAS, BABACOS, CHAMBUROS, AGUACATES, HIGOS, ARAZÁ, GUAYABAS, GUANÁBANA, GUABA, CHIRIMOYA, NARANJILLAS, ZAPOTES, BOROJÓ, TAMARINDO, GRANADILLAS, DÁTILES, ETCÉTERA.",cultivo_fruticola,TRUE,ESMERALDAS,3,2153.62,2153.62,0,50,0,0,2024
353619,DE LA QUINTA-CORPORATION S.A.S.,G4630,"G4630.95 - VENTA AL POR MAYOR DE BEBIDAS ALCOHÓLICAS, INCLUSO EL ENVASADO DE VINO A GRANEL SIN TRANSFORMACIÓN.",comercio_mayorista,FALSE,AZUAY,3,2149.57,910.09,1239.48,71.76,0,0,2024
311740,DULCIE S.A.,G4630,"G4630.92 - VENTA AL POR MAYOR DE AZÚCAR, CHOCOLATE Y PRODUCTOS DE CONFITERÍA.",comercio_mayorista,FALSE,LOJA,2,2140.96,346.08,1794.88,2139,-718.96,-718.96,2024
744526,FÁBRICA DE ELABORADOS DE CAFÉ GOMKOCH CIA.LTDA.,G4630,"G4630.14 - VENTA AL POR MAYOR DE CAFÉ, CACAO, TE Y ESPECIAS.",comercio_mayorista,FALSE,GUAYAS,4,2127.65,2127.65,0,40577.36,0,1135.08,2024
341025,MATERFARM S.A.S.,G4630,G4630.31 - VENTA AL POR MAYOR DE CARNE Y PRODUCTOS CÁRNICOS (INCLUIDAS LAS AVES DE CORRAL).,comercio_mayorista,FALSE,GUAYAS,1,2123.66,1688.15,435.50999999999976,21214.91,-735.53,-735.53,2024
320403,TERRAROMA ECUADOR TERRAROMAEC S.A.S.,G4630,"G4630.92 - VENTA AL POR MAYOR DE AZÚCAR, CHOCOLATE Y PRODUCTOS DE CONFITERÍA.",comercio_mayorista,FALSE,PICHINCHA,1,2120.8,-272.37,2393.17,55.32,-608.08,-608.08,2024
752840,AGRO FRUIT ANDES FRUTIANDES S.A.,G4630,"G4630.12 - VENTA AL POR MAYOR DE FRUTAS, LEGUMBRES Y HORTALIZAS.",comercio_mayorista,FALSE,EL ORO,4,2101.03,1232.23,868.8000000000002,23100,0,259.83,2024
725803,SNACKUP S.A.,A0122,A0122.01 - CULTIVO DE BANANOS Y PLÁTANOS.,cultivo_fruticola,FALSE,LOS RIOS,4,2081.53,800,1281.5300000000002,1310.4,0,0,2024
749442,DARIOSFRUITEXOTIC S.A.S.,G4630,"G4630.12 - VENTA AL POR MAYOR DE FRUTAS, LEGUMBRES Y HORTALIZAS.",comercio_mayorista,FALSE,MORONA SANTIAGO,2,2066.41,2051.8,14.609999999999673,61120.51,66.41,51.8,2024
348975,IMPORTADORA Y DISTRIBUIDORA DE LICORES CABAÑEZ S.A.S.,G4630,"G4630.95 - VENTA AL POR MAYOR DE BEBIDAS ALCOHÓLICAS, INCLUSO EL ENVASADO DE VINO A GRANEL SIN TRANSFORMACIÓN.",comercio_mayorista,FALSE,PICHINCHA,4,2034.73,1000,1034.73,3325.72,0,0,2024
756027,RAFRUTTO S.A.,G4630,G4630.11 - VENTA AL POR MAYOR DE BANANO Y PLÁTANO.,comercio_mayorista,FALSE,GUAYAS,4,2034.59,2025.94,8.649999999999864,1050,34.59,25.94,2024
332639,DISTRIBUIDORA NACIONAL AGROPECUARIA DE ECUADOR DISNAE S.A.S.,G4620,G4620.19 - VENTA AL POR MAYOR DE OTRAS MATERIAS PRIMAS AGROPECUARIAS.,comercio_mayorista,FALSE,PICHINCHA,1,2022.59,2022.59,0,13619.24,7.64,5.96,2024
364693,IMPORTACIONES Y DISTRIBUCIONES MULTIFRIGO S.A.S.,G4630,G4630.31 - VENTA AL POR MAYOR DE CARNE Y PRODUCTOS CÁRNICOS (INCLUIDAS LAS AVES DE CORRAL).,comercio_mayorista,FALSE,GUAYAS,2,2021.64,1752.88,268.76,20823.92,0,952.88,2024
140201,TILACORP S.A.,G4630,G4630.31 - VENTA AL POR MAYOR DE CARNE Y PRODUCTOS CÁRNICOS (INCLUIDAS LAS AVES DE CORRAL).,comercio_mayorista,FALSE,GUAYAS,4,2018.42,2017.69,0.7300000000000182,520,3.33,2.6,2024
353787,GLOBAL TRADE INTERNATIONAL GLOTIC-TRADE S.A.S.,G4620,G4620.19 - VENTA AL POR MAYOR DE OTRAS MATERIAS PRIMAS AGROPECUARIAS.,comercio_mayorista,FALSE,PICHINCHA,4,2017.85,1793.92,223.92999999999984,747696.32,0,793.92,2024
354633,BUENPEZ S.A.S.,G4630,"G4630.33 - VENTA AL POR MAYOR DE PESCADO, CRUSTÁCEOS, MOLUSCOS Y PRODUCTOS DE LA PESCA.",comercio_mayorista,FALSE,MANABI,2,2010,807.5,1202.5,10,0,7.5,2024
362819,FISH-DORADO S.A.S.,G4630,"G4630.33 - VENTA AL POR MAYOR DE PESCADO, CRUSTÁCEOS, MOLUSCOS Y PRODUCTOS DE LA PESCA.",comercio_mayorista,FALSE,GUAYAS,2,2010,807.5,1202.5,10,0,7.5,2024
363140,BUSINESS-FISH S.A.S.,G4630,"G4630.33 - VENTA AL POR MAYOR DE PESCADO, CRUSTÁCEOS, MOLUSCOS Y PRODUCTOS DE LA PESCA.",comercio_mayorista,FALSE,GUAYAS,2,2010,807.5,1202.5,10,0,7.5,2024
363324,PESCADO7MARES S.A.S.,G4630,"G4630.33 - VENTA AL POR MAYOR DE PESCADO, CRUSTÁCEOS, MOLUSCOS Y PRODUCTOS DE LA PESCA.",comercio_mayorista,FALSE,GUAYAS,2,2010,807.5,1202.5,10,0,7.5,2024
358348,LICORES SANTO-REMEDIO S.A.S.,G4630,"G4630.95 - VENTA AL POR MAYOR DE BEBIDAS ALCOHÓLICAS, INCLUSO EL ENVASADO DE VINO A GRANEL SIN TRANSFORMACIÓN.",comercio_mayorista,FALSE,SUCUMBIOS,4,2000,2000,0,12158.1,0,0,2024
742121,FRUTOS TROPICALES PROFRESH S.A.S.,G4630,G4630.11 - VENTA AL POR MAYOR DE BANANO Y PLÁTANO.,comercio_mayorista,FALSE,LOS RIOS,2,2000,2000,0,20,0,0,2024
157892,COMERCIALIZADORA INTERNACIONAL DEL MONTE S.A. CIMSA,G4620,G4620.15 - VENTA AL POR MAYOR DE FLORES Y PLANTAS.,comercio_mayorista,FALSE,PICHINCHA,2,1982.6,1586.71,395.8899999999999,9600,687.52,627.52,2024
348677,GREEN KINDOWN S.A.S.,A0122,"A0122.09 - OTROS CULTIVOS DE FRUTAS TROPICALES Y SUBTROPICALES: PAPAYAS, BABACOS, CHAMBUROS, AGUACATES, HIGOS, ARAZÁ, GUAYABAS, GUANÁBANA, GUABA, CHIRIMOYA, NARANJILLAS, ZAPOTES, BOROJÓ, TAMARINDO, GRANADILLAS, DÁTILES, ETCÉTERA.",cultivo_fruticola,TRUE,GALAPAGOS,2,1977.01,1962.51,14.5,34758,954.35,954.35,2024
359814,ACIDITOS S.A.S.,G4630,"G4630.14 - VENTA AL POR MAYOR DE CAFÉ, CACAO, TE Y ESPECIAS.",comercio_mayorista,FALSE,PICHINCHA,3,1973.48,-1634.9,3608.38,5002.36,0,-1734.9,2024
354291,PRODUCTOS COSTA DEL MAR PROCOSTAMAR S.A.S.,G4630,"G4630.33 - VENTA AL POR MAYOR DE PESCADO, CRUSTÁCEOS, MOLUSCOS Y PRODUCTOS DE LA PESCA.",comercio_mayorista,FALSE,MANABI,2,1930.7,-80717.98,82648.68,280081.88,0,-81281.14,2024
716130,STORY OF FLOWERS COMERCIALIZADORA FLOWERSTORY S.A.,G4620,G4620.15 - VENTA AL POR MAYOR DE FLORES Y PLANTAS.,comercio_mayorista,FALSE,PICHINCHA,4,1892.9,1612.4,280.5,10200,861.06,861.06,2024
319222,QUALITYFOOD EC S.A.S.,G4630,G4630.31 - VENTA AL POR MAYOR DE CARNE Y PRODUCTOS CÁRNICOS (INCLUIDAS LAS AVES DE CORRAL).,comercio_mayorista,FALSE,GUAYAS,2,1890.4,1890.4,0,56953.41,0,387.98,2024
746952,BANANERA JUAN MENDIETA EXPORTJM S.A.,A0122,A0122.01 - CULTIVO DE BANANOS Y PLÁTANOS.,cultivo_fruticola,FALSE,EL ORO,4,1872.19,666.13,1206.06,7774.75,124.75,124.75,2024
351226,AGROPECUARIA PUERTO-QUITO S.A.S.,G4620,G4620.19 - VENTA AL POR MAYOR DE OTRAS MATERIAS PRIMAS AGROPECUARIAS.,comercio_mayorista,FALSE,PICHINCHA,1,1864.13,1804.13,60,15975.04,3748.2,3748.2,2024
726102,OCM INDUSTRIES OLCOM S.A.,C1030,"C1030.14 - FABRICACIÓN DE PRODUCTOS ALIMENTICIOS A PARTIR DE (UN SOLO COMPONENTE) FRUTAS, LEGUMBRES Y HORTALIZAS; INCLUSO SNACKS DE PLÁTANO (CHIFLES), YUCA, FRUTAS, ETCÉTERA, EXCEPTO PAPA.",procesamiento,FALSE,GUAYAS,4,1862.26,856.74,1005.52,4782,25.09,19.57,2024
712223,INVERSIONES EVACEN S.A.,G4630,"G4630.12 - VENTA AL POR MAYOR DE FRUTAS, LEGUMBRES Y HORTALIZAS.",comercio_mayorista,FALSE,GUAYAS,1,1843.23,1843.23,0,0.01,0,0,2024
361506,VERMILLION-GALAPAGOS S.A.S.,C1030,"C1030.14 - FABRICACIÓN DE PRODUCTOS ALIMENTICIOS A PARTIR DE (UN SOLO COMPONENTE) FRUTAS, LEGUMBRES Y HORTALIZAS; INCLUSO SNACKS DE PLÁTANO (CHIFLES), YUCA, FRUTAS, ETCÉTERA, EXCEPTO PAPA.",procesamiento,FALSE,GALAPAGOS,2,1815.5,1658.51,156.99,4397.4,844.25,658.51,2024
61072,CASACOOK S.A.,G4630,G4630.91 - VENTA AL POR MAYOR DE ARROZ.,comercio_mayorista,FALSE,GUAYAS,2,1787.13,1575.85,211.2800000000002,8476.4,0,775.85,2024
351915,TRIVIÑO EXPORT TRIFRUIT S.A.S.,G4630,G4630.11 - VENTA AL POR MAYOR DE BANANO Y PLÁTANO.,comercio_mayorista,FALSE,GUAYAS,1,1780.83,1688.19,92.63999999999987,186335.91,0,328.47,2024
358521,IMPORTADORA REASCOS IMVANELL S.A.S.,G4630,G4630.97 - VENTA AL POR MAYOR DE ALIMENTO PARA MASCOTAS (ANIMALES DOMÉSTICOS).,comercio_mayorista,FALSE,IMBABURA,4,1757.72,1757.72,0,1277.62,1257.72,1257.72,2024
343882,COMPAÑIA DULTRAEC S.A.S.,C1073,"C1073.21 - ELABORACIÓN DE PRODUCTOS DE CONFITERÍA: CARAMELOS, TURRÓN, GRAGEAS Y PASTILLAS DE CONFITERÍA, GOMA DE MASCAR (CHICLES), CONFITES BLANDOS, CONFITERÍA A BASE DE CHOCOLATE Y CHOCOLATE BLANCO, ETCÉTERA.",procesamiento,FALSE,PICHINCHA,4,1744.93,580.28,1164.65,10771.95,0,180.28,2024
328222,DONAGRICAM S.A.S.,G4630,"G4630.14 - VENTA AL POR MAYOR DE CAFÉ, CACAO, TE Y ESPECIAS.",comercio_mayorista,FALSE,GUAYAS,4,1743.18,-15400.68,17143.86,30,-16144.26,-16144.26,2024
741365,AGROINDUSTRIA FLAVIOPOLIS S.A.S.,C1030,"C1030.14 - FABRICACIÓN DE PRODUCTOS ALIMENTICIOS A PARTIR DE (UN SOLO COMPONENTE) FRUTAS, LEGUMBRES Y HORTALIZAS; INCLUSO SNACKS DE PLÁTANO (CHIFLES), YUCA, FRUTAS, ETCÉTERA, EXCEPTO PAPA.",procesamiento,FALSE,MANABI,5,1739.77,665.02,1074.75,2488.71,0,165.02,2024
163847,EXPORTADORA DE FRUTAS EXOTICAS EXPOFREX S.A.,G4630,"G4630.12 - VENTA AL POR MAYOR DE FRUTAS, LEGUMBRES Y HORTALIZAS.",comercio_mayorista,FALSE,PICHINCHA,3,1732.89,-14765.86,16498.75,5823.4,0,-3138.05,2024
318688,AGROINDUSTRIA DEL CACAO SABANDOMOREIRA INDUCACAO S.A.,A0127,A0127.02 - CULTIVO DE CACAO.,cultivo_fruticola,FALSE,MANABI,1,1723.15,1723.15,0,1873.76,0,1505.76,2024
311198,AGROGOLDEN-EC S.A.,G4630,"G4630.12 - VENTA AL POR MAYOR DE FRUTAS, LEGUMBRES Y HORTALIZAS.",comercio_mayorista,FALSE,PICHINCHA,5,1713.45,800,913.45,8265,0,0,2024
344249,COCOABEANS S.A.S. B.I.C.,G4630,"G4630.14 - VENTA AL POR MAYOR DE CAFÉ, CACAO, TE Y ESPECIAS.",comercio_mayorista,FALSE,EL ORO,5,1712.84,1712.84,0,693.31,0,-2804.43,2024
747749,AGROPRODUCTOS RONU S.A.S.,C1073,"C1073.11 - ELABORACIÓN DE CACAO, MANTECA, GRASA Y ACEITE DE CACAO.",procesamiento,FALSE,GUAYAS,2,1691.24,-2297.78,3989.0200000000004,1015.53,-117.07,-117.07,2024
361881,AGRODIROSE ASESORIA Y DISTRIBUCION S.A.S.,G4620,G4620.19 - VENTA AL POR MAYOR DE OTRAS MATERIAS PRIMAS AGROPECUARIAS.,comercio_mayorista,FALSE,PICHINCHA,2,1657.03,864.33,792.6999999999999,7709.4,0,664.33,2024
744395,MINIMALIST ASSOCIATION S.A.S.,G4630,"G4630.14 - VENTA AL POR MAYOR DE CAFÉ, CACAO, TE Y ESPECIAS.",comercio_mayorista,FALSE,AZUAY,4,1655.07,518.58,1136.4899999999998,370.99,0,-47.97,2024
755916,ORSUT S.A.S.,G4630,"G4630.33 - VENTA AL POR MAYOR DE PESCADO, CRUSTÁCEOS, MOLUSCOS Y PRODUCTOS DE LA PESCA.",comercio_mayorista,FALSE,GUAYAS,2,1644.59,200,1444.59,15942.21,0,0,2024
359248,ECUADORIANHARVEST S.A.S.,G4620,G4620.11 - VENTA AL POR MAYOR DE CEREALES (GRANOS) Y SEMILLAS.,comercio_mayorista,FALSE,CHIMBORAZO,2,1637.56,1637.56,0,82516,137.56,137.56,2024
739283,BILLONCHOK S.A.S.,C1073,"C1073.11 - ELABORACIÓN DE CACAO, MANTECA, GRASA Y ACEITE DE CACAO.",procesamiento,FALSE,ZAMORA CHINCHIPE,2,1624.3,370.06,1254.24,4260.52,0,382.87,2024
46699,SIETE ROCAS AGRICOLA SIRAGNI S.A.,A0122,"A0122.09 - OTROS CULTIVOS DE FRUTAS TROPICALES Y SUBTROPICALES: PAPAYAS, BABACOS, CHAMBUROS, AGUACATES, HIGOS, ARAZÁ, GUAYABAS, GUANÁBANA, GUABA, CHIRIMOYA, NARANJILLAS, ZAPOTES, BOROJÓ, TAMARINDO, GRANADILLAS, DÁTILES, ETCÉTERA.",cultivo_fruticola,TRUE,IMBABURA,1,1563.6,1563.6,0,3.16,0,0,2024
133412,COMPAÑIA IMPORTADORA & EXPORTADORA COMERCIAL VALDIVIANA S.A.,G4630,"G4630.12 - VENTA AL POR MAYOR DE FRUTAS, LEGUMBRES Y HORTALIZAS.",comercio_mayorista,FALSE,SANTA ELENA,4,1552.85,1552.85,0,18.9,0,0,2024
41550,AGRICOLA MERCANTIL AMER SA,A0122,A0122.01 - CULTIVO DE BANANOS Y PLÁTANOS.,cultivo_fruticola,FALSE,EL ORO,10,1502.81,1502.81,0,42774.25,-86772.42,-86772.42,2024
339475,ALIPROEC S.A.S.,C1030,"C1030.14 - FABRICACIÓN DE PRODUCTOS ALIMENTICIOS A PARTIR DE (UN SOLO COMPONENTE) FRUTAS, LEGUMBRES Y HORTALIZAS; INCLUSO SNACKS DE PLÁTANO (CHIFLES), YUCA, FRUTAS, ETCÉTERA, EXCEPTO PAPA.",procesamiento,FALSE,GUAYAS,4,1486.47,600.41,886.0600000000001,4356.25,135.05,135.05,2024
321696,TROPICAL SUNRISE TROPICSUN S.A.,G4630,G4630.11 - VENTA AL POR MAYOR DE BANANO Y PLÁTANO.,comercio_mayorista,FALSE,GUAYAS,2,1486.33,1486.33,0,75202.79,200.99,200.99,2024
324765,PACIFCARIBE S.A.S.,G4630,G4630.11 - VENTA AL POR MAYOR DE BANANO Y PLÁTANO.,comercio_mayorista,FALSE,MANABI,1,1478.04,-1838.22,3316.26,16,0,-1820.05,2024
339796,FRUPAC S.A.S.,G4630,G4630.11 - VENTA AL POR MAYOR DE BANANO Y PLÁTANO.,comercio_mayorista,FALSE,EL ORO,4,1450.58,800,650.5799999999999,550.03,0,0,2024
331339,AGROTROPIC FLORES S.A.S.,A0126,A0126.01 - CULTIVO DE PALMAS DE ACEITE (PALMA AFRICANA).,cultivo_fruticola,FALSE,ESMERALDAS,2,1437.14,-1710.34,3147.48,54127.13,0,1776.22,2024
743228,AGROGESTA BRIPO CIA.LTDA.,G4630,"G4630.14 - VENTA AL POR MAYOR DE CAFÉ, CACAO, TE Y ESPECIAS.",comercio_mayorista,FALSE,PICHINCHA,4,1398.72,700.08,698.64,24120.98,250.01,250.01,2024
372451,ECUARAIZ S.A.S.,C1030,"C1030.14 - FABRICACIÓN DE PRODUCTOS ALIMENTICIOS A PARTIR DE (UN SOLO COMPONENTE) FRUTAS, LEGUMBRES Y HORTALIZAS; INCLUSO SNACKS DE PLÁTANO (CHIFLES), YUCA, FRUTAS, ETCÉTERA, EXCEPTO PAPA.",procesamiento,FALSE,SANTO DOMINGO DE LOS TSACHILAS,4,1397.56,574.96,822.5999999999999,800,0,74.96,2024
341178,OREI S.A.S.,A0122,"A0122.09 - OTROS CULTIVOS DE FRUTAS TROPICALES Y SUBTROPICALES: PAPAYAS, BABACOS, CHAMBUROS, AGUACATES, HIGOS, ARAZÁ, GUAYABAS, GUANÁBANA, GUABA, CHIRIMOYA, NARANJILLAS, ZAPOTES, BOROJÓ, TAMARINDO, GRANADILLAS, DÁTILES, ETCÉTERA.",cultivo_fruticola,TRUE,SUCUMBIOS,2,1370.32,20,1350.32,10836.46,0,0,2024
110558,ADJA S.A.,A0122,A0122.01 - CULTIVO DE BANANOS Y PLÁTANOS.,cultivo_fruticola,FALSE,GUAYAS,3,1343.23,1223.72,119.50999999999999,74993.23,543.23,423.72,2024
757291,JASSBLU S.A.S.,A0122,A0122.01 - CULTIVO DE BANANOS Y PLÁTANOS.,cultivo_fruticola,FALSE,GUAYAS,3,1343.23,1223.72,119.50999999999999,74993.23,543.23,423.72,2024
322144,"FLOWERS GARDEN FOR THE WORLD, GARDENWORD S.A.S.",G4620,G4620.15 - VENTA AL POR MAYOR DE FLORES Y PLANTAS.,comercio_mayorista,FALSE,PICHINCHA,4,1319.3,-268.38,1587.6799999999998,8500,0,-1268.38,2024
368709,KARANA HEF S.A.S.,C1030,"C1030.14 - FABRICACIÓN DE PRODUCTOS ALIMENTICIOS A PARTIR DE (UN SOLO COMPONENTE) FRUTAS, LEGUMBRES Y HORTALIZAS; INCLUSO SNACKS DE PLÁTANO (CHIFLES), YUCA, FRUTAS, ETCÉTERA, EXCEPTO PAPA.",procesamiento,FALSE,PICHINCHA,2,1275.49,-4933.22,6208.71,1136.85,-5433.22,-5433.22,2024
752582,EXPORTADORA SUDAMERICANA DE MARISCOS DEL ECUADOR ECUASECON S.A.,G4630,G4630.32 - VENTA AL POR MAYOR DE CAMARÓN Y LANGOSTINOS.,comercio_mayorista,FALSE,GUAYAS,4,1260.25,1224.74,35.50999999999999,169509.55,0,106.54,2024
322788,COMPANY ZIEMBRABUENA S.A.,G4630,G4630.91 - VENTA AL POR MAYOR DE ARROZ.,comercio_mayorista,FALSE,GUAYAS,4,1238.75,1231.05,7.7000000000000455,700,35,27.3,2024
344762,RAIVA SEMILLAS ECUADOR S.A.S. B.I.C.,G4630,"G4630.14 - VENTA AL POR MAYOR DE CAFÉ, CACAO, TE Y ESPECIAS.",comercio_mayorista,FALSE,PICHINCHA,1,1221.6,1061.1,160.5,9299.95,40.39,28.55,2024
737063,GUALELE S.A.,G4630,"G4630.12 - VENTA AL POR MAYOR DE FRUTAS, LEGUMBRES Y HORTALIZAS.",comercio_mayorista,FALSE,MANABI,4,1203.5,1203.5,0,3.5,0,3.5,2024
304389,AGROINDUSTRIA NATUREXOTIC CIA.LTDA.,C1030,"C1030.12 - CONSERVACIÓN DE FRUTAS, PULPA DE FRUTAS, LEGUMBRES Y HORTALIZAS MEDIANTE EL CONGELADO, SECADO, DESHIDRATADO, INMERSIÓN EN ACEITE O VINAGRE, ENLATADO, ETCÉTERA.",procesamiento,FALSE,GUAYAS,1,1182.68,-55251.67,56434.35,210.4,109.91,109.91,2024
746807,CABRANEGRA S.A.S. B.I.C.,G4630,"G4630.14 - VENTA AL POR MAYOR DE CAFÉ, CACAO, TE Y ESPECIAS.",comercio_mayorista,FALSE,PICHINCHA,4,1180.6,-1337.45,2518.05,70528.55,0,-2994.68,2024
368758,YAMBAMINE S.A.S.,G4620,G4620.11 - VENTA AL POR MAYOR DE CEREALES (GRANOS) Y SEMILLAS.,comercio_mayorista,FALSE,LOJA,6,1177.12,888.9,288.2199999999999,414.17,113.97,88.9,2024
173375,PASTELERÍA Y CAFETERÍA ARTESANAL CUPCAKERY COMPAÑIA LIMITDA,G4630,G4630.93 - VENTA AL POR MAYOR DE PRODUCTOS DE PANADERÍA Y REPOSTERÍA.,comercio_mayorista,FALSE,PICHINCHA,4,1105.71,956.11,149.60000000000002,1004.98,0,60.78,2024
746752,AGROINDUSTRIA SOLIJAR S.A.,A0122,"A0122.09 - OTROS CULTIVOS DE FRUTAS TROPICALES Y SUBTROPICALES: PAPAYAS, BABACOS, CHAMBUROS, AGUACATES, HIGOS, ARAZÁ, GUAYABAS, GUANÁBANA, GUABA, CHIRIMOYA, NARANJILLAS, ZAPOTES, BOROJÓ, TAMARINDO, GRANADILLAS, DÁTILES, ETCÉTERA.",cultivo_fruticola,TRUE,LOS RIOS,4,1096.24,1072.32,23.920000000000073,75953.27,56.09,42.07,2024
743503,PRODUALLPAKURI S.A.S.,C1030,"C1030.14 - FABRICACIÓN DE PRODUCTOS ALIMENTICIOS A PARTIR DE (UN SOLO COMPONENTE) FRUTAS, LEGUMBRES Y HORTALIZAS; INCLUSO SNACKS DE PLÁTANO (CHIFLES), YUCA, FRUTAS, ETCÉTERA, EXCEPTO PAPA.",procesamiento,FALSE,NAPO,4,1096.03,1094.92,1.1099999999999,2408.81,94.92,94.92,2024
352771,FGMACKENCIE PRESTIGE IMPORT - EXPORT S.A.S.,G4630,"G4630.14 - VENTA AL POR MAYOR DE CAFÉ, CACAO, TE Y ESPECIAS.",comercio_mayorista,FALSE,GUAYAS,2,1093.3,1093.3,0,1146.68,963.4,963.4,2024
318863,CÁRNICOS MARTINETTY CARMARTT S.A.,G4630,G4630.31 - VENTA AL POR MAYOR DE CARNE Y PRODUCTOS CÁRNICOS (INCLUIDAS LAS AVES DE CORRAL).,comercio_mayorista,FALSE,GUAYAS,5,1091.65,629.69,461.96000000000004,8610,2532.78,2517.78,2024
346735,MAYWA S.A.S.,G4630,"G4630.95 - VENTA AL POR MAYOR DE BEBIDAS ALCOHÓLICAS, INCLUSO EL ENVASADO DE VINO A GRANEL SIN TRANSFORMACIÓN.",comercio_mayorista,FALSE,SANTO DOMINGO DE LOS TSACHILAS,4,1090,1070.2,19.799999999999955,9855,90,70.2,2024
742137,PEFSAIIE S.A.,A0125,"A0125.09 - OTROS CULTIVOS DE FRUTOS DE ÁRBOLES Y ARBUSTOS: PITAHAYA, TUNA, ALGARROBA, TAXOS, ETCÉTERA.",cultivo_fruticola,TRUE,GUAYAS,2,1074.55,1064.09,10.460000000000036,2350,0,37.07,2024
311480,FEPAIMPORT S.A.,G4630,G4630.99 - VENTA AL POR MAYOR DE OTROS PRODUCTOS COMESTIBLES (ENLATADOS Y CONSERVAS).,comercio_mayorista,FALSE,PICHINCHA,2,1067.01,-198.36,1265.37,44593.74,4727.97,4422.03,2024
61837,MERCASIDERAL S.A.,G4630,G4630.91 - VENTA AL POR MAYOR DE ARROZ.,comercio_mayorista,FALSE,GUAYAS,4,1065.29,1065.29,0,3199.6,0,0,2024
357484,FLORAV FRUTAS TROPICALES CIA.LTDA.,A0127,A0127.02 - CULTIVO DE CACAO.,cultivo_fruticola,FALSE,EL ORO,5,1060.01,1045.01,15,60.01,60.01,45.01,2024
709448,NUTRIALCOR S.A.,C1030,"C1030.14 - FABRICACIÓN DE PRODUCTOS ALIMENTICIOS A PARTIR DE (UN SOLO COMPONENTE) FRUTAS, LEGUMBRES Y HORTALIZAS; INCLUSO SNACKS DE PLÁTANO (CHIFLES), YUCA, FRUTAS, ETCÉTERA, EXCEPTO PAPA.",procesamiento,FALSE,GUAYAS,2,1057.38,-3268.1,4325.48,304.5,0,20.28,2024
750986,AGRICOLA HUA MOA S.A.,A0122,A0122.01 - CULTIVO DE BANANOS Y PLÁTANOS.,cultivo_fruticola,FALSE,GUAYAS,4,1050,1037.5,12.5,50,0,37.5,2024
348699,MÁS-VIDA ALIMENTOS S.A.S.,G4630,G4630.97 - VENTA AL POR MAYOR DE ALIMENTO PARA MASCOTAS (ANIMALES DOMÉSTICOS).,comercio_mayorista,FALSE,PICHINCHA,2,1042.97,1010.94,32.02999999999997,65,0.94,0.94,2024
332018,PALETA FACTORY ECUADOR S.A.S.,G4630,"G4630.21 - VENTA AL POR MAYOR DE PRODUCTOS LÁCTEOS, INCLUIDO HELADOS, BOLOS, ETCÉTERA.",comercio_mayorista,FALSE,GUAYAS,24,1027.64,-159.97,1187.6100000000001,8277.68,0,-959.97,2024
349597,COMERCIALIZADORA NOHELIA S.A.S.,G4630,G4630.32 - VENTA AL POR MAYOR DE CAMARÓN Y LANGOSTINOS.,comercio_mayorista,FALSE,MANABI,2,1020.57,1015.66,4.910000000000082,10,-3098.36,-1549.18,2024
360962,AMERICAN-SEALAND FOODS S.A.S.,G4630,"G4630.33 - VENTA AL POR MAYOR DE PESCADO, CRUSTÁCEOS, MOLUSCOS Y PRODUCTOS DE LA PESCA.",comercio_mayorista,FALSE,MANABI,2,1020.21,-32087.01,33107.22,1310.92,-33087.01,-33087.01,2024
756470,FULLY YUMMY S.A.S.,G4630,"G4630.12 - VENTA AL POR MAYOR DE FRUTAS, LEGUMBRES Y HORTALIZAS.",comercio_mayorista,FALSE,GUAYAS,3,1014.64,1011.42,3.2200000000000273,2225.54,14.64,11.42,2024
344351,DISREYMOR S.A.S.,G4630,G4630.97 - VENTA AL POR MAYOR DE ALIMENTO PARA MASCOTAS (ANIMALES DOMÉSTICOS).,comercio_mayorista,FALSE,EL ORO,1,1012.89,500,512.89,3495.93,-5490.02,-5490.02,2024
362861,ALIMENTOS LINIERS S.A.S.,G4620,G4620.11 - VENTA AL POR MAYOR DE CEREALES (GRANOS) Y SEMILLAS.,comercio_mayorista,FALSE,PICHINCHA,5,1006.47,-16.96,1023.4300000000001,3564.7,-116.96,-116.96,2024
354891,INTERFLOWERS S.A.S.,G4620,G4620.15 - VENTA AL POR MAYOR DE FLORES Y PLANTAS.,comercio_mayorista,FALSE,PICHINCHA,2,1001,1000.78,0.22000000000002728,1,1,0.78,2024
359880,ENGRAMI S.A.S.,A0122,A0122.01 - CULTIVO DE BANANOS Y PLÁTANOS.,cultivo_fruticola,FALSE,MANABI,2,1000.11,1000.08,0.029999999999972715,0.11,0.11,0.08,2024
126422,FABRITEX S.A.,G4630,G4630.11 - VENTA AL POR MAYOR DE BANANO Y PLÁTANO.,comercio_mayorista,FALSE,GUAYAS,2,1000,1000,0,0.01,0,-1206.06,2024
334928,AGRO INDUSTRIAL MOLOJOR S.A.S.,A0127,A0127.02 - CULTIVO DE CACAO.,cultivo_fruticola,FALSE,GUAYAS,4,1000,1000,0,6,0,0,2024
334995,DISTRIBUCIONES MAYOR S.A.S.,G4630,G4630.31 - VENTA AL POR MAYOR DE CARNE Y PRODUCTOS CÁRNICOS (INCLUIDAS LAS AVES DE CORRAL).,comercio_mayorista,FALSE,GUAYAS,4,1000,1000,0,390,0,200,2024
342796,PACHAFRUITS S.A.S.,G4630,"G4630.12 - VENTA AL POR MAYOR DE FRUTAS, LEGUMBRES Y HORTALIZAS.",comercio_mayorista,FALSE,PICHINCHA,2,1000,773,227,33,-227,-227,2024
351349,COVETUNAS C.A.,G4630,"G4630.33 - VENTA AL POR MAYOR DE PESCADO, CRUSTÁCEOS, MOLUSCOS Y PRODUCTOS DE LA PESCA.",comercio_mayorista,FALSE,MANABI,3,1000,-35822.23,36822.23,2262380.65,-73644.46,-36822.23,2024
363753,CASMARFISH S.A.S. B.I.C.,G4630,"G4630.33 - VENTA AL POR MAYOR DE PESCADO, CRUSTÁCEOS, MOLUSCOS Y PRODUCTOS DE LA PESCA.",comercio_mayorista,FALSE,SANTA ELENA,4,1000,700,300,300,0,0,2024
365333,VATHARYM S.A.S.,A0127,A0127.02 - CULTIVO DE CACAO.,cultivo_fruticola,FALSE,GUAYAS,1,1000,986.95,13.049999999999955,36,30.6,22.95,2024
369776,SOLPESMAR S.A.S.,G4630,"G4630.33 - VENTA AL POR MAYOR DE PESCADO, CRUSTÁCEOS, MOLUSCOS Y PRODUCTOS DE LA PESCA.",comercio_mayorista,FALSE,EL ORO,2,1000,879.56,120.44000000000005,10,-120.44,-120.44,2024
720134,EMPACADORA DE MANABI LAIAMARGARITA S.A.,C1073,"C1073.22 - CONSERVACIÓN EN AZÚCAR DE FRUTAS, NUECES Y OTROS FRUTOS SECOS, CÁSCARA DE FRUTAS Y OTRAS PARTES DE LAS PLANTAS.",procesamiento,FALSE,MANABI,4,1000,1000,0,27104.25,0,0,2024
723939,SABDICORPEC S.A.,G4630,"G4630.14 - VENTA AL POR MAYOR DE CAFÉ, CACAO, TE Y ESPECIAS.",comercio_mayorista,FALSE,PICHINCHA,2,1000,1000,0,9418.54,0,0,2024
335459,INPROEX S.A.S.,C1030,"C1030.12 - CONSERVACIÓN DE FRUTAS, PULPA DE FRUTAS, LEGUMBRES Y HORTALIZAS MEDIANTE EL CONGELADO, SECADO, DESHIDRATADO, INMERSIÓN EN ACEITE O VINAGRE, ENLATADO, ETCÉTERA.",procesamiento,FALSE,PICHINCHA,3,993.78,933.78,60,115.14,15.98,-44.02,2024
183452,AGRICOLA MATAJE AGRICOMATAJE CIA.LTDA.,A0126,A0126.01 - CULTIVO DE PALMAS DE ACEITE (PALMA AFRICANA).,cultivo_fruticola,FALSE,SANTO DOMINGO DE LOS TSACHILAS,4,965.63,965.63,0,300001,0,-650.93,2024
369882,BROMETCORP S.A.S.,A0127,A0127.02 - CULTIVO DE CACAO.,cultivo_fruticola,FALSE,LOS RIOS,4,951,861,90,600,510,510,2024
146250,SEMILLAS DEL VALLE S.A. SEMIVALLE,G4620,G4620.11 - VENTA AL POR MAYOR DE CEREALES (GRANOS) Y SEMILLAS.,comercio_mayorista,FALSE,MANABI,1,939.58,939.38,0.20000000000004547,0.02,-0.18,-0.18,2024
356321,CORPORACIÓN-DAYLES S.A.S.,G4630,"G4630.21 - VENTA AL POR MAYOR DE PRODUCTOS LÁCTEOS, INCLUIDO HELADOS, BOLOS, ETCÉTERA.",comercio_mayorista,FALSE,AZUAY,4,938.57,747.21,191.36,11179.59,632.31,597.31,2024
350611,ROSSI EXPORT & LOGISTIC S.A.S.,G4630,"G4630.12 - VENTA AL POR MAYOR DE FRUTAS, LEGUMBRES Y HORTALIZAS.",comercio_mayorista,FALSE,PICHINCHA,2,923.46,923.46,0,5466.72,-679.25,-679.25,2024
309835,INNCOMSAN FOOD AND BEVERAGE CIA.LTDA.,C1030,"C1030.12 - CONSERVACIÓN DE FRUTAS, PULPA DE FRUTAS, LEGUMBRES Y HORTALIZAS MEDIANTE EL CONGELADO, SECADO, DESHIDRATADO, INMERSIÓN EN ACEITE O VINAGRE, ENLATADO, ETCÉTERA.",procesamiento,FALSE,PICHINCHA,4,921.95,-1626.38,2548.33,1162.76,188.41,188.41,2024
340214,QURI-VERDE QURIVERDE S.A.S. B.I.C.,G4630,"G4630.12 - VENTA AL POR MAYOR DE FRUTAS, LEGUMBRES Y HORTALIZAS.",comercio_mayorista,FALSE,PICHINCHA,4,918.44,918.44,0,20,-42.81,-42.81,2024
340480,WHOLESALE TRADE COMPANY S.A.S.,G4630,G4630.32 - VENTA AL POR MAYOR DE CAMARÓN Y LANGOSTINOS.,comercio_mayorista,FALSE,GUAYAS,1,911.36,-861.35,1772.71,6687.23,3.22,2.48,2024
346114,MINDOMAYA S.A.S.,C1073,C1073.12 - ELABORACIÓN DE CHOCOLATE Y PRODUCTOS DE CHOCOLATE.,procesamiento,FALSE,AZUAY,1,900.98,900.98,0,197,0,100.98,2024
747616,FRUITEC S.A.S.,G4630,"G4630.94 - VENTA AL POR MAYOR DE BEBIDAS NO ALCOHÓLICAS (JUGOS, GASEOSAS, AGUA MINERAL, ETCÉTERA).",comercio_mayorista,FALSE,GUAYAS,4,900,431.27,468.73,31,0,31,2024
350027,ALLIALLPA S.A.S.,G4630,"G4630.12 - VENTA AL POR MAYOR DE FRUTAS, LEGUMBRES Y HORTALIZAS.",comercio_mayorista,FALSE,PICHINCHA,4,896.52,896.52,0,22,0,-3.36,2024
738866,PESCA LOGISTICA PEZLOGIC S.A.S.,G4630,"G4630.33 - VENTA AL POR MAYOR DE PESCADO, CRUSTÁCEOS, MOLUSCOS Y PRODUCTOS DE LA PESCA.",comercio_mayorista,FALSE,SANTA ELENA,4,891.5,879.62,11.879999999999995,8700,54,42.12,2024
356706,AGRÍCOLAANDINADELECUADOR - AGRANDEC S.A.S.,A0125,"A0125.01 - CULTIVO DE BAYAS GROSELLAS, GROSELLAS ESPINOSAS, KIWIS, FRAMBUESAS, FRESAS (FRUTILLAS), MORAS, MORTIÑOS (ARÁNDANOS), UVILLA Y OTRAS BAYAS.",cultivo_fruticola,TRUE,CHIMBORAZO,4,865.11,-61653.72,62518.83,2575.67,0,-61953.72,2024
714621,EASTONETRADING S.A.,G4630,"G4630.33 - VENTA AL POR MAYOR DE PESCADO, CRUSTÁCEOS, MOLUSCOS Y PRODUCTOS DE LA PESCA.",comercio_mayorista,FALSE,GUAYAS,4,860,850,10,50,50,50,2024
301275,PROVEEDORA NACIONAL DE FRUTAS Y VERDURAS PRONAFRUVER C.A.,A0122,"A0122.09 - OTROS CULTIVOS DE FRUTAS TROPICALES Y SUBTROPICALES: PAPAYAS, BABACOS, CHAMBUROS, AGUACATES, HIGOS, ARAZÁ, GUAYABAS, GUANÁBANA, GUABA, CHIRIMOYA, NARANJILLAS, ZAPOTES, BOROJÓ, TAMARINDO, GRANADILLAS, DÁTILES, ETCÉTERA.",cultivo_fruticola,TRUE,PICHINCHA,4,854.04,854.03,0.009999999999990905,0.05,0.05,0.04,2024
724310,CENCOMATT S.A.,A0122,A0122.01 - CULTIVO DE BANANOS Y PLÁTANOS.,cultivo_fruticola,FALSE,GUAYAS,4,845,845,0,46,0,45,2024
753474,FLORUM TERRA CIA.LTDA.,G4620,G4620.15 - VENTA AL POR MAYOR DE FLORES Y PLANTAS.,comercio_mayorista,FALSE,PICHINCHA,3,843.71,-481.68,1325.39,1077.02,-829.5,-829.5,2024
314587,MAZZBEER S.A.,G4630,"G4630.95 - VENTA AL POR MAYOR DE BEBIDAS ALCOHÓLICAS, INCLUSO EL ENVASADO DE VINO A GRANEL SIN TRANSFORMACIÓN.",comercio_mayorista,FALSE,GUAYAS,4,839.35,834.35,5,40,0,15,2024
40616,AGRICOLA LA SURENA SA AGRISUR,A0122,"A0122.09 - OTROS CULTIVOS DE FRUTAS TROPICALES Y SUBTROPICALES: PAPAYAS, BABACOS, CHAMBUROS, AGUACATES, HIGOS, ARAZÁ, GUAYABAS, GUANÁBANA, GUABA, CHIRIMOYA, NARANJILLAS, ZAPOTES, BOROJÓ, TAMARINDO, GRANADILLAS, DÁTILES, ETCÉTERA.",cultivo_fruticola,TRUE,GUAYAS,2,838,-208.92,1046.92,38,-1008.92,-1008.92,2024
371520,ALBIAG S.A.S.,G4620,G4620.19 - VENTA AL POR MAYOR DE OTRAS MATERIAS PRIMAS AGROPECUARIAS.,comercio_mayorista,FALSE,PICHINCHA,1,830,830,0,30,30,30,2024
718871,HELADOS SCOOPS HESCOOPS S.A.,C1073,"C1073.21 - ELABORACIÓN DE PRODUCTOS DE CONFITERÍA: CARAMELOS, TURRÓN, GRAGEAS Y PASTILLAS DE CONFITERÍA, GOMA DE MASCAR (CHICLES), CONFITES BLANDOS, CONFITERÍA A BASE DE CHOCOLATE Y CHOCOLATE BLANCO, ETCÉTERA.",procesamiento,FALSE,GUAYAS,4,828.21,822,6.210000000000036,28.21,28.21,22,2024
730087,CORPORACION DE ALIMENTOS VACIOS Y ENVASADOS ESJC S.A.S.,C1030,C1030.21 - ELABORACIÓN Y CONSERVACIÓN DE PAPAS PREPARADAS CONGELADAS U OTRO TIPO DE CONSERVACIÓN.,procesamiento,FALSE,PICHINCHA,1,826.14,826.14,0,851.04,421,421,2024
355448,BIOCRECER S.A.S. B.I.C.,A0122,"A0122.09 - OTROS CULTIVOS DE FRUTAS TROPICALES Y SUBTROPICALES: PAPAYAS, BABACOS, CHAMBUROS, AGUACATES, HIGOS, ARAZÁ, GUAYABAS, GUANÁBANA, GUABA, CHIRIMOYA, NARANJILLAS, ZAPOTES, BOROJÓ, TAMARINDO, GRANADILLAS, DÁTILES, ETCÉTERA.",cultivo_fruticola,TRUE,GUAYAS,4,820,820,0,20,0,10,2024
747813,MACKLUC CORP S.A.S.,C1030,"C1030.14 - FABRICACIÓN DE PRODUCTOS ALIMENTICIOS A PARTIR DE (UN SOLO COMPONENTE) FRUTAS, LEGUMBRES Y HORTALIZAS; INCLUSO SNACKS DE PLÁTANO (CHIFLES), YUCA, FRUTAS, ETCÉTERA, EXCEPTO PAPA.",procesamiento,FALSE,LOS RIOS,4,818.12,238.12,580,771.7,0,-142.04,2024
366715,GOLDBANANA S.A.,G4630,G4630.11 - VENTA AL POR MAYOR DE BANANO Y PLÁTANO.,comercio_mayorista,FALSE,GUAYAS,5,813.74,811.68,2.060000000000059,13002.5,11.68,11.68,2024
719806,PACIFRUITS EXPORT PACIFRUITEXPORTSA S.A.,A0122,A0122.01 - CULTIVO DE BANANOS Y PLÁTANOS.,cultivo_fruticola,FALSE,GUAYAS,4,811,648,163,300,0,114,2024
309376,CAFETEROS CAFEBITSA S.A.,G4630,"G4630.14 - VENTA AL POR MAYOR DE CAFÉ, CACAO, TE Y ESPECIAS.",comercio_mayorista,FALSE,GUAYAS,4,810,810,0,0.11,0,0,2024
329804,AGRARTECHNIK S.A.,A0122,"A0122.09 - OTROS CULTIVOS DE FRUTAS TROPICALES Y SUBTROPICALES: PAPAYAS, BABACOS, CHAMBUROS, AGUACATES, HIGOS, ARAZÁ, GUAYABAS, GUANÁBANA, GUABA, CHIRIMOYA, NARANJILLAS, ZAPOTES, BOROJÓ, TAMARINDO, GRANADILLAS, DÁTILES, ETCÉTERA.",cultivo_fruticola,TRUE,GUAYAS,3,810,807.8,2.2000000000000455,10,10,7.8,2024
362287,SAREFRUIT S.A.S.,G4630,G4630.11 - VENTA AL POR MAYOR DE BANANO Y PLÁTANO.,comercio_mayorista,FALSE,GUAYAS,2,810,807.8,2.2000000000000455,220,0,7.8,2024
718123,LALX S.A.,A0122,A0122.01 - CULTIVO DE BANANOS Y PLÁTANOS.,cultivo_fruticola,FALSE,GUAYAS,3,810,807.5,2.5,10,10,7.5,2024
372157,ROSADELPACIFICOSUR S.A.S.,G4630,G4630.11 - VENTA AL POR MAYOR DE BANANO Y PLÁTANO.,comercio_mayorista,FALSE,LOS RIOS,2,805,803.9,1.1000000000000227,5,0,3.9,2024
353349,ECOBIONIX S.A.S.,G4620,G4620.19 - VENTA AL POR MAYOR DE OTRAS MATERIAS PRIMAS AGROPECUARIAS.,comercio_mayorista,FALSE,PICHINCHA,2,803.81,783.51,20.299999999999955,4260.34,735.79,730.79,2024
745159,HERBELA S.A.,A0127,A0127.02 - CULTIVO DE CACAO.,cultivo_fruticola,FALSE,LOS RIOS,2,803.1,803.1,0,15.42,0,0,2024
128563,DECIRSA S.A.,G4630,G4630.99 - VENTA AL POR MAYOR DE OTROS PRODUCTOS COMESTIBLES (ENLATADOS Y CONSERVAS).,comercio_mayorista,FALSE,GUAYAS,4,802.86,802.86,0,42,0,0,2024
346313,AORPET-MARKET S.A.S.,G4620,G4620.19 - VENTA AL POR MAYOR DE OTRAS MATERIAS PRIMAS AGROPECUARIAS.,comercio_mayorista,FALSE,GUAYAS,3,802.65,802.65,0,66.5,2.65,2.65,2024
326439,FRUITSOCEAN EXPORT S.A.,G4630,"G4630.12 - VENTA AL POR MAYOR DE FRUTAS, LEGUMBRES Y HORTALIZAS.",comercio_mayorista,FALSE,GUAYAS,2,800.29,800.23,0.05999999999994543,0.52,0.29,0.23,2024
303249,ASESORIA Y AGRICOLA ECOMANGOS SERVICIOS Y MANGOS S.A.,A0122,A0122.02 - CULTIVO DE MANGOS.,cultivo_fruticola,FALSE,GUAYAS,4,800,800,0,90,0,0,2024
317965,AQUA CELA S.A.,G4630,"G4630.94 - VENTA AL POR MAYOR DE BEBIDAS NO ALCOHÓLICAS (JUGOS, GASEOSAS, AGUA MINERAL, ETCÉTERA).",comercio_mayorista,FALSE,GUAYAS,1,800,800,0,702.5,0,3.02,2024
320154,EXPORTADORA DE FRUTA RIUSCITO FRUIT S.A.,G4630,G4630.11 - VENTA AL POR MAYOR DE BANANO Y PLÁTANO.,comercio_mayorista,FALSE,GUAYAS,4,800,800,0,260613.83,0,0,2024
322500,PALADINEXPORT S.A.,C1030,"C1030.14 - FABRICACIÓN DE PRODUCTOS ALIMENTICIOS A PARTIR DE (UN SOLO COMPONENTE) FRUTAS, LEGUMBRES Y HORTALIZAS; INCLUSO SNACKS DE PLÁTANO (CHIFLES), YUCA, FRUTAS, ETCÉTERA, EXCEPTO PAPA.",procesamiento,FALSE,MANABI,5,800,800,0,1,0,0,2024
322783,EXPORTADORA LUCKY FRUITS LUFREX S.A.,G4630,G4630.11 - VENTA AL POR MAYOR DE BANANO Y PLÁTANO.,comercio_mayorista,FALSE,EL ORO,3,800,800,0,40,0,0,2024
323983,RESUFRUIT S.A.,G4630,"G4630.12 - VENTA AL POR MAYOR DE FRUTAS, LEGUMBRES Y HORTALIZAS.",comercio_mayorista,FALSE,GUAYAS,4,800,800,0,0.09,0,0,2024
328565,BURMUG S.A.S.,G4620,G4620.19 - VENTA AL POR MAYOR DE OTRAS MATERIAS PRIMAS AGROPECUARIAS.,comercio_mayorista,FALSE,CHIMBORAZO,4,800,800,0,3865.83,0,0,2024
332711,CAFREZU S.A.S. B.I.C.,A0122,A0122.01 - CULTIVO DE BANANOS Y PLÁTANOS.,cultivo_fruticola,FALSE,COTOPAXI,2,800,-30397.91,31197.91,46980.27,-31197.91,-31197.91,2024
334408,ALIMENTOS BICENTENARIO DEL ECUADOR ECUABICEN S.A.,G4630,G4630.91 - VENTA AL POR MAYOR DE ARROZ.,comercio_mayorista,FALSE,GUAYAS,3,800,-2248.02,3048.02,1,0,0,2024
344555,RANCHOPIERY S.A.,G4630,G4630.11 - VENTA AL POR MAYOR DE BANANO Y PLÁTANO.,comercio_mayorista,FALSE,GUAYAS,4,800,800,0,78778.43,0,0,2024
346345,PIQUINOS C.A.,C1030,"C1030.14 - FABRICACIÓN DE PRODUCTOS ALIMENTICIOS A PARTIR DE (UN SOLO COMPONENTE) FRUTAS, LEGUMBRES Y HORTALIZAS; INCLUSO SNACKS DE PLÁTANO (CHIFLES), YUCA, FRUTAS, ETCÉTERA, EXCEPTO PAPA.",procesamiento,FALSE,MANABI,2,800,800,0,800,0,0,2024
357259,JAZKARL FRUITS IMPORT & EXPORT S.A.S.,G4630,G4630.11 - VENTA AL POR MAYOR DE BANANO Y PLÁTANO.,comercio_mayorista,FALSE,GUAYAS,1,800,-10416.81,11216.81,9733.86,-11216.81,-11216.81,2024
357913,CORPORACION EXPORTADORA COTOPAXI CORPCO S.A.S.,G4620,G4620.15 - VENTA AL POR MAYOR DE FLORES Y PLANTAS.,comercio_mayorista,FALSE,COTOPAXI,4,800,800,0,60,0,0,2024
358549,AGRICMAX S.A.S.,A0127,A0127.02 - CULTIVO DE CACAO.,cultivo_fruticola,FALSE,GUAYAS,4,800,800,0,380,0,0,2024
361414,YORLENY-YAMILETH-BAQUERO-GALLEGOS S.A.S.,G4630,G4630.91 - VENTA AL POR MAYOR DE ARROZ.,comercio_mayorista,FALSE,GUAYAS,1,800,800,0,100,0,0,2024
702531,ZAZAGUAYUSA S.A.,C1030,"C1030.11 - ELABORACIÓN DE ALIMENTOS COMPUESTOS (MEZCLA) PRINCIPALMENTE DE FRUTAS LEGUMBRES U HORTALIZAS, EXCEPTO PLATOS PREPARADOS EN FORMA CONGELADA O ENLATADA LISTOS PARA CONSUMIR.",procesamiento,FALSE,NAPO,4,800,800,0,6154.97,0,0,2024
713991,EXPORFRUTAMOS S.A.,A0122,"A0122.09 - OTROS CULTIVOS DE FRUTAS TROPICALES Y SUBTROPICALES: PAPAYAS, BABACOS, CHAMBUROS, AGUACATES, HIGOS, ARAZÁ, GUAYABAS, GUANÁBANA, GUABA, CHIRIMOYA, NARANJILLAS, ZAPOTES, BOROJÓ, TAMARINDO, GRANADILLAS, DÁTILES, ETCÉTERA.",cultivo_fruticola,TRUE,GUAYAS,1,800,800,0,63725,0,0,2024
717038,PACIFICBAN S.A.,A0122,A0122.01 - CULTIVO DE BANANOS Y PLÁTANOS.,cultivo_fruticola,FALSE,GUAYAS,4,800,800,0,50,0,0,2024
720939,NATURAL BUTTON ECUADOR NATBUTEC C.A.,G4620,G4620.19 - VENTA AL POR MAYOR DE OTRAS MATERIAS PRIMAS AGROPECUARIAS.,comercio_mayorista,FALSE,MANABI,4,800,800,0,50,42.5,31.87,2024
726423,BEYOUTIFUL & HEALTH S.A.,G4630,"G4630.12 - VENTA AL POR MAYOR DE FRUTAS, LEGUMBRES Y HORTALIZAS.",comercio_mayorista,FALSE,NAPO,4,800,800,0,1,0,0,2024
726826,FRUITSILVER S.A.,G4630,G4630.11 - VENTA AL POR MAYOR DE BANANO Y PLÁTANO.,comercio_mayorista,FALSE,EL ORO,3,800,800,0,294.05,0,0,2024
739328,SOUTHBANANAS S.A.,G4630,G4630.11 - VENTA AL POR MAYOR DE BANANO Y PLÁTANO.,comercio_mayorista,FALSE,GUAYAS,2,800,800,0,0.01,0,0,2024
739964,"PRODUCTORA, COMERCIALIZADORA & DISTRIBUIDORA ZAKA S.A.",G4620,G4620.11 - VENTA AL POR MAYOR DE CEREALES (GRANOS) Y SEMILLAS.,comercio_mayorista,FALSE,LOJA,4,800,800,0,800,0,0,2024
742202,QUALITYBAN S.A.,G4630,G4630.11 - VENTA AL POR MAYOR DE BANANO Y PLÁTANO.,comercio_mayorista,FALSE,GUAYAS,4,800,800,0,305,0,0,2024
746201,TACAO CHOCOLATE TAPIATAMAYO S.A.,G4630,"G4630.92 - VENTA AL POR MAYOR DE AZÚCAR, CHOCOLATE Y PRODUCTOS DE CONFITERÍA.",comercio_mayorista,FALSE,LOS RIOS,4,800,800,0,6370,0,0,2024
752204,WESSBLEND S.A.S.,G4630,G4630.11 - VENTA AL POR MAYOR DE BANANO Y PLÁTANO.,comercio_mayorista,FALSE,GUAYAS,3,800,800,0,8000,0,0,2024
752560,ANGELBAN S.A.,A0122,A0122.01 - CULTIVO DE BANANOS Y PLÁTANOS.,cultivo_fruticola,FALSE,GUAYAS,2,800,352.88,447.12,9.64,-420.36,-420.36,2024
757310,GREENBANEXPORT S.A.,G4630,G4630.11 - VENTA AL POR MAYOR DE BANANO Y PLÁTANO.,comercio_mayorista,FALSE,EL ORO,3,800,800,0,82,0,0,2024
725528,COPROCEAL S.A.,C1073,"C1073.21 - ELABORACIÓN DE PRODUCTOS DE CONFITERÍA: CARAMELOS, TURRÓN, GRAGEAS Y PASTILLAS DE CONFITERÍA, GOMA DE MASCAR (CHICLES), CONFITES BLANDOS, CONFITERÍA A BASE DE CHOCOLATE Y CHOCOLATE BLANCO, ETCÉTERA.",procesamiento,FALSE,GUAYAS,4,799.29,798.96,0.32999999999992724,1.5,1.69,1.05,2024
350359,ALKAKAO S.A.S.,G4630,"G4630.92 - VENTA AL POR MAYOR DE AZÚCAR, CHOCOLATE Y PRODUCTOS DE CONFITERÍA.",comercio_mayorista,FALSE,GUAYAS,1,797.25,551.94,245.30999999999995,36031,747.25,526.94,2024
724752,PRODULOE RMR CIA.LTDA.,G4620,G4620.15 - VENTA AL POR MAYOR DE FLORES Y PLANTAS.,comercio_mayorista,FALSE,PICHINCHA,3,794.93,794.93,0,2230.98,0,0,2024
314601,DISTRIBUCIONES MARISCO SUR DISMARSUR S.A.,G4630,"G4630.33 - VENTA AL POR MAYOR DE PESCADO, CRUSTÁCEOS, MOLUSCOS Y PRODUCTOS DE LA PESCA.",comercio_mayorista,FALSE,GUAYAS,2,790.63,790.63,0,1,0,0,2024
330165,HOMONOVUS S.A.S.,C1030,"C1030.14 - FABRICACIÓN DE PRODUCTOS ALIMENTICIOS A PARTIR DE (UN SOLO COMPONENTE) FRUTAS, LEGUMBRES Y HORTALIZAS; INCLUSO SNACKS DE PLÁTANO (CHIFLES), YUCA, FRUTAS, ETCÉTERA, EXCEPTO PAPA.",procesamiento,FALSE,GUAYAS,1,788.5,100,688.5,690,0,0,2024
319120,CAVAPAZENNASCORP CIA.LTDA.,G4630,"G4630.33 - VENTA AL POR MAYOR DE PESCADO, CRUSTÁCEOS, MOLUSCOS Y PRODUCTOS DE LA PESCA.",comercio_mayorista,FALSE,PICHINCHA,5,780,421.28,358.72,30,0,0,2024
749944,JHOFRAMAR S.A.,G4630,"G4630.33 - VENTA AL POR MAYOR DE PESCADO, CRUSTÁCEOS, MOLUSCOS Y PRODUCTOS DE LA PESCA.",comercio_mayorista,FALSE,GUAYAS,4,779.51,779.51,0,60,60,60,2024
166677,ALTAMIRANO WORLD TRADER S.A. ALTAMIRWORLD,G4630,G4630.99 - VENTA AL POR MAYOR DE OTROS PRODUCTOS COMESTIBLES (ENLATADOS Y CONSERVAS).,comercio_mayorista,FALSE,MANABI,4,772.47,288.75,483.72,15872.51,0,235.2,2024
738094,FRIPA S.A.S.,A0122,"A0122.09 - OTROS CULTIVOS DE FRUTAS TROPICALES Y SUBTROPICALES: PAPAYAS, BABACOS, CHAMBUROS, AGUACATES, HIGOS, ARAZÁ, GUAYABAS, GUANÁBANA, GUABA, CHIRIMOYA, NARANJILLAS, ZAPOTES, BOROJÓ, TAMARINDO, GRANADILLAS, DÁTILES, ETCÉTERA.",cultivo_fruticola,TRUE,PICHINCHA,4,770.53,770.53,0,77,0,-29.47,2024
352435,COSTAFISH S.A.S.,G4630,"G4630.33 - VENTA AL POR MAYOR DE PESCADO, CRUSTÁCEOS, MOLUSCOS Y PRODUCTOS DE LA PESCA.",comercio_mayorista,FALSE,MANABI,4,676.53,246.53,430,9036.98,38.17,38.17,2024
741994,BEBIDAS ESTRUCTURADAS BEBISTRUC S.A.S.,G4630,"G4630.94 - VENTA AL POR MAYOR DE BEBIDAS NO ALCOHÓLICAS (JUGOS, GASEOSAS, AGUA MINERAL, ETCÉTERA).",comercio_mayorista,FALSE,GUAYAS,2,675.82,-2839.53,3515.3500000000004,420,0,-3839.53,2024
739811,DISTRIBUIDORA GALARZA ''DISTRIGALARZA'' CIA.LTDA.,G4630,"G4630.92 - VENTA AL POR MAYOR DE AZÚCAR, CHOCOLATE Y PRODUCTOS DE CONFITERÍA.",comercio_mayorista,FALSE,EL ORO,4,669.2,669.2,0,323063.72,334.6,334.6,2024
740186,MACRO STORE MACROSTORE S.A.S.,G4630,"G4630.95 - VENTA AL POR MAYOR DE BEBIDAS ALCOHÓLICAS, INCLUSO EL ENVASADO DE VINO A GRANEL SIN TRANSFORMACIÓN.",comercio_mayorista,FALSE,GUAYAS,2,654.21,628.95,25.25999999999999,300,63.71,63.71,2024
341327,EXPORTPITAREY S.A.S.,A0125,"A0125.09 - OTROS CULTIVOS DE FRUTOS DE ÁRBOLES Y ARBUSTOS: PITAHAYA, TUNA, ALGARROBA, TAXOS, ETCÉTERA.",cultivo_fruticola,TRUE,MANABI,4,649.36,649.36,0,43936.18,-348.3,-348.3,2024
366601,INDUSTRIA ALIMENTICIA AGROAVICOLA - ERAM S.A.S.,A0127,A0127.02 - CULTIVO DE CACAO.,cultivo_fruticola,FALSE,GUAYAS,2,640.15,521.32,118.82999999999993,4145.91,540.15,421.32,2024
320805,DISTCOCOA S.A.S.,G4630,"G4630.14 - VENTA AL POR MAYOR DE CAFÉ, CACAO, TE Y ESPECIAS.",comercio_mayorista,FALSE,GUAYAS,4,637.2,430.1,207.10000000000002,187486.34,320.1,320.1,2024
366307,GRANO TRADICIONAL CAFÉ-MAELI CIA.LTDA.,G4630,"G4630.14 - VENTA AL POR MAYOR DE CAFÉ, CACAO, TE Y ESPECIAS.",comercio_mayorista,FALSE,LOJA,4,636.69,636.69,0,835.2,236.69,236.69,2024
316108,AGROGEOMAR ECUADOR C.L.,G4630,"G4630.94 - VENTA AL POR MAYOR DE BEBIDAS NO ALCOHÓLICAS (JUGOS, GASEOSAS, AGUA MINERAL, ETCÉTERA).",comercio_mayorista,FALSE,PICHINCHA,4,633.45,-4738.21,5371.66,272.14,-538.02,-538.02,2024
739607,ASOCIACIÓN DE PRODUCCIÓN AGROECOLÓGICA ILLARIÑAN S.A.,C1030,"C1030.12 - CONSERVACIÓN DE FRUTAS, PULPA DE FRUTAS, LEGUMBRES Y HORTALIZAS MEDIANTE EL CONGELADO, SECADO, DESHIDRATADO, INMERSIÓN EN ACEITE O VINAGRE, ENLATADO, ETCÉTERA.",procesamiento,FALSE,PICHINCHA,1,628.69,628.69,0,178.74,89.32,69.67,2024
734975,COMPAÑIA INDUSTRIA PUEMBEÑA ECUATORIANA DE SNACK ALIMENTICIAS CIPESALI S.A.,G4630,"G4630.12 - VENTA AL POR MAYOR DE FRUTAS, LEGUMBRES Y HORTALIZAS.",comercio_mayorista,FALSE,PICHINCHA,2,622.27,-10792.43,11414.7,1949.1,-11914.03,-11914.03,2024
346316,MIDCA S.A.S.,C1030,"C1030.12 - CONSERVACIÓN DE FRUTAS, PULPA DE FRUTAS, LEGUMBRES Y HORTALIZAS MEDIANTE EL CONGELADO, SECADO, DESHIDRATADO, INMERSIÓN EN ACEITE O VINAGRE, ENLATADO, ETCÉTERA.",procesamiento,FALSE,PICHINCHA,4,595.85,595.62,0.2300000000000182,15,0,0.83,2024
324987,DRAGON COMPANY DGC S.A.S.,G4630,"G4630.12 - VENTA AL POR MAYOR DE FRUTAS, LEGUMBRES Y HORTALIZAS.",comercio_mayorista,FALSE,COTOPAXI,4,590.41,576.73,13.67999999999995,62.2,0,48.52,2024
362327,COMPAÑIA AGROINDUSTRIAL RIO PERIPA COMARIPER S.A.S.,C1030,"C1030.14 - FABRICACIÓN DE PRODUCTOS ALIMENTICIOS A PARTIR DE (UN SOLO COMPONENTE) FRUTAS, LEGUMBRES Y HORTALIZAS; INCLUSO SNACKS DE PLÁTANO (CHIFLES), YUCA, FRUTAS, ETCÉTERA, EXCEPTO PAPA.",procesamiento,FALSE,SANTO DOMINGO DE LOS TSACHILAS,4,581.57,581.57,0,2081.57,81.57,81.57,2024
752658,DELINTAG S.A.S.,G4630,"G4630.12 - VENTA AL POR MAYOR DE FRUTAS, LEGUMBRES Y HORTALIZAS.",comercio_mayorista,FALSE,PICHINCHA,4,572.71,258.13,314.58000000000004,12839.05,58.13,58.13,2024
338953,TORCAFE S.A.S.,G4630,"G4630.14 - VENTA AL POR MAYOR DE CAFÉ, CACAO, TE Y ESPECIAS.",comercio_mayorista,FALSE,GUAYAS,6,566,566,0,66,0,0,2024
351514,SALMA ALIMENTOS S.A.S.,G4630,G4630.31 - VENTA AL POR MAYOR DE CARNE Y PRODUCTOS CÁRNICOS (INCLUIDAS LAS AVES DE CORRAL).,comercio_mayorista,FALSE,CHIMBORAZO,3,557.9,-101445.36,102003.26,3433.55,-126024.05,-126024.05,2024
741815,TROPICALS PLANTS CIA.LTDA.,G4620,G4620.15 - VENTA AL POR MAYOR DE FLORES Y PLANTAS.,comercio_mayorista,FALSE,ZAMORA CHINCHIPE,2,553.01,541.35,11.659999999999968,677.25,53.01,41.35,2024
361925,DEL ZAR CAFE DEZARFE S.A.S.,G4630,"G4630.14 - VENTA AL POR MAYOR DE CAFÉ, CACAO, TE Y ESPECIAS.",comercio_mayorista,FALSE,GUAYAS,6,550,550,0,50,0,0,2024
735542,ELPINAR S.A.S.,G4630,G4630.99 - VENTA AL POR MAYOR DE OTROS PRODUCTOS COMESTIBLES (ENLATADOS Y CONSERVAS).,comercio_mayorista,FALSE,PICHINCHA,2,549,485.27,63.73000000000002,500,151.3,66.3,2024
756151,MAMBA NATUORGANIC S.A.S.,G4630,G4630.93 - VENTA AL POR MAYOR DE PRODUCTOS DE PANADERÍA Y REPOSTERÍA.,comercio_mayorista,FALSE,GUAYAS,3,523.74,80,443.74,70,0,-20,2024
363252,PROVEEDORA DE CARNES Y AVES - PROVOCA S.A.S.,G4630,G4630.31 - VENTA AL POR MAYOR DE CARNE Y PRODUCTOS CÁRNICOS (INCLUIDAS LAS AVES DE CORRAL).,comercio_mayorista,FALSE,GUAYAS,4,522.84,517.82,5.019999999999982,310,22.84,17.82,2024
737093,INNOVAPESCA CIA.LTDA.,G4630,"G4630.33 - VENTA AL POR MAYOR DE PESCADO, CRUSTÁCEOS, MOLUSCOS Y PRODUCTOS DE LA PESCA.",comercio_mayorista,FALSE,GALAPAGOS,5,521.24,-19511.91,20033.15,130,0,-1491.04,2024
319418,BIOFÁBRICA MONTUBIA BIOMONT S.A.S.,G4620,G4620.15 - VENTA AL POR MAYOR DE FLORES Y PLANTAS.,comercio_mayorista,FALSE,EL ORO,2,514.36,514.36,0,312.75,114.36,114.36,2024
330294,SERVISTAR S.A.S.,G4630,"G4630.94 - VENTA AL POR MAYOR DE BEBIDAS NO ALCOHÓLICAS (JUGOS, GASEOSAS, AGUA MINERAL, ETCÉTERA).",comercio_mayorista,FALSE,GUAYAS,2,512.91,506.88,6.029999999999973,12887.43,-264.9,-264.9,2024
346212,ROSAGUA S.A.S.,G4620,G4620.12 - VENTA AL POR MAYOR DE FRUTOS Y SEMILLAS OLEAGINOSAS.,comercio_mayorista,FALSE,MANABI,2,510,508.5,1.5,10,8.5,8.5,2024
753674,INKACAO S.A.S.,C1073,C1073.12 - ELABORACIÓN DE CHOCOLATE Y PRODUCTOS DE CHOCOLATE.,procesamiento,FALSE,COTOPAXI,5,505.79,179.31,326.48,7532.52,104.79,79.31,2024
740986,CARPO ECUADORIAN FRUITS S.A.S.,G4630,"G4630.12 - VENTA AL POR MAYOR DE FRUTAS, LEGUMBRES Y HORTALIZAS.",comercio_mayorista,FALSE,PICHINCHA,2,500.02,500.02,0,0.01,0.01,0.01,2024
337912,ALPHA-COMPANY S.A.S.,G4630,"G4630.94 - VENTA AL POR MAYOR DE BEBIDAS NO ALCOHÓLICAS (JUGOS, GASEOSAS, AGUA MINERAL, ETCÉTERA).",comercio_mayorista,FALSE,GUAYAS,4,500,500,0,4017.6,0,0,2024
362242,IMPORTACIONES-ECUADOR S.A.S.,G4630,G4630.99 - VENTA AL POR MAYOR DE OTROS PRODUCTOS COMESTIBLES (ENLATADOS Y CONSERVAS).,comercio_mayorista,FALSE,PICHINCHA,2,500,500,0,90,0,0,2024
362476,AV LUTONTOWN S.A.S.,G4620,G4620.15 - VENTA AL POR MAYOR DE FLORES Y PLANTAS.,comercio_mayorista,FALSE,GUAYAS,2,500,500,0,0.01,0,0,2024
362567,LIVEWATER CIA.LTDA.,G4630,"G4630.94 - VENTA AL POR MAYOR DE BEBIDAS NO ALCOHÓLICAS (JUGOS, GASEOSAS, AGUA MINERAL, ETCÉTERA).",comercio_mayorista,FALSE,EL ORO,2,500,500,0,299.72,0,0,2024
366750,MILYBEBIDAS S.A.S.,G4630,"G4630.94 - VENTA AL POR MAYOR DE BEBIDAS NO ALCOHÓLICAS (JUGOS, GASEOSAS, AGUA MINERAL, ETCÉTERA).",comercio_mayorista,FALSE,EL ORO,6,500,500,0,2150.39,0,-17690.66,2024
371613,"MEGANEGOCIOS""SAN-VICENTE"" S.A.S.",G4630,G4630.91 - VENTA AL POR MAYOR DE ARROZ.,comercio_mayorista,FALSE,EL ORO,4,500,400,100,300,0,0,2024
743512,PANGUIPITA SOCIEDAD POR ACCIONES SIMPLIFICADA,A0125,"A0125.09 - OTROS CULTIVOS DE FRUTOS DE ÁRBOLES Y ARBUSTOS: PITAHAYA, TUNA, ALGARROBA, TAXOS, ETCÉTERA.",cultivo_fruticola,TRUE,ZAMORA CHINCHIPE,1,500,500,0,289.28,0,0,2024
752836,BIOCLEANMATICEC S.A.S.,G4620,G4620.15 - VENTA AL POR MAYOR DE FLORES Y PLANTAS.,comercio_mayorista,FALSE,PICHINCHA,4,500,500,0,8304.02,0,0,2024
366383,PRODUC-SHRIMP S.A.S.,G4630,"G4630.33 - VENTA AL POR MAYOR DE PESCADO, CRUSTÁCEOS, MOLUSCOS Y PRODUCTOS DE LA PESCA.",comercio_mayorista,FALSE,MANABI,2,480,480,0,280,280,280,2024
361427,FOODLOSOPHIA S.A.S.,G4630,G4630.31 - VENTA AL POR MAYOR DE CARNE Y PRODUCTOS CÁRNICOS (INCLUIDAS LAS AVES DE CORRAL).,comercio_mayorista,FALSE,PICHINCHA,2,468.87,445.92,22.94999999999999,10427.1,58.87,45.92,2024
367784,ECUADISFRUTA S.A.S.,G4630,"G4630.12 - VENTA AL POR MAYOR DE FRUTAS, LEGUMBRES Y HORTALIZAS.",comercio_mayorista,FALSE,PICHINCHA,4,467.08,-438.85,905.9300000000001,340,-488.85,-488.85,2024
360186,NOVAGRINGROUP S.A.S.,A0122,"A0122.09 - OTROS CULTIVOS DE FRUTAS TROPICALES Y SUBTROPICALES: PAPAYAS, BABACOS, CHAMBUROS, AGUACATES, HIGOS, ARAZÁ, GUAYABAS, GUANÁBANA, GUABA, CHIRIMOYA, NARANJILLAS, ZAPOTES, BOROJÓ, TAMARINDO, GRANADILLAS, DÁTILES, ETCÉTERA.",cultivo_fruticola,TRUE,MORONA SANTIAGO,4,466.64,385.98,80.65999999999997,1975.99,366.64,285.98,2024
366378,PAF (PETS ARE FAMILY) S.A.S.,G4620,"G4620.14 - VENTA AL POR MAYOR DE DESECHOS, RESIDUOS Y PRODUCTOS DERIVADOS USADOS PARA ALIMENTAR ANIMALES (FORRAJE), INCLUYE MATERIAS PRIMAS AGRARIAS.",comercio_mayorista,FALSE,PICHINCHA,3,460.34,436.52,23.819999999999993,188.48,0,0,2024
333817,CONSAVI CIA.LTDA.,A0122,A0122.04 - CULTIVO DE PIÑAS.,cultivo_fruticola,FALSE,IMBABURA,3,442.94,400,42.94,30000,0,0,2024
358968,VIDA VERDE SUSTENTABLE Y SOSTENIBLE VIVESS S.A.S. B.I.C.,A0125,"A0125.09 - OTROS CULTIVOS DE FRUTOS DE ÁRBOLES Y ARBUSTOS: PITAHAYA, TUNA, ALGARROBA, TAXOS, ETCÉTERA.",cultivo_fruticola,TRUE,IMBABURA,4,428.26,428.26,0,50,28.26,28.26,2024
363488,"CORPORACIÓN ARBOLEDA ""CACAO&BANANA"" S.A.S.",C1073,"C1073.21 - ELABORACIÓN DE PRODUCTOS DE CONFITERÍA: CARAMELOS, TURRÓN, GRAGEAS Y PASTILLAS DE CONFITERÍA, GOMA DE MASCAR (CHICLES), CONFITES BLANDOS, CONFITERÍA A BASE DE CHOCOLATE Y CHOCOLATE BLANCO, ETCÉTERA.",procesamiento,FALSE,COTOPAXI,4,424.74,419.3,5.439999999999998,7555.98,24.74,19.3,2024
362800,IMPORTADORA SADEA S.A.S.,G4630,"G4630.92 - VENTA AL POR MAYOR DE AZÚCAR, CHOCOLATE Y PRODUCTOS DE CONFITERÍA.",comercio_mayorista,FALSE,PICHINCHA,4,422,422,0,22,0,22,2024
740419,MMAUTOAGROP CIA.LTDA.,A0122,"A0122.09 - OTROS CULTIVOS DE FRUTAS TROPICALES Y SUBTROPICALES: PAPAYAS, BABACOS, CHAMBUROS, AGUACATES, HIGOS, ARAZÁ, GUAYABAS, GUANÁBANA, GUABA, CHIRIMOYA, NARANJILLAS, ZAPOTES, BOROJÓ, TAMARINDO, GRANADILLAS, DÁTILES, ETCÉTERA.",cultivo_fruticola,TRUE,GUAYAS,2,414.29,411.15,3.140000000000043,14.29,25.44,11.15,2024
352148,ECUADOREPIC CIA.LTDA.,A0122,"A0122.09 - OTROS CULTIVOS DE FRUTAS TROPICALES Y SUBTROPICALES: PAPAYAS, BABACOS, CHAMBUROS, AGUACATES, HIGOS, ARAZÁ, GUAYABAS, GUANÁBANA, GUABA, CHIRIMOYA, NARANJILLAS, ZAPOTES, BOROJÓ, TAMARINDO, GRANADILLAS, DÁTILES, ETCÉTERA.",cultivo_fruticola,TRUE,PICHINCHA,2,410.74,409.42,1.3199999999999932,6,0,4.68,2024
314168,AGROPECUARIA COMERCIAL NUEVOISRAEL S.A.,A0122,A0122.01 - CULTIVO DE BANANOS Y PLÁTANOS.,cultivo_fruticola,FALSE,SANTO DOMINGO DE LOS TSACHILAS,4,406.18,405.72,0.45999999999997954,2.07,2.07,1.61,2024
154176,PRHEKUBA S.A.,G4620,G4620.11 - VENTA AL POR MAYOR DE CEREALES (GRANOS) Y SEMILLAS.,comercio_mayorista,FALSE,PICHINCHA,4,400,400,0,4970.51,0,0,2024
310026,AGRICOLA MONTALVO MERA AGRICOLAM&M CIA.LTDA.,A0122,"A0122.09 - OTROS CULTIVOS DE FRUTAS TROPICALES Y SUBTROPICALES: PAPAYAS, BABACOS, CHAMBUROS, AGUACATES, HIGOS, ARAZÁ, GUAYABAS, GUANÁBANA, GUABA, CHIRIMOYA, NARANJILLAS, ZAPOTES, BOROJÓ, TAMARINDO, GRANADILLAS, DÁTILES, ETCÉTERA.",cultivo_fruticola,TRUE,MANABI,4,400,400,0,163566.21,0,0,2024
325027,AGRODRIGUEZ C.A.,A0127,A0127.02 - CULTIVO DE CACAO.,cultivo_fruticola,FALSE,MANABI,4,400,400,0,260,0,0,2024
325991,EQUAPRODUCE-FARM'S S.A.S.,G4630,"G4630.12 - VENTA AL POR MAYOR DE FRUTAS, LEGUMBRES Y HORTALIZAS.",comercio_mayorista,FALSE,MORONA SANTIAGO,1,400,400,0,1445814.32,0,0,2024
326107,GIMO COCOA STATION S.A.S.,C1073,C1073.12 - ELABORACIÓN DE CHOCOLATE Y PRODUCTOS DE CHOCOLATE.,procesamiento,FALSE,PICHINCHA,4,400,357.14,42.860000000000014,15182.52,0,-42.86,2024
330570,XASTACAR CIA.LTDA.,G4630,G4630.91 - VENTA AL POR MAYOR DE ARROZ.,comercio_mayorista,FALSE,GUAYAS,2,400,208.42,191.58,105,-191.58,-191.58,2024
370576,PRODUCCION DE MATERIALES PRODUFLOR S.A.S S.A.S.,G4620,G4620.19 - VENTA AL POR MAYOR DE OTRAS MATERIAS PRIMAS AGROPECUARIAS.,comercio_mayorista,FALSE,PICHINCHA,2,400,400,0,1,0,0,2024
749230,MAPESCA EXPORT S.A.S.,G4630,"G4630.33 - VENTA AL POR MAYOR DE PESCADO, CRUSTÁCEOS, MOLUSCOS Y PRODUCTOS DE LA PESCA.",comercio_mayorista,FALSE,MANABI,4,400,400,0,205141.3,0,0,2024
755683,ALIGOOD ECUADOR XPLH CIA.LTDA.,G4620,G4620.19 - VENTA AL POR MAYOR DE OTRAS MATERIAS PRIMAS AGROPECUARIAS.,comercio_mayorista,FALSE,PICHINCHA,3,400,-333.88,733.88,19522.75,-733.88,-733.88,2024
755821,HELADERÍA RED BERRY S.A.S.,C1030,"C1030.11 - ELABORACIÓN DE ALIMENTOS COMPUESTOS (MEZCLA) PRINCIPALMENTE DE FRUTAS LEGUMBRES U HORTALIZAS, EXCEPTO PLATOS PREPARADOS EN FORMA CONGELADA O ENLATADA LISTOS PARA CONSUMIR.",procesamiento,FALSE,MANABI,4,400,400,0,13951.66,-2634.39,-2634.39,2024
757123,INDUFANNYSNACKS CIA.LTDA.,C1030,C1030.23 - ELABORACIÓN DE PAPAS FRITAS Y SNACKS DE PAPAS.,procesamiento,FALSE,TUNGURAHUA,4,400,400,0,1,0,0,2024
744610,ETERNALGARDEN S.A.S.,G4620,G4620.15 - VENTA AL POR MAYOR DE FLORES Y PLANTAS.,comercio_mayorista,FALSE,PICHINCHA,2,395,395,0,10,0,0,2024
345869,COASTAL FISHING S.A.S.,G4630,"G4630.33 - VENTA AL POR MAYOR DE PESCADO, CRUSTÁCEOS, MOLUSCOS Y PRODUCTOS DE LA PESCA.",comercio_mayorista,FALSE,EL ORO,1,356.67,-10661,11017.67,4410.51,-21580.34,-21580.34,2024
347411,INDUSTRIA AGRICOLA PAPEKI S.A.S.,A0122,A0122.02 - CULTIVO DE MANGOS.,cultivo_fruticola,FALSE,GUAYAS,4,339.58,339.58,0,21398.84,-11673.61,-11673.61,2024
747255,MARALVASA S.A.S.,G4630,G4630.32 - VENTA AL POR MAYOR DE CAMARÓN Y LANGOSTINOS.,comercio_mayorista,FALSE,GUAYAS,1,328.75,328.75,0,313.25,0,278.75,2024
338511,IMPOEX GLOBAL TRADE S.A.S.,G4630,"G4630.12 - VENTA AL POR MAYOR DE FRUTAS, LEGUMBRES Y HORTALIZAS.",comercio_mayorista,FALSE,PICHINCHA,3,305.63,-657.73,963.36,0.01,0,-110.99,2024
336587,WARO ENTERPRISES S.A.S.,G4630,"G4630.95 - VENTA AL POR MAYOR DE BEBIDAS ALCOHÓLICAS, INCLUSO EL ENVASADO DE VINO A GRANEL SIN TRANSFORMACIÓN.",comercio_mayorista,FALSE,PICHINCHA,4,300,300,0,6211.87,0,0,2024
370379,PRINFRESA S.A.S.,A0125,"A0125.01 - CULTIVO DE BAYAS GROSELLAS, GROSELLAS ESPINOSAS, KIWIS, FRAMBUESAS, FRESAS (FRUTILLAS), MORAS, MORTIÑOS (ARÁNDANOS), UVILLA Y OTRAS BAYAS.",cultivo_fruticola,TRUE,CHIMBORAZO,1,300,-69.04,369.04,17120,0,0,2024
738922,ESTACION65 S.A.S.,G4630,"G4630.92 - VENTA AL POR MAYOR DE AZÚCAR, CHOCOLATE Y PRODUCTOS DE CONFITERÍA.",comercio_mayorista,FALSE,LOJA,2,296.71,261.71,35,10305.62,104.69,69.69,2024
366801,SNACKYSECU S.A.S.,C1030,"C1030.14 - FABRICACIÓN DE PRODUCTOS ALIMENTICIOS A PARTIR DE (UN SOLO COMPONENTE) FRUTAS, LEGUMBRES Y HORTALIZAS; INCLUSO SNACKS DE PLÁTANO (CHIFLES), YUCA, FRUTAS, ETCÉTERA, EXCEPTO PAPA.",procesamiento,FALSE,GUAYAS,1,295,295,0,20,-5,-5,2024
342901,ALISS INTERNACIONAL S.A.S.,C1030,"C1030.12 - CONSERVACIÓN DE FRUTAS, PULPA DE FRUTAS, LEGUMBRES Y HORTALIZAS MEDIANTE EL CONGELADO, SECADO, DESHIDRATADO, INMERSIÓN EN ACEITE O VINAGRE, ENLATADO, ETCÉTERA.",procesamiento,FALSE,PICHINCHA,1,294.43,237.6,56.83000000000001,524.7,258.34,201.51,2024
141635,DISALDAZLOPEZ CIA LTDA.,G4630,G4630.91 - VENTA AL POR MAYOR DE ARROZ.,comercio_mayorista,FALSE,CHIMBORAZO,4,270.53,100,170.52999999999997,10975.45,0,0,2024
369713,ARISAFRUIT S.A.S.,G4630,G4630.11 - VENTA AL POR MAYOR DE BANANO Y PLÁTANO.,comercio_mayorista,FALSE,GUAYAS,4,260,107.5,152.5,1000,10,7.5,2024
361891,ANTARTICO PRODUCTOS CONGELADOS S.A.S.,G4630,G4630.99 - VENTA AL POR MAYOR DE OTROS PRODUCTOS COMESTIBLES (ENLATADOS Y CONSERVAS).,comercio_mayorista,FALSE,PICHINCHA,2,255.16,153.16,102,155.36,53.16,53.16,2024
353050,SANTA PEZ S.A.S.,G4630,"G4630.33 - VENTA AL POR MAYOR DE PESCADO, CRUSTÁCEOS, MOLUSCOS Y PRODUCTOS DE LA PESCA.",comercio_mayorista,FALSE,SANTA ELENA,4,254.55,254.55,0,0.05,0,0,2024
738355,MEJEREZTRADING EC S.A.S.,A0122,"A0122.09 - OTROS CULTIVOS DE FRUTAS TROPICALES Y SUBTROPICALES: PAPAYAS, BABACOS, CHAMBUROS, AGUACATES, HIGOS, ARAZÁ, GUAYABAS, GUANÁBANA, GUABA, CHIRIMOYA, NARANJILLAS, ZAPOTES, BOROJÓ, TAMARINDO, GRANADILLAS, DÁTILES, ETCÉTERA.",cultivo_fruticola,TRUE,GUAYAS,4,251.15,251.15,0,0.11,0,0.11,2024
348557,EXPORFRUIT ERITOJOMO S.A.S.,G4630,G4630.11 - VENTA AL POR MAYOR DE BANANO Y PLÁTANO.,comercio_mayorista,FALSE,EL ORO,4,220.9,214.12,6.780000000000001,55,0,14.12,2024
352415,ANTONINI S.A.S.,G4630,G4630.11 - VENTA AL POR MAYOR DE BANANO Y PLÁTANO.,comercio_mayorista,FALSE,MANABI,4,219.45,219.45,0,282,9.45,9.45,2024
360296,FAVES S.A.S. B.I.C.,G4630,"G4630.14 - VENTA AL POR MAYOR DE CAFÉ, CACAO, TE Y ESPECIAS.",comercio_mayorista,FALSE,LOJA,4,204.7,204.7,0,5,-95.3,-95.3,2024
355030,CAMPARA EXOTIC FRUITS S.A.S.,G4630,"G4630.12 - VENTA AL POR MAYOR DE FRUTAS, LEGUMBRES Y HORTALIZAS.",comercio_mayorista,FALSE,PICHINCHA,2,200.1,200.08,0.01999999999998181,0.09,0.09,0.07,2024
322493,VITALBLUE BOTTLING COMPANY S.A.S.,G4630,"G4630.94 - VENTA AL POR MAYOR DE BEBIDAS NO ALCOHÓLICAS (JUGOS, GASEOSAS, AGUA MINERAL, ETCÉTERA).",comercio_mayorista,FALSE,PICHINCHA,4,200,-1401.18,1601.18,912.46,-1601.18,-1601.18,2024
361817,ZONAFISH S.A.S.,G4630,"G4630.33 - VENTA AL POR MAYOR DE PESCADO, CRUSTÁCEOS, MOLUSCOS Y PRODUCTOS DE LA PESCA.",comercio_mayorista,FALSE,PICHINCHA,2,200,200,0,10,0,0,2024
747808,ZURIZAM S.A.S.,C1030,"C1030.14 - FABRICACIÓN DE PRODUCTOS ALIMENTICIOS A PARTIR DE (UN SOLO COMPONENTE) FRUTAS, LEGUMBRES Y HORTALIZAS; INCLUSO SNACKS DE PLÁTANO (CHIFLES), YUCA, FRUTAS, ETCÉTERA, EXCEPTO PAPA.",procesamiento,FALSE,GUAYAS,2,200,200,0,70,0,0,2024
753481,BLOOMEN S.A.S.,G4620,G4620.15 - VENTA AL POR MAYOR DE FLORES Y PLANTAS.,comercio_mayorista,FALSE,PICHINCHA,2,200,200,0,0.12,0,0,2024
757081,AVPAYS S.A.S.,G4620,G4620.15 - VENTA AL POR MAYOR DE FLORES Y PLANTAS.,comercio_mayorista,FALSE,GUAYAS,1,200,2,198,1115.8,0,0,2024
753956,CAMPAGRO S.A.S.,A0122,"A0122.09 - OTROS CULTIVOS DE FRUTAS TROPICALES Y SUBTROPICALES: PAPAYAS, BABACOS, CHAMBUROS, AGUACATES, HIGOS, ARAZÁ, GUAYABAS, GUANÁBANA, GUABA, CHIRIMOYA, NARANJILLAS, ZAPOTES, BOROJÓ, TAMARINDO, GRANADILLAS, DÁTILES, ETCÉTERA.",cultivo_fruticola,TRUE,MANABI,4,195.1,195.1,0,50000.01,95.1,95.1,2024
352241,WEFOODS S.A.S.,G4630,"G4630.94 - VENTA AL POR MAYOR DE BEBIDAS NO ALCOHÓLICAS (JUGOS, GASEOSAS, AGUA MINERAL, ETCÉTERA).",comercio_mayorista,FALSE,GUAYAS,4,185.42,-278.33,463.75,381.07,-481.47,-481.47,2024
365193,AGROMORENITA S.A.S.,A0126,A0126.01 - CULTIVO DE PALMAS DE ACEITE (PALMA AFRICANA).,cultivo_fruticola,FALSE,ORELLANA,1,180.14,180.14,0,3032.01,110.46,80.14,2024
747261,INDUSTRIA ALIMENTICIA MONILIZ S.A.S.,C1030,"C1030.12 - CONSERVACIÓN DE FRUTAS, PULPA DE FRUTAS, LEGUMBRES Y HORTALIZAS MEDIANTE EL CONGELADO, SECADO, DESHIDRATADO, INMERSIÓN EN ACEITE O VINAGRE, ENLATADO, ETCÉTERA.",procesamiento,FALSE,TUNGURAHUA,4,178.29,167.98,10.310000000000002,2247.54,0,32.9,2024
353705,CEDVERCORP S.A.S.,G4630,"G4630.33 - VENTA AL POR MAYOR DE PESCADO, CRUSTÁCEOS, MOLUSCOS Y PRODUCTOS DE LA PESCA.",comercio_mayorista,FALSE,MANABI,4,171.94,160.05,11.889999999999986,23305,30.01,23.41,2024
343255,MINAVI COMPANY S.A.S.,C1073,C1073.12 - ELABORACIÓN DE CHOCOLATE Y PRODUCTOS DE CHOCOLATE.,procesamiento,FALSE,PICHINCHA,4,170.6,170.6,0,6.23,0,-343.77,2024
313667,ADELPHOS TORRES ADELPHOSTORRES S.A.,G4620,G4620.19 - VENTA AL POR MAYOR DE OTRAS MATERIAS PRIMAS AGROPECUARIAS.,comercio_mayorista,FALSE,EL ORO,5,166.08,166.08,0,2880,0,-647.92,2024
754700,AGRÍCOLA LOPEZZU S.A.S.,A0123,"A0123.02 - CULTIVO DE MANDARINAS, CLEMENTINAS Y TANGERINAS.",cultivo_fruticola,FALSE,IMBABURA,3,150,150,0,58922.55,0,0,2024
372387,ZYMAG SOCIEDAD POR ACCIONES SIMPLIFICADA,G4620,G4620.19 - VENTA AL POR MAYOR DE OTRAS MATERIAS PRIMAS AGROPECUARIAS.,comercio_mayorista,FALSE,GUAYAS,2,129.56,-35.46,165.02,10,0,-135.46,2024
366426,EXOTICALLEC S.A.S.,C1030,"C1030.12 - CONSERVACIÓN DE FRUTAS, PULPA DE FRUTAS, LEGUMBRES Y HORTALIZAS MEDIANTE EL CONGELADO, SECADO, DESHIDRATADO, INMERSIÓN EN ACEITE O VINAGRE, ENLATADO, ETCÉTERA.",procesamiento,FALSE,ESMERALDAS,3,128.76,-513.83,642.59,25,0,-613.83,2024
367579,AVOCAMPOS S.A.S.,A0122,"A0122.09 - OTROS CULTIVOS DE FRUTAS TROPICALES Y SUBTROPICALES: PAPAYAS, BABACOS, CHAMBUROS, AGUACATES, HIGOS, ARAZÁ, GUAYABAS, GUANÁBANA, GUABA, CHIRIMOYA, NARANJILLAS, ZAPOTES, BOROJÓ, TAMARINDO, GRANADILLAS, DÁTILES, ETCÉTERA.",cultivo_fruticola,TRUE,GUAYAS,4,125,125,0,375,0,25,2024
355567,DISTRIBUIDORA-ESTANCOS S.A.S.,G4630,"G4630.95 - VENTA AL POR MAYOR DE BEBIDAS ALCOHÓLICAS, INCLUSO EL ENVASADO DE VINO A GRANEL SIN TRANSFORMACIÓN.",comercio_mayorista,FALSE,PICHINCHA,3,114.18,-707.01,821.19,26.09,-226.01,-226.01,2024
355826,MIALH S.A.S.,G4630,"G4630.12 - VENTA AL POR MAYOR DE FRUTAS, LEGUMBRES Y HORTALIZAS.",comercio_mayorista,FALSE,SUCUMBIOS,2,111.23,110.38,0.8500000000000085,10.01,0,3.02,2024
369411,CORPORACIÓN EMMA S.A.S.,C1030,"C1030.14 - FABRICACIÓN DE PRODUCTOS ALIMENTICIOS A PARTIR DE (UN SOLO COMPONENTE) FRUTAS, LEGUMBRES Y HORTALIZAS; INCLUSO SNACKS DE PLÁTANO (CHIFLES), YUCA, FRUTAS, ETCÉTERA, EXCEPTO PAPA.",procesamiento,FALSE,GUAYAS,2,108.15,108.15,0,400,0,8.15,2024
352221,BANAICE S.A.S.,G4630,G4630.11 - VENTA AL POR MAYOR DE BANANO Y PLÁTANO.,comercio_mayorista,FALSE,SANTA ELENA,1,102.51,102.51,0,113.05,0,2.51,2024
368086,JCFRUTA EXPORT S.A.S.,G4630,"G4630.12 - VENTA AL POR MAYOR DE FRUTAS, LEGUMBRES Y HORTALIZAS.",comercio_mayorista,FALSE,PICHINCHA,5,101,101,0,5,1,1,2024
326398,ZEROLATITUDE S.A.S.,G4630,"G4630.14 - VENTA AL POR MAYOR DE CAFÉ, CACAO, TE Y ESPECIAS.",comercio_mayorista,FALSE,PICHINCHA,3,100,100,0,122.31,0,0,2024
328879,CASAMALENA MULTICOMERS S.A.S.,G4630,"G4630.95 - VENTA AL POR MAYOR DE BEBIDAS ALCOHÓLICAS, INCLUSO EL ENVASADO DE VINO A GRANEL SIN TRANSFORMACIÓN.",comercio_mayorista,FALSE,AZUAY,2,100,100,0,0.02,-708.84,0,2024
331128,IMPORDIS MUNDO PATITAS S.A.S.,G4630,G4630.97 - VENTA AL POR MAYOR DE ALIMENTO PARA MASCOTAS (ANIMALES DOMÉSTICOS).,comercio_mayorista,FALSE,PICHINCHA,5,100,-321122.03,321222.03,44012.89,-170041.79,-170041.79,2024
343226,MOALCORP S.A.S.,G4630,"G4630.33 - VENTA AL POR MAYOR DE PESCADO, CRUSTÁCEOS, MOLUSCOS Y PRODUCTOS DE LA PESCA.",comercio_mayorista,FALSE,GUAYAS,4,100,6.83,93.17,10,-93.17,-93.17,2024
352310,DAKY PESCARFRU S.A.S.,G4630,"G4630.33 - VENTA AL POR MAYOR DE PESCADO, CRUSTÁCEOS, MOLUSCOS Y PRODUCTOS DE LA PESCA.",comercio_mayorista,FALSE,MANABI,2,100,-1842.47,1942.47,47473.55,0,-1970.33,2024
359528,DISTRIBUIDORA-P&P S.A.S.,G4630,"G4630.95 - VENTA AL POR MAYOR DE BEBIDAS ALCOHÓLICAS, INCLUSO EL ENVASADO DE VINO A GRANEL SIN TRANSFORMACIÓN.",comercio_mayorista,FALSE,TUNGURAHUA,6,100,-28367.22,28467.22,63370.57,-28467.22,-28467.22,2024
361342,DISTRILIQUORS S.A.S.,G4630,"G4630.95 - VENTA AL POR MAYOR DE BEBIDAS ALCOHÓLICAS, INCLUSO EL ENVASADO DE VINO A GRANEL SIN TRANSFORMACIÓN.",comercio_mayorista,FALSE,TUNGURAHUA,4,100,-38400.78,38500.78,153647.3,-38500.78,-38500.78,2024
366915,MARINEGOLD ECUADOR S.A.S.,G4630,"G4630.33 - VENTA AL POR MAYOR DE PESCADO, CRUSTÁCEOS, MOLUSCOS Y PRODUCTOS DE LA PESCA.",comercio_mayorista,FALSE,GUAYAS,4,100,-418.38,518.38,3888.08,-518.38,-518.38,2024
368389,DISTRILIQUORS-ROSERO S.A.S.,G4630,"G4630.95 - VENTA AL POR MAYOR DE BEBIDAS ALCOHÓLICAS, INCLUSO EL ENVASADO DE VINO A GRANEL SIN TRANSFORMACIÓN.",comercio_mayorista,FALSE,TUNGURAHUA,4,100,-1898.41,1998.41,59352.06,-1998.41,-1998.41,2024
368692,AMORFINO GOURMET S.A.S.,G4630,"G4630.95 - VENTA AL POR MAYOR DE BEBIDAS ALCOHÓLICAS, INCLUSO EL ENVASADO DE VINO A GRANEL SIN TRANSFORMACIÓN.",comercio_mayorista,FALSE,GUAYAS,4,100,100,0,2011.4,-1517.84,-1517.84,2024
746813,CEPATRI S.A.S.,G4630,G4630.32 - VENTA AL POR MAYOR DE CAMARÓN Y LANGOSTINOS.,comercio_mayorista,FALSE,GUAYAS,4,100,100,0,283.33,0,0,2024
747782,MADI S.A.S.,G4620,G4620.19 - VENTA AL POR MAYOR DE OTRAS MATERIAS PRIMAS AGROPECUARIAS.,comercio_mayorista,FALSE,GUAYAS,2,100,-2794.22,2894.22,8374.53,0,-2894.22,2024
750757,ACQUA PIU S.A.S.,G4630,"G4630.94 - VENTA AL POR MAYOR DE BEBIDAS NO ALCOHÓLICAS (JUGOS, GASEOSAS, AGUA MINERAL, ETCÉTERA).",comercio_mayorista,FALSE,MANABI,2,100,100,0,840,0,0,2024
755774,"COMERCIALIZADORA & LOGÍSTICA ""GLOBAL-PRODUCTIVE"" S.A.S.",G4630,"G4630.33 - VENTA AL POR MAYOR DE PESCADO, CRUSTÁCEOS, MOLUSCOS Y PRODUCTOS DE LA PESCA.",comercio_mayorista,FALSE,EL ORO,4,100,100,0,94530.2,0,0,2024
316298,GOLDBANANABABY CIA.LTDA.,A0122,A0122.01 - CULTIVO DE BANANOS Y PLÁTANOS.,cultivo_fruticola,FALSE,SANTO DOMINGO DE LOS TSACHILAS,4,99.71,99.71,0,4500.19,0,-0.29,2024
326971,EXPOALIMENTARIA S.A.S.,G4620,G4620.11 - VENTA AL POR MAYOR DE CEREALES (GRANOS) Y SEMILLAS.,comercio_mayorista,FALSE,GUAYAS,2,81.09,-7151.36,7232.45,38.95,-1802.32,-1802.32,2024
340727,FRUVER S.A.S.,G4630,"G4630.12 - VENTA AL POR MAYOR DE FRUTAS, LEGUMBRES Y HORTALIZAS.",comercio_mayorista,FALSE,IMBABURA,1,79.05,-5992.64,6071.6900000000005,3344.31,626.2,488.84,2024
322274,PALMERASDELNORTE S.A.S.,A0126,A0126.01 - CULTIVO DE PALMAS DE ACEITE (PALMA AFRICANA).,cultivo_fruticola,FALSE,MANABI,2,69.54,69.54,0,62299.36,0,-105363.9,2024
332281,LOS HAMPTONS S.A.S.,G4630,"G4630.95 - VENTA AL POR MAYOR DE BEBIDAS ALCOHÓLICAS, INCLUSO EL ENVASADO DE VINO A GRANEL SIN TRANSFORMACIÓN.",comercio_mayorista,FALSE,LOJA,2,53.57,53.57,0,363.35,0,53.57,2024
335832,CARNISARIATOS ARTUNY S.A.S.,G4630,G4630.31 - VENTA AL POR MAYOR DE CARNE Y PRODUCTOS CÁRNICOS (INCLUIDAS LAS AVES DE CORRAL).,comercio_mayorista,FALSE,MANABI,4,50,50,0,12916.04,0,0,2024
373165,MARCRUS S.A.S.,G4630,"G4630.33 - VENTA AL POR MAYOR DE PESCADO, CRUSTÁCEOS, MOLUSCOS Y PRODUCTOS DE LA PESCA.",comercio_mayorista,FALSE,PICHINCHA,3,40.01,40.01,0,0.01,0,0.01,2024
327105,HEYMIL S.A.S.,G4630,"G4630.21 - VENTA AL POR MAYOR DE PRODUCTOS LÁCTEOS, INCLUIDO HELADOS, BOLOS, ETCÉTERA.",comercio_mayorista,FALSE,CARCHI,14,25,22,3,37,12,12,2024
341200,GUILLER PEZ S.A.S.,G4630,"G4630.33 - VENTA AL POR MAYOR DE PESCADO, CRUSTÁCEOS, MOLUSCOS Y PRODUCTOS DE LA PESCA.",comercio_mayorista,FALSE,MANABI,2,10,-22907.73,22917.73,30000,0,-24960,2024
364974,MOLINAM&M CARNICOS IMPORTADOS S.A.S.,G4630,G4630.31 - VENTA AL POR MAYOR DE CARNE Y PRODUCTOS CÁRNICOS (INCLUIDAS LAS AVES DE CORRAL).,comercio_mayorista,FALSE,PICHINCHA,1,10,10,0,35,0,0,2024
717578,PETCETERA S.A.,G4630,G4630.97 - VENTA AL POR MAYOR DE ALIMENTO PARA MASCOTAS (ANIMALES DOMÉSTICOS).,comercio_mayorista,FALSE,GUAYAS,2,10,10,0,10,10,10,2024
352182,PULSO ORGANICO S.A.S.,G4630,G4630.99 - VENTA AL POR MAYOR DE OTROS PRODUCTOS COMESTIBLES (ENLATADOS Y CONSERVAS).,comercio_mayorista,FALSE,IMBABURA,4,1.54,-9153.6,9155.140000000001,77879.15,-38375.02,-38375.02,2024
338263,COMMODITIES S.A.S.,G4620,G4620.11 - VENTA AL POR MAYOR DE CEREALES (GRANOS) Y SEMILLAS.,comercio_mayorista,FALSE,ESMERALDAS,2,1,0.39,0.61,1,0,0.39,2024
165618,CARFEY S.A.,G4630,"G4630.14 - VENTA AL POR MAYOR DE CAFÉ, CACAO, TE Y ESPECIAS.",comercio_mayorista,FALSE,CAÑAR,2,0.02,0.01,0.01,0.01,0,0,2024
130843,LATENPICK S.A.,G4630,"G4630.21 - VENTA AL POR MAYOR DE PRODUCTOS LÁCTEOS, INCLUIDO HELADOS, BOLOS, ETCÉTERA.",comercio_mayorista,FALSE,GUAYAS,4,0,50450,-50450,359058.94,256.47,256.47,2024
133888,COMPAÑIA PESQUERA DIJAYMAR DIJAYMARSA S.A.,G4630,"G4630.33 - VENTA AL POR MAYOR DE PESCADO, CRUSTÁCEOS, MOLUSCOS Y PRODUCTOS DE LA PESCA.",comercio_mayorista,FALSE,GUAYAS,2,0,0,0,426803.52,0,-36562.18,2024
332498,MIDWORLD-FRUIT S.A.S.,G4630,"G4630.12 - VENTA AL POR MAYOR DE FRUTAS, LEGUMBRES Y HORTALIZAS.",comercio_mayorista,FALSE,GUAYAS,8,0,-2053.27,2053.27,30,0,25.5,2024
347787,DOGALNUT S.A.S.,C1030,"C1030.11 - ELABORACIÓN DE ALIMENTOS COMPUESTOS (MEZCLA) PRINCIPALMENTE DE FRUTAS LEGUMBRES U HORTALIZAS, EXCEPTO PLATOS PREPARADOS EN FORMA CONGELADA O ENLATADA LISTOS PARA CONSUMIR.",procesamiento,FALSE,GUAYAS,3,0,0,0,5,-1727.64,-1727.64,2024
350558,CHOCOLATES KINDE DEL ECUADOR S.A.S.,C1073,C1073.12 - ELABORACIÓN DE CHOCOLATE Y PRODUCTOS DE CHOCOLATE.,procesamiento,FALSE,PICHINCHA,4,0,-1481.93,1481.93,54.4,0,-1316.31,2024
361238,CACAOROOTS S.A.S.,C1073,C1073.12 - ELABORACIÓN DE CHOCOLATE Y PRODUCTOS DE CHOCOLATE.,procesamiento,FALSE,PICHINCHA,2,0,-1656.31,1656.31,2,0,-2156.31,2024
721010,SANBERNAEXPORT S.A.,G4630,"G4630.12 - VENTA AL POR MAYOR DE FRUTAS, LEGUMBRES Y HORTALIZAS.",comercio_mayorista,FALSE,GUAYAS,3,0,-39901.78,39901.78,210.88,1.88,1.41,2024
739666,DESPENSA ABBA DABBA S.A.S.,G4630,"G4630.12 - VENTA AL POR MAYOR DE FRUTAS, LEGUMBRES Y HORTALIZAS.",comercio_mayorista,FALSE,GUAYAS,2,0,0,0,29607.32,-400,-400,2024
747698,DRAGON HOUSE S.A.S.,A0122,"A0122.09 - OTROS CULTIVOS DE FRUTAS TROPICALES Y SUBTROPICALES: PAPAYAS, BABACOS, CHAMBUROS, AGUACATES, HIGOS, ARAZÁ, GUAYABAS, GUANÁBANA, GUABA, CHIRIMOYA, NARANJILLAS, ZAPOTES, BOROJÓ, TAMARINDO, GRANADILLAS, DÁTILES, ETCÉTERA.",cultivo_fruticola,TRUE,PICHINCHA,17,0,0,0,236960.14,0,0,2024
752081,CACTUSFRUIT S.A.S.,A0122,"A0122.09 - OTROS CULTIVOS DE FRUTAS TROPICALES Y SUBTROPICALES: PAPAYAS, BABACOS, CHAMBUROS, AGUACATES, HIGOS, ARAZÁ, GUAYABAS, GUANÁBANA, GUABA, CHIRIMOYA, NARANJILLAS, ZAPOTES, BOROJÓ, TAMARINDO, GRANADILLAS, DÁTILES, ETCÉTERA.",cultivo_fruticola,TRUE,MORONA SANTIAGO,4,0,-23,23,100,-23,-23,2024
